date,trend_excess,src,aqr_tsmom,proxy_scaled,proxy_raw,pos_stock,pos_bond
1934-02,0.00000000,proxy,,0.00000000,0.00000000,0.0000,0.0000
1934-03,0.00000000,proxy,,0.00000000,0.00000000,0.0000,0.0000
1934-04,0.00000000,proxy,,0.00000000,0.00000000,0.0000,0.0000
1934-05,0.00000000,proxy,,0.00000000,0.00000000,0.0000,0.0000
1934-06,0.00000000,proxy,,0.00000000,0.00000000,0.0000,0.0000
1934-07,0.00000000,proxy,,0.00000000,0.00000000,0.0000,0.0000
1934-08,0.00000000,proxy,,0.00000000,0.00000000,0.0000,0.0000
1934-09,0.00000000,proxy,,0.00000000,0.00000000,0.0000,0.0000
1934-10,0.00000000,proxy,,0.00000000,0.00000000,0.0000,0.0000
1934-11,0.00000000,proxy,,0.00000000,0.00000000,0.0000,0.0000
1934-12,0.00000000,proxy,,0.00000000,0.00000000,0.0000,0.0000
1935-01,0.00000000,proxy,,0.00000000,0.00000000,0.0000,0.0000
1935-02,0.02722650,proxy,,0.02722650,0.01659888,-0.6592,5.0000
1935-03,0.04616184,proxy,,0.04616184,0.02814298,-0.6806,5.0000
1935-04,-0.03054942,proxy,,-0.03054942,-0.01862473,-0.6715,5.0000
1935-05,-0.02826891,proxy,,-0.02826891,-0.01723439,-0.6105,5.0000
1935-06,0.03250028,proxy,,0.03250028,0.01981409,0.5718,5.0000
1935-07,0.03944748,proxy,,0.03944748,0.02404951,0.5780,5.0000
1935-08,0.04647502,proxy,,0.04647502,0.02833391,0.5768,5.0000
1935-09,0.02411913,proxy,,0.02411913,0.01470445,0.5676,5.0000
1935-10,0.02686400,proxy,,0.02686400,0.01637788,0.5811,5.0000
1935-11,0.05983123,proxy,,0.05983123,0.03647665,0.5931,5.0000
1935-12,0.01407796,proxy,,0.01407796,0.00858275,0.5678,5.0000
1936-01,0.04039814,proxy,,0.04039814,0.02462909,0.5799,5.0000
1936-02,0.03627038,proxy,,0.03627038,0.02211256,0.5829,5.0000
1936-03,0.01902054,proxy,,0.01902054,0.01159604,0.5857,5.0000
1936-04,0.00949627,proxy,,0.00949627,0.00578949,0.5971,5.0000
1936-05,-0.01753917,proxy,,-0.01753917,-0.01069291,0.6075,5.0000
1936-06,0.02989319,proxy,,0.02989319,0.01822465,0.5974,5.0000
1936-07,0.03837215,proxy,,0.03837215,0.02339393,0.6038,5.0000
1936-08,0.01909201,proxy,,0.01909201,0.01163961,0.6048,5.0000
1936-09,0.01479136,proxy,,0.01479136,0.00901768,0.6146,5.0000
1936-10,0.03614169,proxy,,0.03614169,0.02203411,0.6244,5.0000
1936-11,0.02380587,proxy,,0.02380587,0.01451346,0.6278,5.0000
1936-12,0.00061139,proxy,,0.00061139,0.00037274,0.6365,5.0000
1937-01,0.02600367,proxy,,0.02600367,0.01585337,0.6410,5.0000
1937-02,0.02965743,proxy,,0.02965743,0.01808092,0.6489,5.0000
1937-03,0.01338137,proxy,,0.01338137,0.00815807,0.6641,5.0000
1937-04,-0.02037171,proxy,,-0.02037171,-0.01241980,0.6856,5.0000
1937-05,-0.01150460,proxy,,-0.01150460,-0.00701388,0.6578,5.0000
1937-06,-0.00838927,proxy,,-0.00838927,-0.00511459,0.7110,5.0000
1937-07,0.04757201,proxy,,0.04757201,0.02900270,0.6958,5.0000
1937-08,0.01968518,proxy,,0.01968518,0.01200124,0.7063,5.0000
1937-09,-0.07055648,proxy,,-0.07055648,-0.04301539,0.7251,5.0000
1937-10,0.08216146,proxy,,0.08216146,0.05009047,-0.6112,5.0000
1937-11,0.04802432,proxy,,0.04802432,0.02927846,-0.5346,5.0000
1937-12,0.01638147,proxy,,0.01638147,0.00998711,-0.5139,5.0000
1938-01,-0.00157195,proxy,,-0.00157195,-0.00095835,-0.5130,5.0000
1938-02,0.02199992,proxy,,0.02199992,0.01341245,-0.5120,5.0000
1938-03,0.03977237,proxy,,0.03977237,0.02424758,-0.5132,5.0000
1938-04,0.02889780,proxy,,0.02889780,0.01761780,-0.5129,5.0000
1938-05,0.00770154,proxy,,0.00770154,0.00469531,-0.5197,5.0000
1938-06,0.00157171,proxy,,0.00157171,0.00095821,-0.5334,5.0000
1938-07,-0.07553242,proxy,,-0.07553242,-0.04604901,-0.5353,5.0000
1938-08,0.01025863,proxy,,0.01025863,0.00625427,-0.4610,5.0000
1938-09,0.02989348,proxy,,0.02989348,0.01822483,-0.4674,5.0000
1938-10,-0.03001626,proxy,,-0.03001626,-0.01829968,-0.4640,5.0000
1938-11,0.01565232,proxy,,0.01565232,0.00954258,0.4463,5.0000
1938-12,0.00433414,proxy,,0.00433414,0.00264234,0.4587,5.0000
1939-01,0.00968501,proxy,,0.00968501,0.00590455,0.4572,5.0000
1939-02,0.01075040,proxy,,0.01075040,0.00655408,0.4614,5.0000
1939-03,0.01346381,proxy,,0.01346381,0.00820833,0.4669,5.0000
1939-04,-0.03455927,proxy,,-0.03455927,-0.02106937,0.4678,5.0000
1939-05,0.02729603,proxy,,0.02729603,0.01664127,0.4445,5.0000
1939-06,0.02025714,proxy,,0.02025714,0.01234995,0.4454,5.0000
1939-07,0.02271800,proxy,,0.02271800,0.01385023,0.4478,5.0000
1939-08,0.00826287,proxy,,0.00826287,0.00503754,0.4526,5.0000
1939-09,-0.02898871,proxy,,-0.02898871,-0.01767323,-0.4534,5.0000
1939-10,0.01673639,proxy,,0.01673639,0.01020349,0.4355,5.0000
1939-11,0.00701176,proxy,,0.00701176,0.00427478,0.4396,5.0000
1939-12,0.00491502,proxy,,0.00491502,0.00299648,0.4409,5.0000
1940-01,0.01147262,proxy,,0.01147262,0.00699438,0.4407,5.0000
1940-02,0.01459761,proxy,,0.01459761,0.00889956,0.4427,5.0000
1940-03,0.01479296,proxy,,0.01479296,0.00901866,0.4447,5.0000
1940-04,0.02044522,proxy,,0.02044522,0.01246461,0.4447,5.0000
1940-05,-0.03386083,proxy,,-0.03386083,-0.02064356,0.4484,5.0000
1940-06,0.04333110,proxy,,0.04333110,0.02641720,-0.4269,5.0000
1940-07,0.00144438,proxy,,0.00144438,0.00088058,-0.4208,5.0000
1940-08,0.00566584,proxy,,0.00566584,0.00345423,-0.4244,5.0000
1940-09,-0.00166967,proxy,,-0.00166967,-0.00101793,-0.4235,5.0000
1940-10,0.00943824,proxy,,0.00943824,0.00575411,-0.4442,5.0000
1940-11,0.00367096,proxy,,0.00367096,0.00223804,-0.4764,5.0000
1940-12,0.02915420,proxy,,0.02915420,0.01777412,-0.4895,5.0000
1941-01,0.01179272,proxy,,0.01179272,0.00718954,-0.4867,5.0000
1941-02,0.01384477,proxy,,0.01384477,0.00844058,-0.4881,5.0000
1941-03,-0.01360333,proxy,,-0.01360333,-0.00829339,-0.4819,5.0000
1941-04,0.00124020,proxy,,0.00124020,0.00075610,-0.4898,5.0000
1941-05,-0.00238280,proxy,,-0.00238280,-0.00145270,-0.4911,5.0000
1941-06,-0.02514406,proxy,,-0.02514406,-0.01532930,-0.4904,5.0000
1941-07,0.01437153,proxy,,0.01437153,0.00876173,0.4890,5.0000
1941-08,-0.00800011,proxy,,-0.00800011,-0.00487734,0.5848,5.0000
1941-09,-0.00408365,proxy,,-0.00408365,-0.00248963,0.5851,5.0000
1941-10,-0.00877238,proxy,,-0.00877238,-0.00534816,0.5911,-5.0000
1941-11,0.02908872,proxy,,0.02908872,0.01773420,-0.6383,-5.0000
1941-12,0.03876461,proxy,,0.03876461,0.02363319,-0.6323,-5.0000
1942-01,-0.00501939,proxy,,-0.00501939,-0.00306012,-0.6218,-5.0000
1942-02,0.00553713,proxy,,0.00553713,0.00337576,-0.6186,-5.0000
1942-03,0.01697029,proxy,,0.01697029,0.01034609,-0.6168,-5.0000
1942-04,0.01016605,proxy,,0.01016605,0.00619782,-0.6097,-5.0000
1942-05,-0.01703806,proxy,,-0.01703806,-0.01038741,-0.6660,-5.0000
1942-06,-0.03837579,proxy,,-0.03837579,-0.02339614,-0.6734,-5.0000
1942-07,-0.03029100,proxy,,-0.03029100,-0.01846718,-0.6587,-5.0000
1942-08,-0.00683039,proxy,,-0.00683039,-0.00416421,-0.6533,-5.0000
1942-09,-0.00184108,proxy,,-0.00184108,-0.00112243,-0.6536,5.0000
1942-10,-0.04006104,proxy,,-0.04006104,-0.02442357,-0.7213,5.0000
1942-11,0.01868827,proxy,,0.01868827,0.01139347,0.6835,5.0000
1942-12,0.01251420,proxy,,0.01251420,0.00762939,0.6814,5.0000
1943-01,0.04306998,proxy,,0.04306998,0.02625800,0.6825,5.0000
1943-02,0.04157384,proxy,,0.04157384,0.02534586,0.6614,5.0000
1943-03,0.02787436,proxy,,0.02787436,0.01699385,0.6437,5.0000
1943-04,0.02649739,proxy,,0.02649739,0.01615437,0.6380,5.0000
1943-05,0.02936562,proxy,,0.02936562,0.01790301,0.6337,5.0000
1943-06,0.01971938,proxy,,0.01971938,0.01202209,0.7302,5.0000
1943-07,0.02271183,proxy,,0.02271183,0.01384647,0.7912,5.0000
1943-08,-0.02295196,proxy,,-0.02295196,-0.01399287,0.7958,5.0000
1943-09,0.02284097,proxy,,0.02284097,0.01392520,0.7719,5.0000
1943-10,0.00347383,proxy,,0.00347383,0.00211785,0.7812,5.0000
1943-11,-0.02021751,proxy,,-0.02021751,-0.01232578,0.7798,5.0000
1943-12,0.01777759,proxy,,0.01777759,0.01083827,0.7637,5.0000
1944-01,0.03006296,proxy,,0.03006296,0.01832815,0.7774,5.0000
1944-02,0.00874535,proxy,,0.00874535,0.00533168,0.7716,5.0000
1944-03,0.03170104,proxy,,0.03170104,0.01932682,0.8072,5.0000
1944-04,0.00159955,proxy,,0.00159955,0.00097518,0.8033,5.0000
1944-05,0.02482232,proxy,,0.02482232,0.01513315,0.8099,5.0000
1944-06,0.04457587,proxy,,0.04457587,0.02717608,0.8161,5.0000
1944-07,0.03018536,proxy,,0.03018536,0.01840277,0.8101,5.0000
1944-08,0.00295007,proxy,,0.00295007,0.00179853,0.8254,5.0000
1944-09,0.00181016,proxy,,0.00181016,0.00110358,0.8217,5.0000
1944-10,0.02933181,proxy,,0.02933181,0.01788240,0.8164,5.0000
1944-11,0.00804592,proxy,,0.00804592,0.00490527,0.8342,5.0000
1944-12,0.02832227,proxy,,0.02832227,0.01726692,0.8615,5.0000
1945-01,0.03561100,proxy,,0.03561100,0.02171056,0.9256,5.0000
1945-02,0.04025896,proxy,,0.04025896,0.02454424,0.9229,5.0000
1945-03,0.01438342,proxy,,0.01438342,0.00876898,0.9422,5.0000
1945-04,0.03583817,proxy,,0.03583817,0.02184906,1.0072,5.0000
1945-05,0.04807849,proxy,,0.04807849,0.02931148,1.0628,5.0000
1945-06,0.03070129,proxy,,0.03070129,0.01871732,1.0556,5.0000
1945-07,-0.00330398,proxy,,-0.00330398,-0.00201430,1.0811,5.0000
1945-08,0.01784539,proxy,,0.01784539,0.01087960,1.0629,5.0000
1945-09,0.07448400,proxy,,0.07448400,0.04540983,1.0673,5.0000
1945-10,0.04929053,proxy,,0.04929053,0.03005042,1.0185,5.0000
1945-11,0.04324764,proxy,,0.04324764,0.02636631,1.0726,5.0000
1945-12,0.02921121,proxy,,0.02921121,0.01780887,1.0679,5.0000
1946-01,0.04919048,proxy,,0.04919048,0.02998942,1.0702,5.0000
1946-02,0.00939701,proxy,,0.00939701,0.00572897,1.1012,5.0000
1946-03,-0.02099392,proxy,,-0.02099392,-0.01279913,1.1433,5.0000
1946-04,0.06557496,proxy,,0.06557496,0.03997836,1.1071,5.0000
1946-05,0.00865551,proxy,,0.00865551,0.00527691,1.0624,5.0000
1946-06,0.00117511,proxy,,0.00117511,0.00071641,1.0733,5.0000
1946-07,-0.01807741,proxy,,-0.01807741,-0.01102105,1.0657,5.0000
1946-08,-0.00956612,proxy,,-0.00956612,-0.00583207,1.0349,5.0000
1946-09,-0.12451709,proxy,,-0.12451709,-0.07591296,1.0884,5.0000
1946-10,0.01657764,proxy,,0.01657764,0.01010671,-0.7748,5.0000
1946-11,0.00478146,proxy,,0.00478146,0.00291506,-0.7700,5.0000
1946-12,-0.01731024,proxy,,-0.01731024,-0.01055334,-0.7914,5.0000
1947-01,-0.00119234,proxy,,-0.00119234,-0.00072692,-0.7877,5.0000
1947-02,-0.02692670,proxy,,-0.02692670,-0.01641610,-0.7928,5.0000
1947-03,0.02458887,proxy,,0.02458887,0.01499082,-0.7867,5.0000
1947-04,0.02178455,proxy,,0.02178455,0.01328115,-0.7717,5.0000
1947-05,0.00947678,proxy,,0.00947678,0.00577760,-0.7617,5.0000
1947-06,-0.02337614,proxy,,-0.02337614,-0.01425147,-0.7589,5.0000
1947-07,-0.04091847,proxy,,-0.04091847,-0.02494631,-0.7654,5.0000
1947-08,0.00986438,proxy,,0.00986438,0.00601391,-0.7447,5.0000
1947-09,0.01334576,proxy,,0.01334576,0.00813636,-0.7430,5.0000
1947-10,0.01769422,proxy,,0.01769422,0.01078744,0.7395,5.0000
1947-11,-0.00522572,proxy,,-0.00522572,-0.00318591,0.7392,5.0000
1947-12,-0.00780859,proxy,,-0.00780859,-0.00476058,0.7383,5.0000
1948-01,-0.00634523,proxy,,-0.00634523,-0.00386843,0.7374,5.0000
1948-02,-0.01854014,proxy,,-0.01854014,-0.01130316,0.7401,5.0000
1948-03,-0.00219166,proxy,,-0.00219166,-0.00133616,-0.7295,5.0000
1948-04,-0.03964124,proxy,,-0.03964124,-0.02416764,-0.7283,5.0000
1948-05,0.03873936,proxy,,0.03873936,0.02361780,0.6973,5.0000
1948-06,0.03427032,proxy,,0.03427032,0.02089321,0.6922,5.0000
1948-07,-0.00278554,proxy,,-0.00278554,-0.00169823,0.6855,5.0000
1948-08,-0.00578961,proxy,,-0.00578961,-0.00352969,0.6846,5.0000
1948-09,0.00414640,proxy,,0.00414640,0.00252789,0.6790,5.0000
1948-10,0.02615749,proxy,,0.02615749,0.01594715,0.7022,5.0000
1948-11,-0.02196307,proxy,,-0.02196307,-0.01338998,0.7076,5.0000
1948-12,0.00663543,proxy,,0.00663543,0.00404535,0.6969,5.0000
1949-01,0.01675389,proxy,,0.01675389,0.01021416,0.6988,5.0000
1949-02,-0.01621471,proxy,,-0.01621471,-0.00988544,0.7079,5.0000
1949-03,0.01169472,proxy,,0.01169472,0.00712979,0.7015,5.0000
1949-04,0.00549268,proxy,,0.00549268,0.00334866,0.7044,5.0000
1949-05,0.00198611,proxy,,0.00198611,0.00121085,0.7331,5.0000
1949-06,0.03371281,proxy,,0.03371281,0.02055332,-0.7334,5.0000
1949-07,-0.03275758,proxy,,-0.03275758,-0.01997095,-0.7190,5.0000
1949-08,-0.01928089,proxy,,-0.01928089,-0.01175476,-0.6983,5.0000
1949-09,0.01420306,proxy,,0.01420306,0.00865902,0.6905,5.0000
1949-10,0.02542254,proxy,,0.02542254,0.01549908,0.8515,5.0000
1949-11,0.01716230,proxy,,0.01716230,0.01046315,0.8516,5.0000
1949-12,0.02606089,proxy,,0.02606089,0.01588826,0.8508,5.0000
1950-01,0.02165359,proxy,,0.02165359,0.01320131,0.8518,5.0000
1950-02,0.01372190,proxy,,0.01372190,0.00836568,0.8485,5.0000
1950-03,0.00571996,proxy,,0.00571996,0.00348722,0.8582,5.0000
1950-04,0.02053953,proxy,,0.02053953,0.01252211,0.8799,5.0000
1950-05,0.02477123,proxy,,0.02477123,0.01510200,0.8946,5.0000
1950-06,0.01194853,proxy,,0.01194853,0.00728453,0.8932,5.0000
1950-07,-0.05337995,proxy,,-0.05337995,-0.03254356,0.9012,5.0000
1950-08,0.04373650,proxy,,0.04373650,0.02666435,0.8699,5.0000
1950-09,0.03096645,proxy,,0.03096645,0.01887897,0.8424,-5.0000
1950-10,0.03548454,proxy,,0.03548454,0.02163347,0.8444,-5.0000
1950-11,0.00531521,proxy,,0.00531521,0.00324047,0.8358,-5.0000
1950-12,0.00413640,proxy,,0.00413640,0.00252179,0.8389,-5.0000
1951-01,0.05799836,proxy,,0.05799836,0.03535922,0.8435,-5.0000
1951-02,0.02692862,proxy,,0.02692862,0.01641727,0.8087,-5.0000
1951-03,-0.00929342,proxy,,-0.00929342,-0.00566582,0.8378,-5.0000
1951-04,0.01153322,proxy,,0.01153322,0.00703133,0.8295,-5.0000
1951-05,0.00305125,proxy,,0.00305125,0.00186022,0.8731,-5.0000
1951-06,-0.00962242,proxy,,-0.00962242,-0.00586640,0.8888,-5.0000
1951-07,0.01567408,proxy,,0.01567408,0.00955584,0.8934,-5.0000
1951-08,0.03546280,proxy,,0.03546280,0.02162022,0.9054,-5.0000
1951-09,0.02214511,proxy,,0.02214511,0.01350096,0.9108,-5.0000
1951-10,-0.00113646,proxy,,-0.00113646,-0.00069285,0.9152,-5.0000
1951-11,-0.01852900,proxy,,-0.01852900,-0.01129637,0.9144,-5.0000
1951-12,0.02664675,proxy,,0.02664675,0.01624543,0.9552,-5.0000
1952-01,0.02894225,proxy,,0.02894225,0.01764490,0.9558,5.0000
1952-02,-0.01199698,proxy,,-0.01199698,-0.00731407,0.9504,5.0000
1952-03,0.00452190,proxy,,0.00452190,0.00275682,0.9751,5.0000
1952-04,0.00001144,proxy,,0.00001144,0.00000698,0.9732,5.0000
1952-05,0.00218414,proxy,,0.00218414,0.00133158,0.9719,5.0000
1952-06,0.02411175,proxy,,0.02411175,0.01469994,0.9753,5.0000
1952-07,0.02878191,proxy,,0.02878191,0.01754715,1.0568,-5.0000
1952-08,0.00767495,proxy,,0.00767495,0.00467910,1.0894,-5.0000
1952-09,-0.01016368,proxy,,-0.01016368,-0.00619638,1.0965,-5.0000
1952-10,-0.01478613,proxy,,-0.01478613,-0.00901450,1.0761,-5.0000
1952-11,0.03122974,proxy,,0.03122974,0.01903949,1.0553,-5.0000
1952-12,0.03852938,proxy,,0.03852938,0.02348978,1.0488,-5.0000
1953-01,0.00881766,proxy,,0.00881766,0.00537577,1.0397,-5.0000
1953-02,-0.02131324,proxy,,-0.02131324,-0.01299381,1.0395,-5.0000
1953-03,0.01992149,proxy,,0.01992149,0.01214531,1.0284,5.0000
1953-04,-0.05699754,proxy,,-0.05699754,-0.03474906,1.0275,5.0000
1953-05,0.08105352,proxy,,0.08105352,0.04941500,0.9711,-5.0000
1953-06,-0.00865573,proxy,,-0.00865573,-0.00527704,0.9804,-5.0000
1953-07,-0.05310162,proxy,,-0.05310162,-0.03237388,0.9514,-5.0000
1953-08,0.01025830,proxy,,0.01025830,0.00625406,1.0600,-5.0000
1953-09,-0.07059413,proxy,,-0.07059413,-0.04303834,1.1194,-5.0000
1953-10,0.04875074,proxy,,0.04875074,0.02972133,-1.0752,5.0000
1953-11,0.02054396,proxy,,0.02054396,0.01252481,1.0915,5.0000
1953-12,0.05175890,proxy,,0.05175890,0.03155528,1.0868,5.0000
1954-01,0.01713075,proxy,,0.01713075,0.01044392,-1.0876,5.0000
1954-02,0.03331630,proxy,,0.03331630,0.02031158,1.1974,4.9474
1954-03,0.06592206,proxy,,0.06592206,0.04018997,1.2214,4.9475
1954-04,0.07620553,proxy,,0.07620553,0.04645938,1.2275,4.8008
1954-05,0.01953666,proxy,,0.01953666,0.01191070,1.1960,4.7238
1954-06,0.01285038,proxy,,0.01285038,0.00783435,1.1678,4.6313
1954-07,0.07517811,proxy,,0.07517811,0.04583301,1.1840,4.6328
1954-08,0.00737768,proxy,,0.00737768,0.00449787,1.1598,4.5583
1954-09,0.02397937,proxy,,0.02397937,0.01461924,1.1915,4.5128
1954-10,0.01379047,proxy,,0.01379047,0.00840748,1.1946,4.5094
1954-11,0.02975955,proxy,,0.02975955,0.01814318,1.1941,4.4781
1954-12,0.04364066,proxy,,0.04364066,0.02660592,1.2111,4.4491
1955-01,-0.00731409,proxy,,-0.00731409,-0.00445910,1.1891,4.4406
1955-02,0.02733529,proxy,,0.02733529,0.01666521,1.2022,4.3335
1955-03,-0.00047333,proxy,,-0.00047333,-0.00028857,1.2154,-4.3198
1955-04,0.05384133,proxy,,0.05384133,0.03282485,1.2050,-4.3138
1955-05,-0.00245482,proxy,,-0.00245482,-0.00149661,1.1990,-4.2702
1955-06,0.06120215,proxy,,0.06120215,0.03731244,1.1941,-4.2707
1955-07,0.10296432,proxy,,0.10296432,0.06277312,1.1490,-4.2692
1955-08,0.01283873,proxy,,0.01283873,0.00782725,1.0779,-4.1480
1955-09,0.03785742,proxy,,0.03785742,0.02308012,1.0698,-4.1135
1955-10,-0.07177745,proxy,,-0.07177745,-0.04375976,1.0744,-4.1142
1955-11,0.05812614,proxy,,0.05812614,0.03543712,1.0121,-4.0462
1955-12,0.02642875,proxy,,0.02642875,0.01611253,0.9761,-4.0459
1956-01,-0.03904582,proxy,,-0.03904582,-0.02380463,0.9841,-4.0057
1956-02,-0.01233204,proxy,,-0.01233204,-0.00751834,0.9558,-3.9831
1956-03,0.08746790,proxy,,0.08746790,0.05332559,0.9654,-3.9657
1956-04,0.06688456,proxy,,0.06688456,0.04077677,0.9304,-3.8615
1956-05,-0.05396267,proxy,,-0.05396267,-0.03289882,0.9969,-3.5916
1956-06,-0.02367141,proxy,,-0.02367141,-0.01443149,0.9579,-3.8141
1956-07,0.07293948,proxy,,0.07293948,0.04446821,0.9925,-3.8153
1956-08,0.05381877,proxy,,0.05381877,0.03281110,0.9751,-3.9529
1956-09,-0.01554369,proxy,,-0.01554369,-0.00947635,0.9674,-3.6557
1956-10,-0.02126352,proxy,,-0.02126352,-0.01296349,0.9856,-3.6953
1956-11,0.03249472,proxy,,0.03249472,0.01981070,0.9700,-4.0474
1956-12,0.03735034,proxy,,0.03735034,0.02277097,0.9568,-3.9143
1957-01,-0.05315111,proxy,,-0.05315111,-0.03240405,0.9566,-3.9739
1957-02,-0.06628917,proxy,,-0.06628917,-0.04041379,0.9345,-3.9556
1957-03,0.00767857,proxy,,0.00767857,0.00468131,-0.8893,-3.8316
1957-04,0.00038980,proxy,,0.00038980,0.00023764,-0.8900,-3.9433
1957-05,0.00282490,proxy,,0.00282490,0.00172223,-0.8982,-4.0351
1957-06,0.06461984,proxy,,0.06461984,0.03939606,0.9009,-3.9909
1957-07,0.04684024,proxy,,0.04684024,0.02855657,0.9011,-3.8166
1957-08,-0.04297160,proxy,,-0.04297160,-0.02619802,0.9108,-3.8888
1957-09,0.02401031,proxy,,0.02401031,0.01463810,-0.8571,-3.8763
1957-10,0.05387207,proxy,,0.05387207,0.03284359,-0.8316,-3.8643
1957-11,-0.05281978,proxy,,-0.05281978,-0.03220205,-0.7881,-3.8638
1957-12,-0.12217417,proxy,,-0.12217417,-0.07448458,-0.7908,-3.4217
1958-01,0.00800212,proxy,,0.00800212,0.00487857,-0.8057,2.5561
1958-02,0.00494775,proxy,,0.00494775,0.00301644,-0.8057,2.5348
1958-03,-0.00024237,proxy,,-0.00024237,-0.00014777,-0.8140,2.5306
1958-04,0.01537516,proxy,,0.01537516,0.00937360,-0.8123,2.5160
1958-05,-0.02733720,proxy,,-0.02733720,-0.01666637,-0.8214,2.4970
1958-06,-0.02304950,proxy,,-0.02304950,-0.01405234,-0.8141,2.4957
1958-07,-0.05670105,proxy,,-0.05670105,-0.03456830,-0.8381,2.4938
1958-08,-0.08143933,proxy,,-0.08143933,-0.04965022,-0.8846,2.4366
1958-09,-0.01100022,proxy,,-0.01100022,-0.00670638,0.8713,2.2927
1958-10,0.02621927,proxy,,0.02621927,0.01598481,0.8850,2.2457
1958-11,0.03410895,proxy,,0.03410895,0.02079482,0.9054,2.2637
1958-12,-0.00129251,proxy,,-0.00129251,-0.00078799,0.9489,2.2538
1959-01,0.05342638,proxy,,0.05342638,0.03257187,0.9467,-2.2461
1959-02,-0.02243895,proxy,,-0.02243895,-0.01368011,0.9465,-2.2350
1959-03,0.02240028,proxy,,0.02240028,0.01365653,0.9393,-2.2341
1959-04,0.03135026,proxy,,0.03135026,0.01911297,0.9944,-2.2464
1959-05,0.03898638,proxy,,0.03898638,0.02376839,0.9932,-2.2870
1959-06,-0.00485912,proxy,,-0.00485912,-0.00296241,1.0156,-2.2823
1959-07,0.04010740,proxy,,0.04010740,0.02445184,1.0138,-2.2965
1959-08,-0.00239474,proxy,,-0.00239474,-0.00145997,1.0367,-2.3052
1959-09,0.00233425,proxy,,0.00233425,0.00142310,1.0363,-2.3588
1959-10,-0.02475708,proxy,,-0.02475708,-0.01509338,1.0255,-2.2995
1959-11,0.00200629,proxy,,0.00200629,0.00122316,1.0307,-2.2652
1959-12,0.04933922,proxy,,0.04933922,0.03008010,1.0356,-2.2859
1960-01,-0.01162819,proxy,,-0.01162819,-0.00708923,1.0266,-2.2714
1960-02,-0.06855971,proxy,,-0.06855971,-0.04179804,1.0294,-2.3047
1960-03,-0.04828652,proxy,,-0.04828652,-0.02943831,1.0346,-2.2521
1960-04,-0.00824681,proxy,,-0.00824681,-0.00502774,-1.0268,-2.1750
1960-05,0.01585800,proxy,,0.01585800,0.00966797,-1.0312,-2.1786
1960-06,-0.00136253,proxy,,-0.00136253,-0.00083068,-1.0470,2.1892
1960-07,0.05926653,proxy,,0.05926653,0.03613237,-1.0311,2.1794
1960-08,0.00574790,proxy,,0.00574790,0.00350426,-1.0194,2.1238
1960-09,0.02821420,proxy,,0.02821420,0.01720104,-1.0898,2.1127
1960-10,0.00633064,proxy,,0.00633064,0.00385953,-1.1102,2.1127
1960-11,-0.03679591,proxy,,-0.03679591,-0.02243295,-1.2186,2.1078
1960-12,-0.00966731,proxy,,-0.00966731,-0.00589376,-1.2279,2.1720
1961-01,-0.04978550,proxy,,-0.04978550,-0.03035218,-1.2241,2.5661
1961-02,0.05381754,proxy,,0.05381754,0.03281034,1.1774,2.5991
1961-03,0.03972267,proxy,,0.03972267,0.02421728,1.1549,2.5914
1961-04,0.02107509,proxy,,0.02107509,0.01284862,1.1480,2.6020
1961-05,0.02526007,proxy,,0.02526007,0.01540003,1.1436,2.6364
1961-06,-0.03922525,proxy,,-0.03922525,-0.02391402,1.1554,2.6180
1961-07,-0.00617215,proxy,,-0.00617215,-0.00376290,1.1453,2.5782
1961-08,0.01635780,proxy,,0.01635780,0.00997268,1.1500,2.6628
1961-09,-0.02178661,proxy,,-0.02178661,-0.01328240,1.1546,-2.8790
1961-10,0.02642422,proxy,,0.02642422,0.01610976,1.1552,2.9813
1961-11,0.04386248,proxy,,0.04386248,0.02674115,1.1832,2.9708
1961-12,-0.01156252,proxy,,-0.01156252,-0.00704919,1.1598,2.9824
1962-01,-0.03436983,proxy,,-0.03436983,-0.02095388,1.1626,-2.9859
1962-02,0.00470669,proxy,,0.00470669,0.00286947,1.1387,-3.0609
1962-03,-0.02423381,proxy,,-0.02423381,-0.01477436,1.1485,-3.0670
1962-04,-0.05091748,proxy,,-0.05091748,-0.03104230,1.1564,-3.0315
1962-05,-0.07205855,proxy,,-0.07205855,-0.04393114,1.1240,3.0655
1962-06,0.08990151,proxy,,0.08990151,0.05480926,-1.0040,3.1912
1962-07,-0.03551775,proxy,,-0.03551775,-0.02165372,-0.8299,3.1867
1962-08,-0.01040929,proxy,,-0.01040929,-0.00634612,-0.8392,3.1605
1962-09,0.00821266,proxy,,0.00821266,0.00500692,-0.8320,3.1655
1962-10,0.03576476,proxy,,0.03576476,0.02180431,-0.8476,3.4283
1962-11,-0.04267950,proxy,,-0.04267950,-0.02601994,-0.8376,3.4915
1962-12,-0.01192629,proxy,,-0.01192629,-0.00727097,-0.7954,3.4941
1963-01,-0.01535886,proxy,,-0.01535886,-0.00936367,-0.7881,3.6551
1963-02,-0.02839403,proxy,,-0.02839403,-0.01731067,-0.7818,3.6768
1963-03,0.00243488,proxy,,0.00243488,0.00148445,-0.7977,3.8204
1963-04,-0.03910983,proxy,,-0.03910983,-0.02384366,-0.8003,4.1394
1963-05,0.02728157,proxy,,0.02728157,0.01663246,0.7868,4.1324
1963-06,-0.01386646,proxy,,-0.01386646,-0.00845381,0.7877,4.1793
1963-07,-0.01525982,proxy,,-0.01525982,-0.00930329,0.7945,4.4430
1963-08,0.02782276,proxy,,0.02782276,0.01696239,0.7986,5.0000
1963-09,-0.00690886,proxy,,-0.00690886,-0.00421205,0.7954,5.0000
1963-10,-0.00587054,proxy,,-0.00587054,-0.00357902,0.8046,5.0000
1963-11,-0.00303632,proxy,,-0.00303632,-0.00185112,0.8112,-5.0000
1963-12,0.01514068,proxy,,0.01514068,0.00923065,0.8145,-5.0000
1964-01,0.03127168,proxy,,0.03127168,0.01906506,0.8155,-5.0000
1964-02,-0.00090226,proxy,,-0.00090226,-0.00055007,0.8290,-5.0000
1964-03,0.03300951,proxy,,0.03300951,0.02012454,0.8403,-5.0000
1964-04,0.01051091,proxy,,0.01051091,0.00640807,0.8454,-5.0000
1964-05,-0.00613229,proxy,,-0.00613229,-0.00373861,0.8492,-5.0000
1964-06,-0.01695897,proxy,,-0.01695897,-0.01033919,0.8493,-5.0000
1964-07,0.02972415,proxy,,0.02972415,0.01812159,0.8514,-5.0000
1964-08,-0.01310300,proxy,,-0.01310300,-0.00798836,0.8432,-5.0000
1964-09,0.01242457,proxy,,0.01242457,0.00757475,0.8473,-5.0000
1964-10,0.00592916,proxy,,0.00592916,0.00361476,0.8481,-5.0000
1964-11,0.02000950,proxy,,0.02000950,0.01219897,0.8473,5.0000
1964-12,-0.02059901,proxy,,-0.02059901,-0.01255837,0.8636,5.0000
1965-01,0.01574138,proxy,,0.01574138,0.00959687,0.8581,5.0000
1965-02,-0.00029887,proxy,,-0.00029887,-0.00018221,0.8740,5.0000
1965-03,0.00130355,proxy,,0.00130355,0.00079472,0.8752,5.0000
1965-04,0.01336896,proxy,,0.01336896,0.00815051,0.8750,5.0000
1965-05,0.00820147,proxy,,0.00820147,0.00500010,0.8919,5.0000
1965-06,-0.03768865,proxy,,-0.03768865,-0.02297722,0.9861,5.0000
1965-07,0.00273431,proxy,,0.00273431,0.00166700,1.2860,5.0000
1965-08,0.00407038,proxy,,0.00407038,0.00248155,1.2857,5.0000
1965-09,0.02335389,proxy,,0.02335389,0.01423791,1.2939,5.0000
1965-10,0.04118474,proxy,,0.04118474,0.02510865,1.2917,-5.0000
1965-11,0.03954675,proxy,,0.03954675,0.02411003,1.3629,-5.0000
1965-12,0.04654790,proxy,,0.04654790,0.02837834,1.5237,-5.0000
1966-01,0.01661560,proxy,,0.01661560,0.01012985,1.5730,-5.0000
1966-02,0.05912753,proxy,,0.05912753,0.03604763,1.6277,-5.0000
1966-03,-0.04407937,proxy,,-0.04407937,-0.02687338,1.6070,-5.0000
1966-04,-0.00445099,proxy,,-0.00445099,-0.00271358,1.4597,-5.0000
1966-05,-0.05827453,proxy,,-0.05827453,-0.03552759,1.5200,-5.0000
1966-06,0.01915370,proxy,,0.01915370,0.01167722,-1.3503,-5.0000
1966-07,0.06123992,proxy,,0.06123992,0.03733546,1.3427,-5.0000
1966-08,0.13005054,proxy,,0.13005054,0.07928648,-1.3560,-5.0000
1966-09,0.02249499,proxy,,0.02249499,0.01371427,-1.2208,-5.0000
1966-10,-0.04378002,proxy,,-0.04378002,-0.02669088,-1.1938,-5.0000
1966-11,-0.00210139,proxy,,-0.00210139,-0.00128113,-1.1903,-4.7575
1966-12,-0.09631420,proxy,,-0.09631420,-0.05871881,-1.1343,-4.5926
1967-01,-0.09816387,proxy,,-0.09816387,-0.05984648,-1.1429,-3.7639
1967-02,-0.04218146,proxy,,-0.04218146,-0.02571631,-1.1322,3.4169
1967-03,-0.00034677,proxy,,-0.00034677,-0.00021141,-1.1119,3.4147
1967-04,-0.02505268,proxy,,-0.02505268,-0.01527359,-1.1081,3.3884
1967-05,-0.07002620,proxy,,-0.07002620,-0.04269210,-1.1068,3.3817
1967-06,0.01974716,proxy,,0.01974716,0.01203903,1.1031,-3.1832
1967-07,0.03962301,proxy,,0.03962301,0.02415652,1.0994,-3.1327
1967-08,0.03493857,proxy,,0.03493857,0.02130061,1.1210,-3.1020
1967-09,0.01359780,proxy,,0.01359780,0.00829002,1.1253,-3.0848
1967-10,0.02988896,proxy,,0.02988896,0.01822207,1.1274,-3.0855
1967-11,0.01781834,proxy,,0.01781834,0.01086311,1.1311,-3.0382
1967-12,0.01343494,proxy,,0.01343494,0.00819073,1.1034,-2.9354
1968-01,-0.03602532,proxy,,-0.03602532,-0.02196316,1.0987,-2.9117
1968-02,-0.03844897,proxy,,-0.03844897,-0.02344076,1.1090,-2.8117
1968-03,0.01252347,proxy,,0.01252347,0.00763505,1.0605,-2.8121
1968-04,-0.08088362,proxy,,-0.08088362,-0.04931142,-1.0526,-2.7775
1968-05,0.05440408,proxy,,0.05440408,0.03316793,0.9675,-2.7418
1968-06,-0.00561081,proxy,,-0.00561081,-0.00342068,0.9641,-2.6801
1968-07,-0.03948003,proxy,,-0.03948003,-0.02406935,0.9979,-2.6189
1968-08,-0.03238099,proxy,,-0.03238099,-0.01974136,0.9975,-2.5165
1968-09,0.03052788,proxy,,0.03052788,0.01861159,0.9891,-2.4979
1968-10,0.03644981,proxy,,0.03644981,0.02222195,0.9908,-2.4979
1968-11,0.02864996,proxy,,0.02864996,0.01746670,0.9901,-2.4882
1968-12,-0.04194511,proxy,,-0.04194511,-0.02557221,0.9886,2.4850
1969-01,-0.03517873,proxy,,-0.03517873,-0.02144703,0.9893,-2.3996
1969-02,0.01566306,proxy,,0.01566306,0.00954912,0.9580,-2.4017
1969-03,-0.00338423,proxy,,-0.00338423,-0.00206323,0.9582,-2.4349
1969-04,-0.00530533,proxy,,-0.00530533,-0.00323444,0.9777,-2.4282
1969-05,0.04567711,proxy,,0.04567711,0.02784746,0.9856,-2.4272
1969-06,-0.01132712,proxy,,-0.01132712,-0.00690568,1.0280,-2.4120
1969-07,0.05795234,proxy,,0.05795234,0.03533116,-0.9743,-2.3640
1969-08,0.00245220,proxy,,0.00245220,0.00149501,-0.9389,-2.3885
1969-09,0.06455639,proxy,,0.06455639,0.03935738,-0.9992,-2.4174
1969-10,-0.01467092,proxy,,-0.01467092,-0.00894426,-1.0267,-2.2402
1969-11,0.00107870,proxy,,0.00107870,0.00065764,-1.0303,-2.2816
1969-12,0.11439710,proxy,,0.11439710,0.06974321,-1.0688,-2.2940
1970-01,0.02763578,proxy,,0.02763578,0.01684840,-1.0048,-2.2820
1970-02,-0.04418789,proxy,,-0.04418789,-0.02693954,-1.0244,-2.4269
1970-03,-0.03267747,proxy,,-0.03267747,-0.01992211,-1.0196,-2.0685
1970-04,0.06380660,proxy,,0.06380660,0.03890027,-1.0255,-2.0477
1970-05,0.15393760,proxy,,0.15393760,0.09384944,-1.0155,-2.0098
1970-06,-0.00341563,proxy,,-0.00341563,-0.00208237,-0.8534,-1.9301
1970-07,-0.04281701,proxy,,-0.04281701,-0.02610377,-0.8538,-1.9205
1970-08,-0.01361208,proxy,,-0.01361208,-0.00829873,-0.8594,-1.8130
1970-09,-0.05653895,proxy,,-0.05653895,-0.03446948,-0.8521,-1.8147
1970-10,-0.02119578,proxy,,-0.02119578,-0.01292220,-0.8158,-1.7949
1970-11,-0.05117590,proxy,,-0.05117590,-0.03119985,-0.8102,-1.7959
1970-12,0.00196027,proxy,,0.00196027,0.00119510,-0.8172,1.6910
1971-01,-0.00770561,proxy,,-0.00770561,-0.00469779,-0.7825,1.6018
1971-02,0.03851786,proxy,,0.03851786,0.02348276,0.7702,1.6041
1971-03,0.05879429,proxy,,0.05879429,0.03584446,0.7750,1.5948
1971-04,0.01187850,proxy,,0.01187850,0.00724183,0.7737,1.5377
1971-05,-0.05829372,proxy,,-0.05829372,-0.03553929,0.8066,1.5371
1971-06,-0.02173884,proxy,,-0.02173884,-0.01325328,0.8087,1.4679
1971-07,-0.02182400,proxy,,-0.02182400,-0.01330520,0.8116,1.4731
1971-08,0.00152501,proxy,,0.00152501,0.00092973,0.8113,1.4828
1971-09,0.05460222,proxy,,0.05460222,0.03328873,0.8127,1.4763
1971-10,0.00443816,proxy,,0.00443816,0.00270576,0.8178,1.4161
1971-11,-0.02008071,proxy,,-0.02008071,-0.01224238,0.8201,1.4060
1971-12,0.03645679,proxy,,0.03645679,0.02222621,0.8060,1.4055
1972-01,0.02591047,proxy,,0.02591047,0.01579655,0.7652,1.4317
1972-02,0.00272566,proxy,,0.00272566,0.00166173,0.7650,1.4317
1972-03,0.01847787,proxy,,0.01847787,0.01126520,0.7628,1.4354
1972-04,0.01393818,proxy,,0.01393818,0.00849754,0.7634,-1.4395
1972-05,-0.01445812,proxy,,-0.01445812,-0.00881452,0.7649,-1.4397
1972-06,0.00555798,proxy,,0.00555798,0.00338847,0.7707,1.4457
1972-07,-0.00309984,proxy,,-0.00309984,-0.00188984,0.7951,1.4651
1972-08,0.01652970,proxy,,0.01652970,0.01007748,0.8152,1.4737
1972-09,-0.03732787,proxy,,-0.03732787,-0.02275727,0.8076,1.4704
1972-10,-0.00800142,proxy,,-0.00800142,-0.00487814,0.8046,-1.5046
1972-11,0.01232647,proxy,,0.01232647,0.00751494,0.8047,-1.5039
1972-12,0.01788874,proxy,,0.01788874,0.01090603,0.7876,-1.4959
1973-01,0.01169304,proxy,,0.01169304,0.00712877,0.8185,-1.5808
1973-02,-0.00992912,proxy,,-0.00992912,-0.00605338,0.8218,-1.5861
1973-03,-0.00670607,proxy,,-0.00670607,-0.00408841,0.8223,-1.6558
1973-04,-0.01902379,proxy,,-0.01902379,-0.01159803,0.8174,-1.6597
1973-05,0.03793208,proxy,,0.03793208,0.02312563,-0.8245,-1.7061
1973-06,0.02493767,proxy,,0.02493767,0.01520347,-0.9996,-1.8112
1973-07,0.01877936,proxy,,0.01877936,0.01144901,-0.9858,-1.8076
1973-08,0.04716527,proxy,,0.04716527,0.02875473,-0.9869,-1.8321
1973-09,-0.04114040,proxy,,-0.04114040,-0.02508161,-0.9782,-1.7913
1973-10,-0.05964746,proxy,,-0.05964746,-0.03636461,-1.0219,-1.7648
1973-11,0.05572048,proxy,,0.05572048,0.03397049,-1.0098,-1.7358
1973-12,0.05801470,proxy,,0.05801470,0.03536918,-0.9169,-1.8457
1974-01,0.02090625,proxy,,0.02090625,0.01274568,-0.8965,-1.9696
1974-02,0.02047741,proxy,,0.02047741,0.01248424,-0.9120,-1.9469
1974-03,-0.00229970,proxy,,-0.00229970,-0.00140203,-0.9205,-1.9628
1974-04,0.07647654,proxy,,0.07647654,0.04662460,-0.9075,-2.0854
1974-05,0.03339941,proxy,,0.03339941,0.02036225,-0.8921,-2.0379
1974-06,-0.00306835,proxy,,-0.00306835,-0.00187065,-0.8833,-2.2607
1974-07,0.12110726,proxy,,0.12110726,0.07383413,-0.8857,-2.2655
1974-08,0.05492935,proxy,,0.05492935,0.03348817,-0.7655,-2.2377
1974-09,0.06748729,proxy,,0.06748729,0.04114423,-0.7571,-2.2384
1974-10,-0.02998568,proxy,,-0.02998568,-0.01828104,-0.7021,-2.5290
1974-11,-0.05106958,proxy,,-0.05106958,-0.03113503,-0.6982,-2.5940
1974-12,0.00151511,proxy,,0.00151511,0.00092370,-0.6968,-2.5459
1975-01,-0.03839885,proxy,,-0.03839885,-0.02341020,-0.7141,-2.4463
1975-02,-0.07518550,proxy,,-0.07518550,-0.04583751,-0.6816,-2.4468
1975-03,0.01931489,proxy,,0.01931489,0.01177549,-0.6260,-2.4245
1975-04,0.05485841,proxy,,0.05485841,0.03344492,-0.6186,-2.3484
1975-05,-0.05636450,proxy,,-0.05636450,-0.03436312,-0.6184,-2.1955
1975-06,-0.04047397,proxy,,-0.04047397,-0.02467532,-0.6002,-2.1626
1975-07,0.01934462,proxy,,0.01934462,0.01179362,0.5971,-2.1114
1975-08,-0.00102849,proxy,,-0.00102849,-0.00062703,0.5970,-2.1044
1975-09,-0.00629420,proxy,,-0.00629420,-0.00383732,0.5868,-2.0600
1975-10,-0.01528292,proxy,,-0.01528292,-0.00931737,0.5869,-2.1148
1975-11,0.02074016,proxy,,0.02074016,0.01264443,0.5782,2.0426
1975-12,-0.01737883,proxy,,-0.01737883,-0.01059516,0.5868,-2.0772
1976-01,0.01025147,proxy,,0.01025147,0.00624990,0.5892,-2.0676
1976-02,0.01584760,proxy,,0.01584760,0.00966163,0.5591,2.0018
1976-03,-0.00904583,proxy,,-0.00904583,-0.00551487,0.5566,-2.0160
1976-04,0.02622131,proxy,,0.02622131,0.01598606,0.5570,2.0086
1976-05,-0.03699942,proxy,,-0.03699942,-0.02255703,0.5576,1.9814
1976-06,0.01027323,proxy,,0.01027323,0.00626317,0.5598,1.9489
1976-07,0.01691856,proxy,,0.01691856,0.01031455,0.5612,1.9449
1976-08,0.00573135,proxy,,0.00573135,0.00349417,0.5597,1.9722
1976-09,0.03342441,proxy,,0.03342441,0.02037749,0.5609,2.0155
1976-10,0.00833326,proxy,,0.00833326,0.00508045,0.5602,2.0462
1976-11,0.01434148,proxy,,0.01434148,0.00874341,0.5610,2.0764
1976-12,0.07004404,proxy,,0.07004404,0.04270298,0.5771,2.0629
1977-01,-0.03839440,proxy,,-0.03839440,-0.02340749,0.5922,1.9344
1977-02,-0.02931805,proxy,,-0.02931805,-0.01787401,0.5920,1.9169
1977-03,-0.00175093,proxy,,-0.00175093,-0.00106747,-0.5928,1.9028
1977-04,0.02148347,proxy,,0.02148347,0.01309759,-0.5980,1.9409
1977-05,-0.00465142,proxy,,-0.00465142,-0.00283578,-0.6083,1.9991
1977-06,0.02154228,proxy,,0.02154228,0.01313344,-0.6131,2.0017
1977-07,-0.00682024,proxy,,-0.00682024,-0.00415802,-0.6131,1.9812
1977-08,0.00906233,proxy,,0.00906233,0.00552493,-0.6828,2.0382
1977-09,0.01915076,proxy,,0.01915076,0.01167543,-0.6910,2.0801
1977-10,-0.00176919,proxy,,-0.00176919,-0.00107860,-0.7738,2.0811
1977-11,-0.00783281,proxy,,-0.00783281,-0.00477534,-0.7649,2.0587
1977-12,-0.00683630,proxy,,-0.00683630,-0.00416781,-0.7690,2.0796
1978-01,0.05469688,proxy,,0.05469688,0.03334644,-0.8141,-2.1073
1978-02,0.01585208,proxy,,0.01585208,0.00966436,-0.8445,-2.0630
1978-03,0.00062852,proxy,,0.00062852,0.00038318,-0.9586,-2.0689
1978-04,-0.02491208,proxy,,-0.02491208,-0.01518787,-0.9872,-2.1489
1978-05,-0.01727987,proxy,,-0.01727987,-0.01053483,-0.9617,-2.3444
1978-06,0.00919423,proxy,,0.00919423,0.00560535,-0.9827,-2.3357
1978-07,0.02461995,proxy,,0.02461995,0.01500977,-0.9914,-2.3730
1978-08,-0.08751498,proxy,,-0.08751498,-0.05335429,-0.9906,-2.3785
1978-09,-0.00268377,proxy,,-0.00268377,-0.00163618,1.0224,-2.4390
1978-10,-0.00139242,proxy,,-0.00139242,-0.00084890,1.0279,-2.4397
1978-11,-0.03061635,proxy,,-0.03061635,-0.01866553,1.0310,-2.4778
1978-12,0.01527280,proxy,,0.01527280,0.00931120,-0.9685,-2.4600
1979-01,0.03855423,proxy,,0.03855423,0.02350493,0.9714,-2.4275
1979-02,-0.01646260,proxy,,-0.01646260,-0.01003657,1.0996,-2.5236
1979-03,0.01715141,proxy,,0.01715141,0.01045651,1.1265,-2.5234
1979-04,0.02331013,proxy,,0.02331013,0.01421123,1.1202,-2.5378
1979-05,-0.01489102,proxy,,-0.01489102,-0.00907844,1.1144,-2.6000
1979-06,-0.06378786,proxy,,-0.06378786,-0.03888884,-1.1007,-2.7153
1979-07,0.01134420,proxy,,0.01134420,0.00691610,1.0946,-2.5688
1979-08,0.04948107,proxy,,0.04948107,0.03016658,1.1054,-2.5739
1979-09,0.03351135,proxy,,0.03351135,0.02043049,-1.0669,-2.5830
1979-10,0.08799538,proxy,,0.08799538,0.05364717,1.0740,-2.5665
1979-11,0.02473562,proxy,,0.02473562,0.01508029,1.0639,-2.0098
1979-12,0.00525260,proxy,,0.00525260,0.00320229,1.0621,-1.9992
1980-01,0.06480661,proxy,,0.06480661,0.03950993,1.0611,-2.1392
1980-02,0.18597619,proxy,,0.18597619,0.11338205,1.0516,-2.1176
1980-03,-0.06155463,proxy,,-0.06155463,-0.03752733,1.0460,-1.4826
1980-04,-0.07082018,proxy,,-0.07082018,-0.04317615,-0.8989,-1.4780
1980-05,-0.10785037,proxy,,-0.10785037,-0.06575194,-0.8954,-1.2293
1980-06,0.02147432,proxy,,0.02147432,0.01309201,0.8768,-1.0595
1980-07,0.05273311,proxy,,0.05273311,0.03214921,0.8384,-1.0483
1980-08,0.06001294,proxy,,0.06001294,0.03658742,0.8224,-1.0391
1980-09,0.03215887,proxy,,0.03215887,0.01960594,0.8243,-1.0065
1980-10,0.02712128,proxy,,0.02712128,0.01653473,0.8261,-1.0046
1980-11,0.06687254,proxy,,0.06687254,0.04076944,0.8330,-1.0044
1980-12,-0.00854692,proxy,,-0.00854692,-0.00521070,0.8247,-0.9742
1981-01,-0.01882416,proxy,,-0.01882416,-0.01147632,0.8176,-0.9742
1981-02,-0.00148780,proxy,,-0.00148780,-0.00090705,0.8343,-0.9689
1981-03,0.01747482,proxy,,0.01747482,0.01065368,0.8156,-0.9580
1981-04,0.02452270,proxy,,0.02452270,0.01495048,0.8121,-0.9573
1981-05,-0.00165263,proxy,,-0.00165263,-0.00100754,0.8234,-0.9510
1981-06,-0.02816960,proxy,,-0.02816960,-0.01717385,0.8314,-0.9488
1981-07,0.01039966,proxy,,0.01039966,0.00634025,0.8307,-0.9261
1981-08,0.02220788,proxy,,0.02220788,0.01353923,0.8195,-0.9112
1981-09,0.08090819,proxy,,0.08090819,0.04932640,-0.8602,-0.9125
1981-10,-0.01100158,proxy,,-0.01100158,-0.00670721,-0.7766,-0.9131
1981-11,-0.08429772,proxy,,-0.08429772,-0.05139286,-0.7856,-0.9083
1981-12,0.00758516,proxy,,0.00758516,0.00462436,-0.8163,-0.7969
1982-01,0.06509975,proxy,,0.06509975,0.03968865,-0.8171,-0.7966
1982-02,0.01195879,proxy,,0.01195879,0.00729078,-0.7973,-0.7870
1982-03,0.00456667,proxy,,0.00456667,0.00278411,-0.7931,-0.7848
1982-04,-0.02941313,proxy,,-0.02941313,-0.01793198,-0.7842,-0.7734
1982-05,0.01208398,proxy,,0.01208398,0.00736711,-0.7702,0.7730
1982-06,0.01857569,proxy,,0.01857569,0.01132484,-0.7752,0.7696
1982-07,-0.00832305,proxy,,-0.00832305,-0.00507422,-0.7503,-0.7706
1982-08,0.03252093,proxy,,0.03252093,0.01982668,-0.7508,0.7650
1982-09,-0.04485752,proxy,,-0.04485752,-0.02734779,-0.7663,0.7419
1982-10,0.00670555,proxy,,0.00670555,0.00408810,-0.6816,0.7278
1982-11,0.03494027,proxy,,0.03494027,0.02130165,0.6570,0.6989
1982-12,0.00544535,proxy,,0.00544535,0.00331981,0.6521,0.6988
1983-01,0.02184687,proxy,,0.02184687,0.01331914,0.6566,0.6998
1983-02,0.00047806,proxy,,0.00047806,0.00029145,0.6544,0.7039
1983-03,0.02671752,proxy,,0.02671752,0.01628858,0.6585,0.7588
1983-04,0.02597863,proxy,,0.02597863,0.01583811,0.7101,0.7620
1983-05,0.02409860,proxy,,0.02409860,0.01469193,0.7109,0.7986
1983-06,-0.01161024,proxy,,-0.01161024,-0.00707829,0.7118,0.8515
1983-07,-0.02002005,proxy,,-0.02002005,-0.01220540,0.7304,0.8510
1983-08,-0.03608341,proxy,,-0.03608341,-0.02199858,0.7398,0.8495
1983-09,0.02535254,proxy,,0.02535254,0.01545640,0.7353,0.8674
1983-10,0.00588464,proxy,,0.00588464,0.00358762,0.7341,0.8714
1983-11,-0.00685765,proxy,,-0.00685765,-0.00418083,0.7371,-0.8731
1983-12,-0.00115028,proxy,,-0.00115028,-0.00070128,0.7424,-0.9056
1984-01,-0.00354304,proxy,,-0.00354304,-0.00216004,0.7460,-0.9066
1984-02,-0.03041989,proxy,,-0.03041989,-0.01854576,0.7471,-0.9070
1984-03,0.01662049,proxy,,0.01662049,0.01013283,0.7358,-0.9245
1984-04,0.01233376,proxy,,0.01233376,0.00751939,-0.7411,-0.9142
1984-05,0.03566485,proxy,,0.03566485,0.02174339,-0.7410,-0.9240
1984-06,0.01953292,proxy,,0.01953292,0.01190842,-0.7455,-0.9087
1984-07,-0.00035392,proxy,,-0.00035392,-0.00021577,-0.7406,-0.9192
1984-08,-0.08098076,proxy,,-0.08098076,-0.04937064,-0.7456,-0.9453
1984-09,-0.01370556,proxy,,-0.01370556,-0.00835572,-0.7037,-0.9501
1984-10,-0.00979040,proxy,,-0.00979040,-0.00596881,-0.7702,-0.9584
1984-11,-0.03163963,proxy,,-0.03163963,-0.01928938,-0.7676,-0.9550
1984-12,0.01479857,proxy,,0.01479857,0.00902208,-0.7691,1.0793
1985-01,0.04345623,aqr,0.04345623,-0.01648627,-0.01005100,-0.7663,1.0884
1985-02,0.03765215,aqr,0.03765215,-0.03737815,-0.02278792,-0.7882,1.1423
1985-03,-0.05196999,aqr,-0.05196999,-0.02317114,-0.01412649,0.7848,1.1393
1985-04,0.03941049,aqr,0.03941049,0.02837077,0.01729650,0.8003,1.1409
1985-05,0.06454396,aqr,0.06454396,0.04869638,0.02968818,0.8103,1.1301
1985-06,0.01304468,aqr,0.01304468,0.05375861,0.03277442,0.8110,1.1096
1985-07,-0.02981620,aqr,-0.02981620,0.00621990,0.00379202,0.8633,1.1181
1985-08,0.06006494,aqr,0.06006494,-0.01566423,-0.00954984,0.8675,1.1157
1985-09,0.01340136,aqr,0.01340136,-0.01684464,-0.01026948,0.8550,1.1598
1985-10,0.01046370,aqr,0.01046370,0.01799543,0.01097108,0.9747,1.1968
1985-11,0.04717054,aqr,0.04717054,0.08903621,0.05428172,1.0745,1.4630
1985-12,0.01651775,aqr,0.01651775,0.08214080,0.05007788,1.0421,1.4464
1986-01,-0.02599400,aqr,-0.02599400,0.00889675,0.00542398,1.0141,1.4010
1986-02,0.08347645,aqr,0.08347645,0.08194411,0.04995796,1.0245,1.4012
1986-03,0.08578082,aqr,0.08578082,0.11811601,0.07201048,0.9932,1.3813
1986-04,0.00542161,aqr,0.00542161,0.05310059,0.03237325,0.9666,1.2599
1986-05,-0.04317123,aqr,-0.04317123,-0.02708877,-0.01651491,0.9745,1.2372
1986-06,0.03684569,aqr,0.03684569,0.01674820,0.01021069,0.9871,1.2016
1986-07,0.04413535,aqr,0.04413535,0.01787703,0.01089889,0.9818,1.2308
1986-08,0.02389558,aqr,0.02389558,0.02505782,0.01527673,0.9680,1.2528
1986-09,-0.04079836,aqr,-0.04079836,-0.04248661,-0.02590234,0.9909,1.2948
1986-10,-0.01212162,aqr,-0.01212162,-0.00062552,-0.00038135,0.9740,1.2673
1986-11,0.03798584,aqr,0.03798584,0.03984626,0.02429263,0.9726,1.2659
1986-12,-0.00319911,aqr,-0.00319911,0.02217465,0.01351897,0.9749,1.2740
1987-01,0.06504340,aqr,0.06504340,0.05370121,0.03273942,0.9792,1.2827
1987-02,0.03963961,aqr,0.03963961,0.03552626,0.02165890,0.9390,1.2809
1987-03,0.03636196,aqr,0.03636196,0.03304206,0.02014439,0.9783,1.2766
1987-04,-0.00754598,aqr,-0.00754598,-0.06463680,-0.03940640,0.9735,1.3182
1987-05,0.01670510,aqr,0.01670510,0.03402936,0.02074631,0.9662,-1.2145
1987-06,-0.00074569,aqr,-0.00074569,0.01572891,0.00958927,0.9710,-1.2215
1987-07,0.04090986,aqr,0.04090986,0.02251206,0.01372468,0.9896,-1.2276
1987-08,0.01033510,aqr,0.01033510,0.06729211,0.04102524,1.0079,-1.2238
1987-09,0.03973976,aqr,0.03973976,0.00891586,0.00543563,1.0557,-1.2256
1987-10,-0.10476670,aqr,-0.10476670,-0.09886873,-0.06027621,1.0084,-1.1626
1987-11,0.04530744,aqr,0.04530744,-0.12661695,-0.07719316,0.7911,-1.1657
1987-12,0.01931651,aqr,0.01931651,0.01509449,0.00920249,-0.6676,-1.1493
1988-01,-0.00140193,aqr,-0.00140193,-0.04287465,-0.02613891,-0.6666,-1.1454
1988-02,0.00569963,aqr,0.00569963,-0.04654215,-0.02837484,-0.6674,-1.1387
1988-03,0.04160840,aqr,0.04160840,-0.00766495,-0.00467300,-0.6747,-1.1264
1988-04,0.00208101,aqr,0.00208101,0.02643935,0.01611899,-0.6751,-1.1350
1988-05,0.03404355,aqr,0.03404355,0.03425842,0.02088595,-0.6726,-1.1259
1988-06,-0.01384575,aqr,-0.01384575,-0.04253967,-0.02593469,-0.6671,-1.1314
1988-07,-0.01742750,aqr,-0.01742750,0.01094858,0.00667490,-0.6572,-1.1706
1988-08,0.01367807,aqr,0.01367807,0.02232094,0.01360816,-0.6562,-1.1703
1988-09,0.02146736,aqr,0.02146736,-0.02642469,-0.01611005,-0.6566,-1.1646
1988-10,0.00561130,aqr,0.00561130,-0.00484541,-0.00295405,-0.6619,1.1587
1988-11,0.00000282,aqr,0.00000282,0.00568466,0.00346570,-0.6594,1.1577
1988-12,0.00434379,aqr,0.00434379,0.00126248,0.00076968,0.6654,1.1726
1989-01,0.06326225,aqr,0.06326225,0.01815501,0.01106837,0.6729,1.1979
1989-02,-0.05051990,aqr,-0.05051990,0.01860351,0.01134180,0.6707,-1.1983
1989-03,0.06014873,aqr,0.06014873,0.00659106,0.00401830,0.6788,-1.2278
1989-04,0.01250812,aqr,0.01250812,0.00251024,0.00153039,0.6912,-1.3703
1989-05,0.02251925,aqr,0.02251925,-0.00551376,-0.00336151,0.6897,-1.4195
1989-06,-0.00394017,aqr,-0.00394017,0.06103171,0.03720853,0.6855,1.4282
1989-07,0.04243985,aqr,0.04243985,0.03192788,0.01946512,0.6853,1.3622
1989-08,0.03299159,aqr,0.03299159,0.01641325,0.01000648,0.6890,1.4044
1989-09,0.01235607,aqr,0.01235607,-0.00666431,-0.00406296,0.6837,1.4073
1989-10,-0.02286335,aqr,-0.02286335,0.01285286,0.00783586,0.6908,1.4215
1989-11,0.02384427,aqr,0.02384427,-0.00217847,-0.00132812,0.6911,1.4150
1989-12,0.05801852,aqr,0.05801852,0.01475667,0.00899653,0.6882,1.4199
1990-01,-0.00522329,aqr,-0.00522329,-0.04421885,-0.02695842,0.6873,1.4255
1990-02,0.00806566,aqr,0.00806566,-0.03678306,-0.02242512,0.6980,1.3986
1990-03,0.04525255,aqr,0.04525255,0.00412978,0.00251776,0.7093,1.3915
1990-04,-0.01978845,aqr,-0.01978845,-0.01641585,-0.01000807,0.7155,1.3899
1990-05,-0.05123833,aqr,-0.05123833,0.02270367,0.01384150,0.7166,1.5085
1990-06,0.01028096,aqr,0.01028096,0.04031598,0.02457900,0.7115,1.5943
1990-07,0.04599716,aqr,0.04599716,-0.00460507,-0.00280752,0.7169,-1.5876
1990-08,0.12016915,aqr,0.12016915,-0.02759149,-0.01682140,0.7203,-1.5880
1990-09,0.05110986,aqr,0.05110986,0.03841218,0.02341833,-0.6990,-1.5891
1990-10,-0.04125690,aqr,-0.04125690,-0.00102626,-0.00062567,-0.6926,-1.7082
1990-11,-0.00516186,aqr,-0.00516186,-0.04802299,-0.02927765,-0.7881,-1.7033
1990-12,0.00996377,aqr,0.00996377,-0.06513176,-0.03970816,-0.9713,-1.8343
1991-01,-0.00374362,aqr,-0.00374362,0.00878282,0.00535453,-0.9610,-1.8033
1991-02,-0.02231376,aqr,-0.02231376,-0.06138093,-0.03742143,-0.9722,1.8474
1991-03,-0.01932291,aqr,-0.01932291,-0.00701223,-0.00427507,0.8421,1.9267
1991-04,0.03319435,aqr,0.03319435,0.02268286,0.01382881,0.8430,1.9030
1991-05,-0.00806580,aqr,-0.00806580,-0.00426047,-0.00259743,0.8462,1.9614
1991-06,0.01305140,aqr,0.01305140,-0.02010664,-0.01225820,0.8564,2.0368
1991-07,-0.03166514,aqr,-0.03166514,0.00741213,0.00451887,0.8802,2.0241
1991-08,0.03511776,aqr,0.03511776,0.06169578,0.03761339,0.8826,2.0360
1991-09,0.02577102,aqr,0.02577102,0.02599502,0.01584810,0.8908,1.9830
1991-10,0.00708518,aqr,0.00708518,0.01508264,0.00919527,0.8884,1.9859
1991-11,0.00125184,aqr,0.00125184,0.01311914,0.00799820,0.8947,1.9922
1991-12,0.07377441,aqr,0.07377441,0.04626948,0.02820860,0.9066,2.0092
1992-01,-0.01724294,aqr,-0.01724294,0.06329063,0.03858570,0.9078,1.9735
1992-02,-0.00118836,aqr,-0.00118836,-0.03674064,-0.02239926,0.8673,1.9741
1992-03,-0.01841422,aqr,-0.01841422,-0.02629995,-0.01603400,0.8680,1.9157
1992-04,0.02628103,aqr,0.02628103,0.01069378,0.00651956,0.8661,1.9174
1992-05,0.00717904,aqr,0.00717904,0.02735586,0.01667775,0.8707,1.9234
1992-06,0.02063787,aqr,0.02063787,0.00785478,0.00478874,0.8781,1.9551
1992-07,0.05315269,aqr,0.05315269,0.06855178,0.04179320,0.8783,2.1186
1992-08,0.04996132,aqr,0.04996132,0.03967801,0.02419005,0.8801,2.0233
1992-09,0.03218556,aqr,0.03218556,0.02579839,0.01572822,0.8956,1.9995
1992-10,-0.00692414,aqr,-0.00692414,-0.02554833,-0.01557577,0.8959,1.9988
1992-11,0.01522890,aqr,0.01522890,-0.00857068,-0.00522519,0.8927,1.9801
1992-12,0.02030862,aqr,0.02030862,0.03839393,0.02340720,0.8969,1.9295
1993-01,0.02578206,aqr,0.02578206,0.02305193,0.01405382,0.8924,1.9252
1993-02,0.05460636,aqr,0.05460636,0.05690712,0.03469394,0.9055,2.0179
1993-03,-0.00543915,aqr,-0.00543915,0.05327904,0.03248204,0.9227,2.0201
1993-04,-0.00738362,aqr,-0.00738362,-0.00656608,-0.00400307,0.9233,2.0093
1993-05,0.02852777,aqr,0.02852777,-0.00059160,-0.00036068,0.9183,2.0612
1993-06,0.01564753,aqr,0.01564753,0.01901362,0.01159182,0.9272,2.0493
1993-07,0.03230124,aqr,0.03230124,0.02159915,0.01316812,0.9325,2.0701
1993-08,0.06334870,aqr,0.06334870,0.03204359,0.01953566,0.9331,2.0698
1993-09,-0.01896294,aqr,-0.01896294,0.05691148,0.03469659,1.0709,2.1686
1993-10,0.04578033,aqr,0.04578033,0.01707949,0.01041266,1.1483,2.1630
1993-11,0.00761579,aqr,0.00761579,-0.05041948,-0.03073869,1.1896,2.1607
1993-12,0.06166884,aqr,0.06166884,0.00370996,0.00226181,1.1901,2.0033
1994-01,0.01035970,aqr,0.01035970,0.02109145,0.01285859,1.2167,2.0213
1994-02,-0.04539086,aqr,-0.04539086,-0.02627702,-0.01602002,1.2305,2.0256
1994-03,-0.06179027,aqr,-0.06179027,-0.08073408,-0.04922025,1.7852,1.9851
1994-04,-0.00786345,aqr,-0.00786345,-0.00432963,-0.00263960,1.7704,-1.8487
1994-05,0.00427032,aqr,0.00427032,0.02689099,0.01639433,1.6439,-1.7184
1994-06,-0.01116996,aqr,-0.01116996,-0.00096979,-0.00059124,1.6516,-1.6977
1994-07,-0.01955859,aqr,-0.01955859,0.00434294,0.00264771,1.6532,-1.7187
1994-08,0.01824082,aqr,0.01824082,0.02736806,0.01668518,1.6405,-1.6975
1994-09,0.02701708,aqr,0.02701708,0.02424678,0.01478226,1.6257,-1.7420
1994-10,0.01513899,aqr,0.01513899,0.01264889,0.00771151,1.6363,-1.7405
1994-11,0.02069452,aqr,0.02069452,0.02769277,0.01688314,-1.6278,-1.7136
1994-12,0.02045060,aqr,0.02045060,0.00193997,0.00118272,-1.6221,-1.7014
1995-01,0.00907453,aqr,0.00907453,-0.03184717,-0.01941591,-1.5974,-1.7401
1995-02,-0.02330265,aqr,-0.02330265,-0.08790301,-0.05359086,-1.9923,-1.7421
1995-03,0.04211193,aqr,0.04211193,0.00353402,0.00215454,1.8986,-1.7394
1995-04,-0.00003522,aqr,-0.00003522,0.02711866,0.01653313,1.9026,-1.7290
1995-05,0.01031023,aqr,0.01031023,0.08917683,0.05436745,1.8515,1.7250
1995-06,0.00952632,aqr,0.00952632,0.08743452,0.05330524,1.8111,1.6628
1995-07,-0.01331820,aqr,-0.01331820,0.03675074,0.02240542,1.8201,1.6015
1995-08,-0.01687040,aqr,-0.01687040,-0.01826691,-0.01113658,1.7732,1.6510
1995-09,0.04423641,aqr,0.04423641,0.07761338,0.04731769,1.7691,1.6525
1995-10,0.02243523,aqr,0.02243523,0.02375350,0.01448153,1.7177,1.6359
1995-11,0.03185661,aqr,0.03185661,0.03980100,0.02426504,1.7618,1.6403
1995-12,0.01695632,aqr,0.01695632,0.06632032,0.04043278,1.7767,1.6697
1996-01,-0.03008462,aqr,-0.03008462,0.00317779,0.00193737,1.7791,1.6599
1996-02,-0.02072471,aqr,-0.02072471,0.06470865,0.03945021,1.7765,1.6692
1996-03,0.02634398,aqr,0.02634398,-0.05315014,-0.03240346,1.6096,1.6990
1996-04,0.04182737,aqr,0.04182737,-0.02432692,-0.01483112,1.6002,1.6410
1996-05,0.00184904,aqr,0.00184904,0.00630583,0.00384440,1.6354,1.6201
1996-06,0.01741660,aqr,0.01741660,-0.00213033,-0.00129878,1.6298,1.6038
1996-07,-0.04464969,aqr,-0.04464969,-0.05784214,-0.03526398,1.6306,-1.6007
1996-08,0.04674880,aqr,0.04674880,0.00877362,0.00534892,1.4918,-1.6124
1996-09,0.08653349,aqr,0.08653349,0.00376283,0.00229404,1.4769,1.5999
1996-10,0.01988423,aqr,0.01988423,0.01370478,0.00835524,1.4745,-1.6434
1996-11,0.07568440,aqr,0.07568440,0.02125341,0.01295733,1.4359,-1.6042
1996-12,0.03095382,aqr,0.03095382,0.01713384,0.01044580,1.3841,-1.6106
1997-01,0.03938147,aqr,0.03938147,0.05725076,0.03490344,1.3847,-1.6076
1997-02,-0.01686671,aqr,-0.01686671,0.02769213,0.01688276,1.3726,-1.5837
1997-03,0.02095657,aqr,0.02095657,0.01195140,0.00728628,1.3518,-1.5867
1997-04,0.02572831,aqr,0.02572831,-0.02562715,-0.01562382,1.3665,-1.6497
1997-05,0.01041248,aqr,0.01041248,0.07773530,0.04739202,1.3584,-1.7226
1997-06,0.03294262,aqr,0.03294262,0.07204469,0.04392269,1.1770,1.7264
1997-07,0.07551189,aqr,0.07551189,0.07984127,0.04867595,1.1496,1.7108
1997-08,-0.04901567,aqr,-0.04901567,-0.00719637,-0.00438733,1.1342,1.7017
1997-09,0.04024879,aqr,0.04024879,0.01777039,0.01083388,1.1281,1.6971
1997-10,-0.00346317,aqr,-0.00346317,0.03175843,0.01936181,1.1299,1.7179
1997-11,0.01764918,aqr,0.01764918,0.00267632,0.00163164,1.1457,1.7468
1997-12,0.05049893,aqr,0.05049893,0.02920243,0.01780352,1.1343,1.7699
1998-01,0.02936972,aqr,0.02936972,0.02875557,0.01753109,1.1612,1.7746
1998-02,0.02492624,aqr,0.02492624,0.05403444,0.03294258,1.1505,1.7529
1998-03,0.04851092,aqr,0.04851092,0.03677958,0.02242300,1.1147,1.7773
1998-04,0.00251388,aqr,0.00251388,0.02891053,0.01762557,1.0951,1.7909
1998-05,0.04745017,aqr,0.04745017,-0.00572589,-0.00349084,1.0942,1.7948
1998-06,0.02962451,aqr,0.02962451,0.01580416,0.00963515,1.0820,1.8768
1998-07,0.04317542,aqr,0.04317542,0.04156227,0.02533881,1.0740,1.9873
1998-08,0.06230520,aqr,0.06230520,-0.04875536,-0.02972414,1.0671,2.0003
1998-09,0.00699565,aqr,0.00699565,0.02913719,0.01776375,0.9344,2.0360
1998-10,-0.01194787,aqr,-0.01194787,0.04139397,0.02523620,0.8807,1.8962
1998-11,0.03062506,aqr,0.03062506,0.04203409,0.02562646,0.8814,1.8673
1998-12,0.03691170,aqr,0.03691170,0.04600905,0.02804983,0.7995,1.7971
1999-01,-0.00301963,aqr,-0.00301963,0.02298588,0.01401355,0.7972,1.8030
1999-02,-0.02640901,aqr,-0.02640901,-0.03402318,-0.02074254,0.7932,1.7965
1999-03,-0.03896646,aqr,-0.03896646,-0.00774619,-0.00472254,0.8014,1.7606
1999-04,-0.00955142,aqr,-0.00955142,0.03256749,0.01985506,0.8052,1.8446
1999-05,0.00312374,aqr,0.00312374,-0.04359990,-0.02658107,0.8048,1.8857
1999-06,-0.02904919,aqr,-0.02904919,-0.04491357,-0.02738196,0.8004,1.8273
1999-07,0.00527036,aqr,0.00527036,0.01349799,0.00822917,0.7948,-1.7647
1999-08,-0.00194346,aqr,-0.00194346,-0.01344629,-0.00819765,0.8187,-1.7613
1999-09,0.00291690,aqr,0.00291690,-0.01008814,-0.00615033,0.7882,-1.7675
1999-10,0.01889952,aqr,0.01889952,0.00814613,0.00496636,0.7824,-1.7875
1999-11,0.05949974,aqr,0.05949974,0.03239297,0.01974866,0.7774,-1.8072
1999-12,0.06709837,aqr,0.06709837,0.04139667,0.02523785,0.7645,-1.8629
2000-01,-0.00276579,aqr,-0.00276579,0.03585730,0.02186073,0.7645,-1.8330
2000-02,0.01933188,aqr,0.01933188,-0.03483516,-0.02123757,0.7623,-1.7989
2000-03,-0.03614941,aqr,-0.03614941,-0.00775117,-0.00472557,0.7531,-1.8026
2000-04,0.01718685,aqr,0.01718685,-0.02435848,-0.01485037,0.7543,-1.8050
2000-05,0.00891383,aqr,0.00891383,0.02618449,0.01596361,0.7755,-1.7945
2000-06,0.01147365,aqr,0.01147365,-0.01804126,-0.01099902,0.8014,-1.7043
2000-07,0.00034158,aqr,0.00034158,-0.00310777,-0.00189468,0.8114,-1.6778
2000-08,0.05163465,aqr,0.05163465,-0.02006977,-0.01223571,0.8270,-1.7084
2000-09,-0.01411058,aqr,-0.01411058,-0.00770431,-0.00469700,0.8279,1.6930
2000-10,0.02764904,aqr,0.02764904,-0.03223869,-0.01965461,0.8215,1.6958
2000-11,0.03926512,aqr,0.03926512,-0.00630069,-0.00384127,0.7837,1.7087
2000-12,-0.01153752,aqr,-0.01153752,0.07589790,0.04627184,-0.7848,1.7187
2001-01,-0.00034124,aqr,-0.00034124,0.00783489,0.00477661,-0.7701,1.6253
2001-02,0.03113511,aqr,0.03113511,0.02253653,0.01373960,-0.7703,1.6513
2001-03,0.06122411,aqr,0.06122411,0.08353607,0.05092851,-0.7859,1.6513
2001-04,-0.06439161,aqr,-0.06439161,-0.02568069,-0.01565646,-0.7329,1.6396
2001-05,0.00442573,aqr,0.00442573,-0.06329323,-0.03858728,-0.7389,1.6090
2001-06,0.02196104,aqr,0.02196104,0.02855628,0.01740959,-0.7123,1.5840
2001-07,0.00584590,aqr,0.00584590,0.02307355,0.01406700,-0.7077,1.5866
2001-08,0.03924847,aqr,0.03924847,0.04273126,0.02605149,-0.7124,1.5862
2001-09,0.08824172,aqr,0.08824172,0.09610291,0.05859000,-0.7436,1.5619
2001-10,0.04979908,aqr,0.04979908,0.00289869,0.00176721,-0.6812,1.6505
2001-11,-0.05665007,aqr,-0.05665007,-0.03289592,-0.02005529,-0.6768,1.6719
2001-12,-0.00388544,aqr,-0.00388544,-0.05216473,-0.03180269,-0.7297,1.7155
2002-01,0.01196356,aqr,0.01196356,0.01170974,0.00713895,-0.7387,1.6493
2002-02,0.00463256,aqr,0.00463256,0.03911095,0.02384434,-0.7565,1.6482
2002-03,-0.05552704,aqr,-0.05552704,-0.06457757,-0.03937029,-0.7501,1.6739
2002-04,0.01473569,aqr,0.01473569,0.01098295,0.00669586,-0.7373,-1.6449
2002-05,0.02894479,aqr,0.02894479,0.02717741,0.01656895,-0.7444,1.6420
2002-06,0.06052265,aqr,0.06052265,0.06569307,0.04005037,-0.7410,1.7000
2002-07,0.05413757,aqr,0.05413757,0.09988812,0.06089769,-0.7230,1.7406
2002-08,0.02441916,aqr,0.02441916,0.04154846,0.02533039,-0.6835,1.7053
2002-09,0.07095871,aqr,0.07095871,0.07366465,0.04491032,-0.6853,1.6533
2002-10,-0.03070241,aqr,-0.03070241,0.00335416,0.00204490,-0.6782,1.5952
2002-11,-0.00906947,aqr,-0.00906947,-0.04529208,-0.02761272,-0.6783,1.6128
2002-12,0.09394986,aqr,0.09394986,0.01155839,0.00704668,-0.6800,1.6016
2003-01,0.05886153,aqr,0.05886153,0.00282162,0.00172022,-0.6874,1.6396
2003-02,0.05158646,aqr,0.05158646,0.05735672,0.03496804,-0.6872,1.7216
2003-03,-0.02521419,aqr,-0.02521419,0.00689482,0.00420349,-0.6747,1.7183
2003-04,-0.00046113,aqr,-0.00046113,-0.04325646,-0.02637169,-0.6839,1.7318
2003-05,0.06384687,aqr,0.06384687,0.02066387,0.01259791,-0.6642,1.7258
2003-06,-0.02482413,aqr,-0.02482413,0.00292389,0.00178258,-0.6462,1.7935
2003-07,-0.06423387,aqr,-0.06423387,-0.07780464,-0.04743430,-0.6327,1.8040
2003-08,-0.02037039,aqr,-0.02037039,-0.04526900,-0.02759865,0.6325,1.5465
2003-09,0.05992209,aqr,0.05992209,0.03678484,0.02242621,0.6333,1.4618
2003-10,0.03535073,aqr,0.03535073,0.00861912,0.00525472,0.6263,-1.4543
2003-11,0.01791862,aqr,0.01791862,0.00349653,0.00213169,0.6326,-1.4536
2003-12,0.07439124,aqr,0.07439124,0.02168719,0.01322179,0.6312,1.4538
2004-01,0.00837934,aqr,0.00837934,0.04055093,0.02472224,0.6301,1.5081
2004-02,0.05899062,aqr,0.05899062,0.01549507,0.00944671,0.6187,1.5045
2004-03,0.00383357,aqr,0.00383357,0.02011681,0.01226439,0.6200,1.5036
2004-04,-0.04422390,aqr,-0.04422390,-0.04298878,-0.02620849,0.6565,1.4926
2004-05,-0.01349772,aqr,-0.01349772,0.01626490,0.00991604,0.6561,-1.4227
2004-06,-0.01660189,aqr,-0.01660189,0.01271662,0.00775280,0.6754,-1.4024
2004-07,-0.00396169,aqr,-0.00396169,-0.03722978,-0.02269747,0.6739,-1.4040
2004-08,0.00372468,aqr,0.00372468,-0.03138046,-0.01913138,0.6754,-1.3907
2004-09,0.05848356,aqr,0.05848356,0.03127337,0.01906609,0.6770,1.3940
2004-10,0.01430636,aqr,0.01430636,0.00496248,0.00302542,0.7549,1.4009
2004-11,0.05400912,aqr,0.05400912,0.02278672,0.01389213,0.7603,1.4060
2004-12,0.00435796,aqr,0.00435796,0.01433721,0.00874081,0.7619,1.4052
2005-01,0.02330565,aqr,0.02330565,-0.00647861,-0.00394974,0.7588,1.4661
2005-02,-0.00946835,aqr,-0.00946835,0.01600856,0.00975976,0.7569,1.4662
2005-03,0.00603960,aqr,0.00603960,-0.03272269,-0.01994968,0.7662,1.4700
2005-04,-0.03699944,aqr,-0.03699944,-0.03409263,-0.02078488,0.7817,-1.4724
2005-05,0.02540828,aqr,0.02540828,0.02815368,0.01716415,0.7872,1.4680
2005-06,0.05548986,aqr,0.05548986,0.02763625,0.01684869,0.7953,1.4596
2005-07,0.00706364,aqr,0.00706364,-0.00570105,-0.00347569,0.8312,1.4699
2005-08,0.02363198,aqr,0.02363198,-0.00635743,-0.00387586,1.0007,1.4766
2005-09,0.01621772,aqr,0.01621772,0.00693176,0.00422601,0.9995,1.5264
2005-10,-0.02274584,aqr,-0.02274584,-0.05121925,-0.03122627,1.0597,1.5907
2005-11,0.03946532,aqr,0.03946532,0.03851497,0.02348100,1.0424,-1.5630
2005-12,0.02208975,aqr,0.02208975,0.00844559,0.00514893,1.0898,-1.5642
2006-01,0.03589152,aqr,0.03589152,0.00456201,0.00278127,1.0975,-1.5631
2006-02,-0.00557429,aqr,-0.00557429,0.01160905,0.00707756,1.1013,-1.5625
2006-03,0.04514452,aqr,0.04514452,0.02637512,0.01607983,1.2516,-1.5645
2006-04,0.01248931,aqr,0.01248931,0.03081758,0.01878821,1.2515,-1.5613
2006-05,-0.02991010,aqr,-0.02991010,-0.00130756,-0.00079717,1.3077,-1.5413
2006-06,0.00115791,aqr,0.00115791,-0.03503533,-0.02135960,1.3614,-1.6209
2006-07,-0.00705099,aqr,-0.00705099,0.00122136,0.00074461,1.4000,-1.6633
2006-08,-0.01412093,aqr,-0.01412093,-0.00387511,-0.00236250,1.3996,-1.8874
2006-09,0.01448650,aqr,0.01448650,0.00377792,0.00230324,1.3964,-2.0014
2006-10,0.01781337,aqr,0.01781337,0.03866715,0.02357377,1.4135,-2.0199
2006-11,0.00776427,aqr,0.00776427,0.00143856,0.00087703,1.3912,-2.0197
2006-12,0.03702916,aqr,0.03702916,0.01501637,0.00915487,1.3884,-2.0076
2007-01,0.02660787,aqr,0.02660787,0.02945318,0.01795640,1.4073,-2.0096
2007-02,-0.03372103,aqr,-0.03372103,0.00967309,0.00589729,1.4989,-1.9949
2007-03,0.02119615,aqr,0.02119615,-0.05587700,-0.03406591,1.4978,-2.0032
2007-04,0.05035215,aqr,0.05035215,0.02768506,0.01687844,1.4603,2.0570
2007-05,0.02254485,aqr,0.02254485,0.02568783,0.01566082,1.4099,2.2977
2007-06,0.02374321,aqr,0.02374321,-0.05430165,-0.03310549,1.4371,2.4497
2007-07,-0.05535004,aqr,-0.05535004,0.01777917,0.01083923,1.4555,2.2865
2007-08,-0.02278989,aqr,-0.02278989,-0.00595452,-0.00363022,1.5045,2.3664
2007-09,0.04111620,aqr,0.04111620,0.05441257,0.03317311,1.3878,2.3078
2007-10,0.04963801,aqr,0.04963801,0.03001514,0.01829900,1.3865,2.3196
2007-11,-0.02333388,aqr,-0.02333388,0.00177222,0.00108045,1.3719,2.3244
2007-12,0.03579707,aqr,0.03579707,0.01887978,0.01151023,1.3054,2.1509
2008-01,-0.03237846,aqr,-0.03237846,-0.02074777,-0.01264906,1.3212,2.1489
2008-02,0.09398097,aqr,0.09398097,0.01852350,0.01129302,-1.1660,2.0199
2008-03,-0.02744171,aqr,-0.02744171,0.06060298,0.03694715,-1.1595,2.0221
2008-04,-0.02167009,aqr,-0.02167009,-0.05931792,-0.03616370,-1.1384,2.0771
2008-05,0.00096223,aqr,0.00096223,-0.04685729,-0.02856697,-1.1209,2.0668
2008-06,0.07902485,aqr,0.07902485,0.01297968,0.00791318,-1.1118,2.0666
2008-07,-0.03463644,aqr,-0.03463644,0.07014709,0.04276580,-1.0712,2.0462
2008-08,-0.03543018,aqr,-0.03543018,0.00371276,0.00226352,-1.0020,2.0651
2008-09,-0.01501684,aqr,-0.01501684,0.07157181,0.04363440,-0.9954,2.0555
2008-10,0.08946915,aqr,0.08946915,0.14662973,0.08939413,-0.9577,2.0186
2008-11,0.08048424,aqr,0.08048424,0.08993907,0.05483216,-0.6467,2.0737
2008-12,0.06119057,aqr,0.06119057,0.16701336,0.10182119,-0.6284,2.0066
2009-01,0.00271575,aqr,0.00271575,-0.00172307,-0.00105049,-0.6316,1.3417
2009-02,0.02517178,aqr,0.02517178,0.00416045,0.00253645,-0.6336,1.3358
2009-03,-0.02197187,aqr,-0.02197187,0.03601894,0.02195927,-0.6212,1.3043
2009-04,-0.04459629,aqr,-0.04459629,-0.06994893,-0.04264499,-0.6161,1.3147
2009-05,-0.07372198,aqr,-0.07372198,-0.06086107,-0.03710450,-0.5556,1.3349
2009-06,0.01489807,aqr,0.01489807,-0.04755432,-0.02899192,-0.5396,1.3001
2009-07,-0.03400498,aqr,-0.03400498,0.01110791,0.00677203,-0.5375,1.2520
2009-08,0.01921907,aqr,0.01921907,-0.03531795,-0.02153191,-0.5367,1.2477
2009-09,0.00905631,aqr,0.00905631,0.00375677,0.00229035,-0.5196,1.2519
2009-10,-0.02296739,aqr,-0.02296739,-0.00648302,-0.00395243,-0.5172,1.2474
2009-11,0.04336352,aqr,0.04336352,0.01084149,0.00660961,0.5185,1.2482
2009-12,-0.01488124,aqr,-0.01488124,-0.00383243,-0.00233648,0.5180,1.2491
2010-01,-0.04645558,aqr,-0.04645558,0.01443904,0.00880289,0.5175,-1.2398
2010-02,0.02060177,aqr,0.02060177,-0.01881115,-0.01146839,0.5168,-1.2473
2010-03,0.05196621,aqr,0.05196621,0.02542686,0.01550171,0.5162,-1.2472
2010-04,0.02141386,aqr,0.02141386,0.02398147,0.01462052,0.5084,-1.2489
2010-05,-0.05133257,aqr,-0.05133257,-0.06457366,-0.03936791,0.5078,-1.2518
2010-06,0.01167567,aqr,0.01167567,0.00655732,0.00399773,0.5040,1.2173
2010-07,-0.00878453,aqr,-0.00878453,0.01843262,0.01123761,0.5022,1.2427
2010-08,0.05556437,aqr,0.05556437,0.03318391,0.02023087,0.5023,1.2381
2010-09,0.01158507,aqr,0.01158507,0.02045419,0.01247008,0.5053,1.2340
2010-10,0.02122107,aqr,0.02122107,0.03072505,0.01873180,0.5043,1.2350
2010-11,-0.00694950,aqr,-0.00694950,-0.00702507,-0.00428290,0.5010,1.2358
2010-12,0.04513636,aqr,0.04513636,-0.02770751,-0.01689213,0.5041,1.2381
2011-01,-0.00673551,aqr,-0.00673551,0.00867123,0.00528650,0.5012,1.1727
2011-02,0.04227941,aqr,0.04227941,0.00037735,0.00023005,0.5087,1.1898
2011-03,-0.01645007,aqr,-0.01645007,0.01189327,0.00725084,0.5076,1.1826
2011-04,0.05144489,aqr,0.05144489,0.00788033,0.00480431,0.5093,1.1856
2011-05,-0.01220457,aqr,-0.01220457,0.02948688,0.01797694,0.5118,1.1915
2011-06,-0.02377726,aqr,-0.02377726,0.00121747,0.00074224,0.5128,1.1850
2011-07,0.01884386,aqr,0.01884386,0.01548730,0.00944197,0.5142,1.1928
2011-08,0.02670789,aqr,0.02670789,0.01840496,0.01122075,0.5225,1.1930
2011-09,-0.09370647,aqr,-0.09370647,0.02463128,0.01501668,0.4978,1.1071
2011-10,-0.01818792,aqr,-0.01818792,0.00030965,0.00018878,0.5032,1.0973
2011-11,0.02482769,aqr,0.02482769,0.02199469,0.01340926,0.6301,1.0929
2011-12,0.01449055,aqr,0.01449055,0.01253135,0.00763985,0.6732,1.0997
2012-01,-0.00834351,aqr,-0.00834351,0.02933871,0.01788660,0.6744,1.3813
2012-02,-0.02201044,aqr,-0.02201044,0.02475310,0.01509095,0.6713,1.3862
2012-03,0.00212073,aqr,0.00212073,-0.00247657,-0.00150986,0.7047,1.4350
2012-04,0.03647461,aqr,0.03647461,0.01423195,0.00867663,0.7397,1.4145
2012-05,0.10704271,aqr,0.10704271,0.00735276,0.00448268,0.8250,1.4179
2012-06,-0.06701132,aqr,-0.06701132,0.01349978,0.00823026,0.8306,1.4553
2012-07,0.01753953,aqr,0.01753953,0.03183176,0.01940652,0.8273,1.5359
2012-08,-0.01738521,aqr,-0.01738521,0.00707047,0.00431058,0.8247,1.5403
2012-09,-0.03701619,aqr,-0.03701619,0.01855997,0.01131525,0.8679,1.5199
2012-10,-0.01120298,aqr,-0.01120298,-0.00332863,-0.00202933,0.8709,1.5235
2012-11,-0.00257503,aqr,-0.00257503,-0.00717983,-0.00437724,0.8709,1.5205
2012-12,0.01054999,aqr,0.01054999,0.00891675,0.00543618,0.8566,1.5207
2013-01,0.00796156,aqr,0.00796156,0.01010279,0.00615926,0.8567,1.5353
2013-02,0.01859671,aqr,0.01859671,0.01021735,0.00622910,0.8455,1.5192
2013-03,0.01250043,aqr,0.01250043,0.02333231,0.01422475,0.8601,1.5119
2013-04,0.06094532,aqr,0.06094532,0.03501398,0.02134658,0.8831,1.5140
2013-05,-0.02217601,aqr,-0.02217601,0.01623214,0.00989607,0.8939,1.5147
2013-06,0.00318651,aqr,0.00318651,-0.04834063,-0.02947130,0.9418,1.5541
2013-07,0.03421317,aqr,0.03421317,0.05340025,0.03255594,0.9675,-1.4935
2013-08,-0.00695424,aqr,-0.00695424,0.01610189,0.00981666,0.9658,-1.4690
2013-09,-0.01471860,aqr,-0.01471860,0.01405884,0.00857110,0.9642,-1.4971
2013-10,0.02517964,aqr,0.02517964,-0.00629679,-0.00383889,0.9701,-1.4966
2013-11,0.03638620,aqr,0.03638620,0.03910908,0.02384320,0.9856,-1.4859
2013-12,0.01650278,aqr,0.01650278,0.02844736,0.01734319,0.9775,-1.5018
2014-01,-0.04656822,aqr,-0.04656822,0.00013491,0.00008225,0.9866,-1.6126
2014-02,-0.00921154,aqr,-0.00921154,-0.02141747,-0.01305735,0.9945,-1.6175
2014-03,0.01158580,aqr,0.01158580,0.02046846,0.01247878,0.9984,-1.6274
2014-04,-0.00109682,aqr,-0.00109682,-0.00251766,-0.00153492,1.0029,-1.6398
2014-05,-0.00226582,aqr,-0.00226582,-0.00803025,-0.00489571,1.0031,-1.6417
2014-06,0.02318112,aqr,0.02318112,0.02818188,0.01718134,1.0033,-1.6743
2014-07,-0.00626538,aqr,-0.00626538,0.00253326,0.00154442,1.0399,-1.6882
2014-08,0.03413602,aqr,0.03413602,0.01381150,0.00842031,1.0457,1.6866
2014-09,0.03963126,aqr,0.03963126,0.00841677,0.00513136,1.4785,2.1011
2014-10,0.00827955,aqr,0.00827955,0.00836860,0.00510199,1.5110,2.2379
2014-11,0.08466502,aqr,0.08466502,0.06543264,0.03989159,1.4272,2.1925
2014-12,0.04590705,aqr,0.04590705,0.02996023,0.01826553,1.3509,2.2224
2015-01,0.12964840,aqr,0.12964840,0.04484921,0.02734272,1.3470,2.2008
2015-02,-0.02558933,aqr,-0.02558933,0.01902830,0.01160077,1.3629,2.0569
2015-03,0.05861726,aqr,0.05861726,-0.00564687,-0.00344266,1.3870,2.0442
2015-04,-0.06584542,aqr,-0.06584542,0.02829995,0.01725332,1.3899,2.0883
2015-05,0.01386452,aqr,0.01386452,-0.02572120,-0.01568116,1.3974,2.0935
2015-06,-0.05775239,aqr,-0.05775239,-0.02644303,-0.01612123,1.4984,2.0922
2015-07,0.08739294,aqr,0.08739294,0.00851049,0.00518850,1.5170,2.1144
2015-08,-0.01784618,aqr,-0.01784618,-0.00358161,-0.00218356,1.5165,2.1242
2015-09,0.03058240,aqr,0.03058240,-0.05111467,-0.03116252,1.4634,2.1147
2015-10,-0.00667565,aqr,-0.00667565,-0.02862968,-0.01745434,-1.3352,2.1160
2015-11,0.04294551,aqr,0.04294551,0.00522278,0.00318411,1.3018,2.1020
2015-12,-0.00368723,aqr,-0.00368723,-0.00629250,-0.00383628,1.3550,2.0779
2016-01,0.02850130,aqr,0.02850130,-0.04476798,-0.02729320,1.3356,2.0813
2016-02,0.01698151,aqr,0.01698151,0.05655333,0.03447824,-1.1833,2.0947
2016-03,-0.05238772,aqr,-0.05238772,-0.07574050,-0.04617588,-1.1833,1.9922
2016-04,-0.04822053,aqr,-0.04822053,-0.01178624,-0.00718558,-1.1166,1.9766
2016-05,0.01170662,aqr,0.01170662,-0.00076254,-0.00046489,1.1093,2.0125
2016-06,0.07081734,aqr,0.07081734,0.01854750,0.01130765,-1.1374,2.0479
2016-07,-0.00851802,aqr,-0.00851802,0.05619873,0.03426206,1.1472,2.2021
2016-08,-0.01695809,aqr,-0.01695809,0.00246315,0.00150168,1.1469,2.3193
2016-09,0.01319622,aqr,0.01319622,-0.01472807,-0.00897910,1.1478,2.3587
2016-10,-0.03460495,aqr,-0.03460495,-0.02562099,-0.01562006,1.1433,2.3523
2016-11,-0.04936367,aqr,-0.04936367,-0.05196774,-0.03168260,1.1427,2.3487
2016-12,-0.04048094,aqr,-0.04048094,-0.01351723,-0.00824090,1.1667,2.1237
2017-01,0.00443368,aqr,0.00443368,0.00167693,0.00102236,1.1428,-2.0097
2017-02,0.03952804,aqr,0.03952804,0.01965653,0.01198378,1.1420,-2.0087
2017-03,-0.01719814,aqr,-0.01719814,0.02203744,0.01343532,1.1373,-2.0309
2017-04,-0.02446732,aqr,-0.02446732,-0.03087295,-0.01882197,1.1441,-2.0259
2017-05,0.00551671,aqr,0.00551671,0.01319173,0.00804246,1.1423,-1.9960
2017-06,-0.01083569,aqr,-0.01083569,-0.00218602,-0.00133273,1.1420,-2.0179
2017-07,-0.00146636,aqr,-0.00146636,0.02585624,0.01576349,1.1542,-2.0102
2017-08,-0.00333138,aqr,-0.00333138,-0.01615187,-0.00984713,1.1554,-1.9913
2017-09,0.02147681,aqr,0.02147681,0.01182023,0.00720631,1.1582,-1.9959
2017-10,0.02415934,aqr,0.02415934,0.04682094,0.02854480,1.1592,-2.0089
2017-11,-0.01383273,aqr,-0.01383273,0.01130507,0.00689224,1.1839,-2.0362
2017-12,0.04298821,aqr,0.04298821,0.03436175,0.02094895,1.2526,-2.0368
2018-01,0.01675789,aqr,0.01675789,0.02349688,0.01432508,1.2408,2.0520
2018-02,-0.05469850,aqr,-0.05469850,-0.07084982,-0.04319422,1.2102,2.1693
2018-03,-0.01341589,aqr,-0.01341589,-0.00543703,-0.00331473,1.1753,-2.0948
2018-04,0.00961425,aqr,0.00961425,-0.01460114,-0.00890172,1.1747,-2.0945
2018-05,-0.02109097,aqr,-0.02109097,0.03130550,0.01908568,1.1561,-2.1145
2018-06,-0.00048512,aqr,-0.00048512,0.00676683,0.00412546,1.1537,-2.1768
2018-07,-0.00279891,aqr,-0.00279891,0.00887369,0.00540992,1.1550,-2.1939
2018-08,0.02737727,aqr,0.02737727,0.02030794,0.01238092,1.1569,-2.1981
2018-09,-0.01471952,aqr,-0.01471952,0.03060315,0.01865748,1.1841,-2.2418
2018-10,-0.00536102,aqr,-0.00536102,-0.02050080,-0.01249850,1.2842,-2.2308
2018-11,-0.02571674,aqr,-0.02571674,-0.02887287,-0.01760260,1.2301,-2.2346
2018-12,-0.00692242,aqr,-0.00692242,-0.10482412,-0.06390696,1.2111,-2.2682
2019-01,-0.06062198,aqr,-0.06062198,-0.03303989,-0.02014306,-1.1092,-2.1483
2019-02,-0.00476533,aqr,-0.00476533,-0.06304635,-0.03843677,-1.2525,-2.1673
2019-03,0.05794094,aqr,0.05794094,0.03611281,0.02201650,1.1962,2.3412
2019-04,-0.00304742,aqr,-0.00304742,0.04408489,0.02687675,1.2825,2.3299
2019-05,0.05720179,aqr,0.05720179,0.00425601,0.00259471,1.2718,2.3441
2019-06,-0.00376563,aqr,-0.00376563,0.07034166,0.04288442,1.2527,2.3137
2019-07,0.02647708,aqr,0.02647708,0.10807329,0.06588785,1.2525,2.1894
2019-08,0.10158397,aqr,0.10158397,-0.03441680,-0.02098251,1.2465,1.9878
2019-09,-0.05760481,aqr,-0.05760481,0.01776093,0.01082811,1.1923,1.9912
2019-10,-0.03896842,aqr,-0.03896842,-0.00313882,-0.00191361,1.1865,1.9890
2019-11,-0.00135884,aqr,-0.00135884,0.02709434,0.01651831,1.1893,2.0062
2019-12,-0.02856699,aqr,-0.02856699,0.01468001,0.00894980,1.1604,2.1643
2020-01,0.01665579,aqr,0.01665579,0.04910483,0.02993720,1.1777,2.3421
2020-02,0.01259414,aqr,0.01259414,0.04631230,0.02823471,1.1654,2.3360
2020-03,0.09128031,aqr,0.09128031,-0.07193094,-0.04385334,1.1685,2.2437
2020-04,-0.01331757,aqr,-0.01331757,0.00623515,0.00380131,-0.7018,1.8196
2020-05,-0.04342152,aqr,-0.04342152,-0.03422436,-0.02086519,-0.6939,1.8100
2020-06,-0.01647475,aqr,-0.01647475,0.02832327,0.01726754,0.6795,1.8085
2020-07,-0.02704734,aqr,-0.02704734,0.03525822,0.02149549,0.6632,1.8028
2020-08,-0.02457456,aqr,-0.02457456,0.02811823,0.01714253,0.6599,1.8214
2020-09,-0.02004140,aqr,-0.02004140,-0.00701486,-0.00427667,0.6489,1.8198
2020-10,0.00202724,aqr,0.00202724,-0.00586403,-0.00357506,0.6478,1.8156
2020-11,-0.07488127,aqr,-0.07488127,0.01043087,0.00635927,0.6488,1.8256
2020-12,0.03732880,aqr,0.03732880,0.01497770,0.00913129,0.6450,1.8129
2021-01,-0.00988816,aqr,-0.00988816,-0.00529266,-0.00322672,0.6417,1.8102
2021-02,-0.04527526,aqr,-0.04527526,-0.01061437,-0.00647115,0.6465,1.8151
2021-03,-0.00066568,aqr,-0.00066568,-0.04276436,-0.02607168,0.6533,1.8499
2021-04,0.04418447,aqr,0.04418447,0.03431105,0.02091804,0.6539,-1.7324
2021-05,0.02931435,aqr,0.02931435,-0.00049018,-0.00029884,0.6480,-1.7325
2021-06,-0.03889093,aqr,-0.03889093,-0.00547817,-0.00333981,0.6479,-1.7448
2021-07,-0.03487965,aqr,-0.03487965,-0.01206562,-0.00735591,0.6480,-1.7415
2021-08,0.01311452,aqr,0.01311452,0.00481220,0.00293380,0.6467,-1.7206
2021-09,0.01085246,aqr,0.01085246,0.00988837,0.00602853,0.6468,-1.7218
2021-10,0.06431121,aqr,0.06431121,0.02809023,0.01712546,0.6458,-1.7246
2021-11,-0.11474799,aqr,-0.11474799,0.02127776,0.01297218,0.6591,-1.7042
2021-12,0.05022649,aqr,0.05022649,-0.01195643,-0.00728935,0.6614,-1.7041
2022-01,0.05476143,aqr,0.05476143,0.02436184,0.01485241,0.6892,-1.7408
2022-02,0.03929198,aqr,0.03929198,0.00294920,0.00179801,0.6813,-1.6768
2022-03,0.10142167,aqr,0.10142167,0.01729498,0.01054404,0.6789,-1.6552
2022-04,0.05174516,aqr,0.05174516,0.07035138,0.04289035,0.6760,-1.6338
2022-05,0.00358771,aqr,0.00358771,-0.03066666,-0.01869620,0.6775,-1.4608
2022-06,-0.00364025,aqr,-0.00364025,0.04058682,0.02474412,-0.6414,-1.4615
2022-07,-0.05217947,aqr,-0.05217947,-0.02876610,-0.01753751,-0.6325,-1.4986
2022-08,0.06516294,aqr,0.06516294,-0.03338212,-0.02035171,-0.6353,-1.5665
2022-09,0.04693555,aqr,0.04693555,0.10468542,0.06382240,-0.6321,-1.5662
2022-10,-0.01730935,aqr,-0.01730935,0.06013779,0.03666354,-0.6046,-1.4354
2022-11,-0.06890968,aqr,-0.06890968,-0.03309291,-0.02017539,-0.5985,-1.3849
2022-12,0.01580411,aqr,0.01580411,-0.02348081,-0.01431529,-0.5967,-1.3797
2023-01,-0.06298963,aqr,-0.06298963,-0.01281923,-0.00781536,-0.5970,-1.3515
2023-02,0.02485852,aqr,0.02485852,0.00726210,0.00442740,-0.5992,-1.3537
2023-03,-0.03615782,aqr,-0.03615782,0.00690137,0.00420748,-0.5979,-1.3779
2023-04,0.02901879,aqr,0.02901879,-0.04501877,-0.02744609,-0.8141,-1.6029
2023-05,0.02429858,aqr,0.02429858,0.01134445,0.00691625,-0.8175,-1.6194
2023-06,0.01554002,aqr,0.01554002,0.05235036,0.03191586,0.8380,-1.6206
2023-07,-0.01381004,aqr,-0.01381004,0.04187602,0.02553009,0.8559,-1.6144
2023-08,0.00661389,aqr,0.00661389,0.02049377,0.01249421,0.8559,-1.6352
2023-09,-0.00779894,aqr,-0.00779894,0.01337703,0.00815543,0.8768,-1.6208
2023-10,-0.00390284,aqr,-0.00390284,0.01946335,0.01186600,0.8738,-1.6169
2023-11,0.01089753,aqr,0.01089753,-0.00096968,-0.00059117,0.8560,-1.5755
2023-12,-0.06519429,aqr,-0.06519429,-0.01432899,-0.00873580,0.8544,-1.5129
2024-01,0.02127656,aqr,0.02127656,0.02211668,0.01348363,0.8504,-1.4045
2024-02,0.05528837,aqr,0.05528837,0.04124887,0.02514774,0.8517,-1.4062
2024-03,0.03636227,aqr,0.03636227,0.02067099,0.01260225,0.8452,-1.4084
2024-04,0.01689415,aqr,0.01689415,0.02170302,0.01323144,0.8407,-1.4366
2024-05,0.00411055,aqr,0.00411055,0.00988860,0.00602867,0.8661,-1.4170
2024-06,-0.01699206,aqr,-0.01699206,0.00698485,0.00425838,0.8636,-1.4159
2024-07,-0.02803963,aqr,-0.02803963,0.00897003,0.00546866,0.8584,-1.4117
2024-08,-0.03484591,aqr,-0.03484591,-0.04567692,-0.02784734,0.8629,-1.4399
2024-09,0.00756293,aqr,0.00756293,0.02931805,0.01787401,0.8618,1.3825
2024-10,-0.04585789,aqr,-0.04585789,-0.01579830,-0.00963157,0.8588,1.3696
2024-11,0.02131315,aqr,0.02131315,-0.00839962,-0.00512090,0.8538,1.3485
2024-12,0.00213776,aqr,0.00213776,0.00531296,0.00323909,0.8698,1.3433
2025-01,0.02748280,aqr,0.02748280,0.01528984,0.00932159,0.8695,-1.3535
2025-02,-0.01917188,aqr,-0.01917188,-0.01101905,-0.00671786,0.8752,-1.3616
2025-03,-0.00366512,aqr,-0.00366512,-0.05990868,-0.03652386,0.8898,-1.3457
2025-04,-0.02985466,aqr,-0.02985466,-0.04000293,-0.02438814,0.8431,-1.3353
2025-05,-0.00432241,aqr,-0.00432241,0.03996843,0.02436711,0.8069,1.4352
2025-06,-0.02546996,aqr,-0.02546996,0.02786131,0.01698589,0.8238,1.4353
2025-07,-0.00614585,aqr,-0.00614585,0.02937722,0.01791009,0.8357,-1.4448
2025-08,0.01043856,aqr,0.01043856,-0.00237994,-0.00145095,0.8270,-1.4778
2025-09,0.03112166,aqr,0.03112166,0.00366830,0.00223641,0.8534,-1.4680
2025-10,-0.00497028,aqr,-0.00497028,0.00941227,0.00573827,0.9407,-1.5983
2025-11,0.01674521,aqr,0.01674521,-0.00410534,-0.00250286,0.9722,1.6908
2025-12,0.02782483,aqr,0.02782483,0.00661283,0.00403157,0.9892,1.6962
2026-01,0.04256345,aqr,0.04256345,0.00013888,0.00008467,0.9936,1.7415
2026-02,0.03279018,aqr,0.03279018,0.00431707,0.00263194,0.9935,1.7471
2026-03,0.01878553,aqr,0.01878553,-0.04304542,-0.02624303,0.9905,1.7679
2026-04,0.05154143,aqr,0.05154143,0.02773120,0.01690658,0.9803,1.7683
2026-05,0.00002558,aqr,0.00002558,0.03298365,0.02010877,0.9740,1.7971
2026-06,0.00001152,proxy_tail,,0.00001152,0.00000702,0.9387,-1.7940
2026-07,0.01578552,proxy_tail,,0.01578552,0.00962378,0.9513,-1.8120
