date,stock_twd_nom,bond_twd_nom,usdbill_twd_nom,tw_cpi,usdtwd
1983-11,-0.02744966,-0.01521949,-0.00941823,56.7100,38.7800
1983-12,0.02019453,0.02330205,0.02866110,55.9300,39.6133
1984-01,0.03095475,0.03425088,0.02225951,55.9700,40.2053
1984-02,-0.05037749,0.00082498,0.00790432,56.5400,40.2362
1984-03,0.00050274,-0.02075591,0.00332872,56.6900,40.0785
1984-04,-0.00229559,-0.01410942,0.00019787,56.8000,39.7838
1984-05,-0.00421029,-0.03277363,0.00601212,57.4900,39.7157
1984-06,-0.01530893,0.00643523,0.01107973,57.4400,39.8432
1984-07,-0.01818440,0.01259978,-0.00139365,57.2800,39.4768
1984-08,0.08143067,0.03605241,-0.00176294,57.4900,39.0919
1984-09,0.01581696,0.02341234,0.01005795,57.6900,39.1588
1984-10,-0.00238225,0.03241817,0.00999423,57.4600,39.2263
1984-11,0.01787303,0.04920702,0.01273895,57.1300,39.4195
1984-12,-0.00479607,0.01598061,0.00919265,56.8500,39.5090
1985-01,0.04200499,0.01169180,0.00168118,56.8800,39.3206
1985-02,0.05540869,-0.00036625,0.00388287,57.3300,39.2282
1985-03,0.00324876,-0.00233053,0.01474728,57.3600,39.5440
1985-04,0.01497307,0.03958469,0.01153455,57.0800,39.7285
1985-05,0.03195875,0.04856241,0.01089159,56.9000,39.9060
1985-06,0.02386039,0.04985600,0.00479151,56.8100,39.8569
1985-07,0.02965462,0.00637696,0.01266442,56.8700,40.1363
1985-08,-0.00952946,0.01652354,0.01484524,56.6200,40.5006
1985-09,-0.01970490,0.00529720,0.00487221,57.5600,40.4647
1985-10,0.00820741,0.00978008,-0.00096339,57.5000,40.1953
1985-11,0.05854822,0.03154611,0.00042460,56.7000,39.9813
1985-12,0.05097047,0.03918241,0.00394754,56.1100,39.9060
1986-01,-0.00038178,0.00422012,-0.00216856,56.6400,39.5925
1986-02,0.04754586,0.03023780,-0.00327556,56.8000,39.2388
1986-03,0.05612220,0.06383755,0.00028289,56.7900,39.0274
1986-04,0.01852837,0.03073189,-0.00339511,56.9300,38.6895
1986-05,-0.00102045,-0.02758146,-0.00103307,57.0100,38.4605
1986-06,0.02335335,-0.00741711,-0.00279826,57.1500,38.1626
1986-07,-0.01914630,0.03994656,0.00388507,57.0100,38.1190
1986-08,0.00413482,-0.00340574,-0.01362506,57.3200,37.4225
1986-09,-0.03856588,-0.02746845,-0.00994014,58.7800,36.8847
1986-10,-0.00731801,0.00110592,-0.00221681,58.6500,36.6475
1986-11,0.02942237,0.01287139,-0.00151780,57.8400,36.4382
1986-12,0.00490272,0.00364776,-0.00768699,57.5800,36.0014
1987-01,0.04607608,-0.01150261,-0.01496305,57.4300,35.3040
1987-02,0.05713434,-0.01289781,-0.00265096,57.3100,35.0556
1987-03,0.03261940,-0.00470591,-0.00618848,56.8600,34.6811
1987-04,-0.03300093,-0.06911991,-0.02023371,57.0600,33.8257
1987-05,-0.04183869,-0.07396265,-0.03912501,57.0700,32.3540
1987-06,0.00858138,-0.01456894,-0.03041366,57.1100,31.2264
1987-07,0.02752523,0.00010234,0.00099360,57.7700,31.1141
1987-08,0.03637361,-0.03918945,-0.02197034,58.2400,30.2905
1987-09,-0.03475835,-0.03873213,0.00027118,58.4500,30.1510
1987-10,-0.12188492,-0.00224017,0.00135243,57.9300,30.0361
1987-11,-0.12952449,0.04275942,-0.00248442,58.0900,29.8133
1987-12,-0.04161620,-0.02960409,-0.02417860,58.6900,28.9586
1988-01,0.03057308,0.01658305,-0.00679106,57.7400,28.6278
1988-02,0.03464388,0.03914969,0.00602290,57.5100,28.6650
1988-03,0.03313156,-0.00294946,0.00537308,57.1900,28.6871
1988-04,-0.00854074,-0.01547811,0.00492442,57.2600,28.6955
1988-05,-0.02285180,-0.01738923,0.00377046,57.9100,28.6662
1988-06,0.06212010,0.02054878,0.00707121,58.2600,28.7232
1988-07,-0.00295536,-0.00143733,0.00532122,58.2600,28.7258
1988-08,-0.01826624,-0.00625837,0.00431189,59.0900,28.6935
1988-09,0.02712531,0.03358054,0.01342610,59.2800,28.9139
1988-10,0.03682710,0.01794263,0.00466263,59.7000,28.8800
1988-11,-0.04426392,-0.02746491,-0.01880236,59.3900,28.1700
1988-12,0.02433227,-0.00110027,0.00726907,59.3400,28.1986
1989-01,0.02126962,-0.00465370,-0.00700352,59.3400,27.8206
1989-02,0.02915003,-0.00127925,0.00286954,59.8600,27.7163
1989-03,-0.00608010,-0.00884415,0.00231110,60.0100,27.5915
1989-04,0.01338481,-0.00267112,-0.01460098,60.5400,26.9978
1989-05,-0.00545480,-0.01774712,-0.03816587,60.9900,25.7885
1989-06,0.04336724,0.05531674,0.01591428,60.8300,26.0228
1989-07,0.01986176,0.01620600,-0.00143302,60.5400,25.8164
1989-08,0.04160170,-0.00442686,0.00121094,61.0500,25.6848
1989-09,0.00662939,0.00345952,0.00838983,62.6500,25.7367
1989-10,0.00297988,0.01900063,0.00634133,63.2500,25.7393
1989-11,-0.00705757,0.02755715,0.01747456,61.6200,26.0289
1989-12,0.03172663,0.01283282,0.01042976,61.2000,26.1385
1990-01,-0.02422939,-0.02020558,0.00394830,61.6300,26.0814
1990-02,-0.02390060,-0.00887071,0.00754668,61.5400,26.1175
1990-03,0.03667809,0.00853979,0.01562096,62.0000,26.3612
1990-04,0.00227367,-0.00551362,0.00664266,62.6100,26.3687
1990-05,0.06185799,0.03193363,0.02885036,63.2700,26.9608
1990-06,0.04817620,0.04204314,0.02227664,63.0300,27.3907
1990-07,-0.00662559,-0.00066461,-0.00215169,63.4500,27.1627
1990-08,-0.07423686,-0.00642872,0.01090195,64.5000,27.2913
1990-09,-0.04303080,-0.00135265,0.00639297,66.7400,27.3018
1990-10,-0.02362591,0.01793932,0.00542721,65.3000,27.2880
1990-11,0.02823503,0.02740035,0.00419861,64.0400,27.2449
1990-12,0.04270010,0.02458719,0.00263732,63.9900,27.1619
1991-01,-0.00557139,0.00735772,0.00674217,64.7000,27.1968
1991-02,0.11245820,0.01964544,0.00178920,65.0900,27.1088
1991-03,0.03814277,-0.00342923,0.01232604,64.7700,27.3113
1991-04,0.02340526,0.01225057,0.00559478,65.1900,27.3330
1991-05,-0.00366374,0.00280398,0.00270149,65.4100,27.2816
1991-06,-0.00077969,-0.01139675,0.00018386,65.5700,27.1660
1991-07,0.00097717,0.00072739,-0.00228771,66.0200,26.9817
1991-08,0.01720508,0.02219056,-0.00485059,66.1700,26.7296
1991-09,-0.00939608,0.01708190,-0.00208467,66.2700,26.5587
1991-10,-0.00395677,0.00875951,-0.00153225,66.9200,26.4058
1991-11,-0.01615350,-0.00267594,-0.01230337,67.1200,25.9753
1991-12,0.00092513,0.02067835,-0.00465078,66.4800,25.7586
1992-01,0.04822309,-0.01374944,-0.02037574,67.1400,25.1500
1992-02,-0.01000807,-0.01954566,-0.00093154,67.7300,25.0486
1992-03,0.00402799,0.00659337,0.01747818,67.8200,25.4065
1992-04,-0.00124812,0.00648427,-0.00058784,68.9200,25.3079
1992-05,0.00890293,0.00075670,-0.00850477,69.1500,25.0158
1992-06,-0.02300614,0.00518502,-0.00689927,68.9600,24.7695
1992-07,0.01967331,0.03632462,0.00353856,68.4600,24.7828
1992-08,0.02316852,0.03753629,0.01629065,68.1500,25.1203
1992-09,0.00804817,0.02207750,0.00682614,70.3500,25.2269
1992-10,-0.00982154,-0.00480790,0.00442371,70.3200,25.2780
1992-11,0.03271066,-0.00936026,0.00736878,69.2000,25.4045
1992-12,0.03462391,0.01469766,0.00442647,68.7500,25.4515
1993-01,0.00144913,0.01782169,0.00266029,69.5900,25.4519
1993-02,0.03264435,0.04581068,0.01763803,69.8000,25.8371
1993-03,0.02898811,0.03335651,0.00974993,70.0200,26.0263
1993-04,-0.01490853,0.00419788,0.00090818,70.8300,25.9869
1993-05,0.00690092,-0.00051358,0.00201363,70.5900,25.9779
1993-06,0.01986378,0.02216737,0.01357416,71.9600,26.2666
1993-07,0.01643826,0.03218022,0.01838150,70.7100,26.6821
1993-08,0.02784206,0.02474312,0.01256423,70.4200,26.9500
1993-09,0.01283892,0.02829489,0.00177945,70.8700,26.9311
1993-10,0.00992276,0.00426058,-0.00004955,71.1800,26.8646
1993-11,0.00079379,-0.02395025,0.00319896,71.3400,26.8838
1993-12,0.00454100,-0.00325457,-0.00175987,71.9300,26.7683
1994-01,0.00697940,-0.00397619,-0.00772059,71.6100,26.4950
1994-02,-0.00281613,-0.01346825,0.00037666,72.5400,26.4402
1994-03,-0.01520362,-0.03267819,0.00167904,72.3400,26.4141
1994-04,-0.03438909,-0.03000066,0.00190273,73.0000,26.3886
1994-05,0.02603548,0.00632909,0.01834534,73.6800,26.7919
1994-06,0.01960654,0.02009803,0.01183893,73.4900,27.0176
1994-07,-0.01843147,-0.02114928,-0.00997612,73.6500,26.6578
1994-08,0.02159606,0.00120511,-0.00544727,75.3800,26.4191
1994-09,0.00018734,-0.01694926,-0.00429628,75.6100,26.2097
1994-10,-0.00739385,-0.01573936,0.00077593,74.7900,26.1315
1994-11,-0.00152968,-0.00619474,0.00620514,74.1100,26.1880
1994-12,-0.00294952,0.02427878,0.01170644,73.8400,26.3810
1995-01,0.02134850,0.00542575,0.00144760,75.3600,26.2995
1995-02,0.03974628,0.02933093,0.00614324,75.0400,26.3389
1995-03,0.01636338,0.01580308,-0.00434314,75.1400,26.1022
1995-04,0.00799903,-0.00797995,-0.01887062,76.2400,25.4910
1995-05,0.03536516,0.03849094,0.00641530,76.1000,25.5373
1995-06,0.04176425,0.04915265,0.01431529,76.9200,25.7841
1995-07,0.05532214,0.01625256,0.02368831,76.4700,26.2780
1995-08,0.04170518,0.02614711,0.04094499,76.6700,27.2339
1995-09,0.04473160,0.03401895,0.01169829,77.1300,27.4320
1995-10,-0.00950780,-0.00186686,-0.01425718,76.9300,26.9252
1995-11,0.03619623,0.02563021,0.01666177,77.2400,27.2567
1995-12,0.03609364,0.02352455,0.00649038,77.2100,27.3145
1996-01,0.00498417,0.01261831,0.00753848,77.0900,27.4057
1996-02,0.06210308,-0.00431986,0.00696115,77.8500,27.4845
1996-03,-0.00506205,-0.03157240,0.00085198,77.4000,27.4000
1996-04,-0.00578578,-0.01967516,-0.00373725,78.3900,27.1877
1996-05,0.02973354,-0.00495531,0.01009444,78.3000,27.3518
1996-06,0.02472362,0.00533152,0.01591809,78.7600,27.6740
1996-07,-0.03828272,0.00489283,0.00047016,77.5900,27.5727
1996-08,0.02792196,0.01932299,0.00141474,80.5400,27.4964
1996-09,0.02038719,-0.00778708,0.00424542,80.0900,27.5000
1996-10,0.04242780,0.02843444,0.00532523,79.7700,27.5323
1996-11,0.05012205,0.02910136,0.00367594,79.7100,27.5216
1996-12,0.01179277,-0.00228573,0.00390101,79.1600,27.5162
1997-01,0.03109909,-0.01621785,0.00256111,78.6100,27.4767
1997-02,0.04656104,0.01989725,0.00693016,79.4600,27.5542
1997-03,-0.00634670,-0.01400295,0.00396548,78.2500,27.5510
1997-04,-0.03132827,-0.00575134,0.00701400,78.7800,27.6286
1997-05,0.09860176,0.02454238,0.01010420,78.8900,27.7910
1997-06,0.05761297,0.02552721,0.00815701,80.2000,27.9029
1997-07,0.06226818,0.02982887,0.00867447,80.1600,28.0323
1997-08,0.03181662,0.02759578,0.03246540,80.0700,28.8238
1997-09,0.00868126,0.00856513,0.00096652,80.6000,28.7314
1997-10,0.05059855,0.05260944,0.03775672,79.5100,29.6964
1997-11,0.05831927,0.08791589,0.07498465,79.3000,31.7944
1997-12,0.04920283,0.03258853,0.02654374,79.3700,32.5023
1998-01,0.05217277,0.07608348,0.05408983,80.1800,34.1170
1998-02,0.02758013,-0.03197070,-0.03028737,79.6900,32.9484
1998-03,0.03955407,-0.01422083,-0.00880052,80.1800,32.5236
1998-04,0.04970488,0.02066400,0.01928441,80.4500,33.0155
1998-05,0.01138874,0.01763545,0.01771922,80.2000,33.4655
1998-06,0.03369735,0.04902224,0.03669367,81.3600,34.5527
1998-07,0.03968392,0.00278380,-0.00074523,80.8300,34.3874
1998-08,-0.06042327,0.02377881,0.01406007,80.4300,34.7305
1998-09,-0.05128848,0.04321713,0.00155744,80.9200,34.6462
1998-10,-0.03166806,-0.01902935,-0.04041339,81.5600,33.1214
1998-11,0.09236259,-0.03493950,-0.01247279,82.4000,32.6026
1998-12,0.03257090,0.00987824,-0.00456396,81.0500,32.3373
1999-01,0.04927101,-0.00275609,0.00242912,80.5000,32.3000
1999-02,0.00751262,-0.00965263,0.01175524,81.3600,32.5642
1999-03,0.04824250,0.00481805,0.02215572,79.8100,33.1654
1999-04,0.03620097,0.00209377,-0.00243758,80.3800,32.9650
1999-05,-0.00627658,-0.02793978,-0.00180548,80.6000,32.7905
1999-06,-0.01416499,-0.02992431,-0.00445180,80.6700,32.5250
1999-07,0.03920555,0.00725676,-0.00205240,80.1600,32.3376
1999-08,-0.04551248,-0.01427341,-0.00439247,81.3500,32.0764
1999-09,-0.01305104,-0.00073552,-0.00329407,81.3900,31.8481
1999-10,-0.01336225,-0.00961925,0.00316947,81.9000,31.8275
1999-11,0.06994332,0.00991681,0.00291524,81.6600,31.7943
1999-12,0.02260742,-0.01839470,-0.00122327,81.1700,31.6248
2000-01,-0.02441108,-0.04462284,-0.01911581,80.9100,30.8895
2000-02,-0.02742192,0.01285301,0.00160738,82.1100,30.8058
2000-03,0.03650923,0.02147641,0.00170709,80.7000,30.7198
2000-04,0.00765880,0.01844114,-0.00190188,81.3700,30.5203
2000-05,-0.02038260,-0.01943487,0.01287687,81.8800,30.7718
2000-06,0.03360156,0.03223817,0.00661806,81.7700,30.8305
2000-07,0.01351137,0.01377056,0.00961766,81.3200,30.9838
2000-08,0.01337480,0.02539663,0.00880226,81.5700,31.1061
2000-09,-0.00789010,0.01005306,0.00789793,82.7100,31.1977
2000-10,-0.03245612,0.03026832,0.02573942,82.7300,31.8457
2000-11,0.01058165,0.02484233,0.02349729,83.5000,32.4333
2000-12,-0.01264322,0.06354840,0.02637329,82.5000,33.1230
2001-01,-0.00910061,-0.00322894,-0.00896068,82.8200,32.6731
2001-02,-0.03164542,-0.00168394,-0.00635145,81.2700,32.3300
2001-03,-0.08260494,0.02975748,0.01303382,81.0500,32.6216
2001-04,0.01429991,-0.00547063,0.01342179,81.7200,32.9405
2001-05,0.07731035,-0.00680249,0.01116943,81.7000,33.2032
2001-06,0.00917421,0.04718354,0.03694453,81.6500,34.3280
2001-07,-0.01261039,0.02193324,0.01727708,81.4000,34.8214
2001-08,-0.02558543,0.01987830,-0.00237139,81.9400,34.6391
2001-09,-0.11386335,0.02131573,0.00118587,82.2900,34.5848
2001-10,0.03177766,0.01649683,0.00211297,83.5400,34.5827
2001-11,0.04794331,-0.00493297,-0.00068563,82.5500,34.4975
2001-12,0.02008711,-0.02476461,0.00690161,81.1100,34.6820
2002-01,0.00694365,0.01812600,0.01136185,81.4300,35.0271
2002-02,-0.03225594,0.01561720,0.00268263,82.4200,35.0732
2002-03,0.04784566,-0.02558841,-0.00011110,81.0600,35.0195
2002-04,-0.03795269,0.00680368,-0.00144313,81.8900,34.9173
2002-05,-0.04110148,-0.00521577,-0.01188478,81.4900,34.4536
2002-06,-0.07461871,0.00537077,-0.01498034,81.7400,33.8890
2002-07,-0.12383130,0.00742881,-0.01681748,81.7500,33.2723
2002-08,0.02997746,0.05413512,0.01980255,81.7200,33.8841
2002-09,-0.02822098,0.05643875,0.02169839,81.6600,34.5730
2002-10,-0.00299759,0.00831558,0.01217477,82.1200,34.9468
2002-11,0.05791671,-0.01340156,-0.00653205,82.0900,34.6732
2002-12,-0.00675173,0.00864104,0.00465113,81.7400,34.7990
2003-01,-0.00874644,-0.00481161,-0.00556057,82.3100,34.5714
2003-02,-0.05973667,0.02038470,0.00568347,81.1700,34.7342
2003-03,0.01271646,0.01025274,0.00060670,80.9100,34.7216
2003-04,0.05595897,-0.00609588,0.00388588,81.7900,34.8239
2003-05,0.04928293,0.03184677,-0.00271064,81.7500,34.6970
2003-06,0.05508757,0.02121687,-0.00096174,81.2800,34.6329
2003-07,-0.00088711,-0.05647472,-0.00605897,80.9400,34.3968
2003-08,-0.00393571,-0.03617500,-0.00154279,81.2400,34.3181
2003-09,0.02190500,0.00852234,-0.00863987,81.4900,33.9948
2003-10,0.01668947,-0.00158639,-0.00276156,82.0700,33.8745
2003-11,0.01695566,0.00755968,0.00553764,81.7100,34.0361
2003-12,0.03127398,0.00658422,0.00136860,81.6900,34.0564
2004-01,0.03741361,0.00167864,-0.01065151,82.3200,33.6685
2004-02,-0.00277310,-0.00451786,-0.01278765,81.6900,33.2137
2004-03,-0.01449563,0.02503674,0.00193177,81.6300,33.2522
2004-04,0.00114195,-0.04640712,-0.00769825,82.5700,32.9705
2004-05,-0.01162914,-0.01133458,0.01515857,82.4900,33.4442
2004-06,0.03238968,0.00685529,0.00454189,82.6900,33.5677
2004-07,-0.01542799,0.02940328,0.00816474,83.6300,33.8062
2004-08,-0.00753167,0.02790379,0.00752765,83.3100,34.0232
2004-09,0.02390417,0.01176496,-0.00260939,83.7600,33.8929
2004-10,-0.00245519,0.00235793,-0.00212455,84.0300,33.7748
2004-11,0.01679264,-0.03324462,-0.02813075,82.9500,32.7770
2004-12,0.00826622,-0.01823105,-0.01683271,83.0100,32.1703
2005-01,-0.02340348,-0.00578146,-0.00827644,82.7200,31.8465
2005-02,0.00569057,-0.00350025,-0.00905549,83.2700,31.4976
2005-03,-0.01495457,-0.03480374,-0.01038220,83.5100,31.1055
2005-04,-0.01232307,0.02874899,0.01432197,83.9300,31.4800
2005-05,0.00646076,0.01276801,-0.00455133,84.3900,31.2652
2005-06,0.02450671,0.01747005,0.00496847,84.6600,31.3473
2005-07,0.03556992,0.00584141,0.01965280,85.6500,31.8855
2005-08,0.00909611,0.00302546,0.00862540,86.2800,32.0757
2005-09,0.02935527,0.03506172,0.02936891,86.4100,32.9248
2005-10,-0.01017446,-0.00091266,0.01933555,86.3400,33.4675
2005-11,0.04312760,0.00075165,0.00641200,85.0300,33.5800
2005-12,0.01251811,0.00049652,-0.00560282,84.8400,33.2861
2006-01,-0.02345800,-0.03017859,-0.03452071,84.9400,32.0350
2006-02,0.00870658,0.00064500,0.01235938,84.0900,32.3189
2006-03,0.01926354,-0.00364207,0.00796006,83.8600,32.4587
2006-04,0.00269644,-0.02209546,-0.00159555,84.9600,32.2880
2006-05,-0.02478959,-0.02204345,-0.01338065,85.7300,31.7368
2006-06,-0.00550102,0.02649411,0.02607747,86.1300,32.4395
2006-07,0.01272624,0.01129939,0.00939972,86.3200,32.6170
2006-08,0.02744512,0.02505471,0.00846388,85.8000,32.7609
2006-09,0.02978897,0.02101614,0.00841259,85.3300,32.9035
2006-10,0.04531751,0.01200150,0.01277997,85.3100,33.1938
2006-11,0.00817991,0.00239343,-0.00765589,85.2400,32.8081
2006-12,0.01226345,-0.00211453,-0.00505055,85.4200,32.5115
2007-01,0.01493096,-0.00398325,0.01192155,85.2400,32.7695
2007-02,0.02213899,0.01321054,0.01015248,85.5600,32.9684
2007-03,-0.02351136,0.01782370,0.00534978,84.5600,33.0095
2007-04,0.04609887,-0.00230644,0.00815379,85.5400,33.1452
2007-05,0.03806364,0.00321296,0.00798390,85.7100,33.2777
2007-06,-0.00568726,-0.03184507,-0.00529369,86.2400,32.9743
2007-07,0.00073443,0.00691407,-0.00125383,86.0400,32.8095
2007-08,-0.03755220,0.03484010,0.00858771,87.1800,32.9617
2007-09,0.03227332,0.01723750,0.00490475,87.9900,33.0100
2007-10,0.01549375,-0.01108213,-0.01087635,89.8600,32.5473
2007-11,-0.05447833,0.02738220,-0.00358150,89.3300,32.3275
2007-12,0.01502706,0.01011155,0.00529038,88.2600,32.4115
2008-01,-0.06786513,0.03131152,0.00083011,87.7500,32.3586
2008-02,-0.03832507,-0.02001243,-0.02084615,88.8700,31.6125
2008-03,-0.05814762,-0.01124591,-0.03106045,87.9100,30.5771
2008-04,0.03489180,-0.01825273,-0.00621084,88.8600,30.3555
2008-05,0.03352372,-0.00566222,0.00876910,88.9000,30.5890
2008-06,-0.04929752,-0.02156150,-0.00572295,90.5300,30.3705
2008-07,-0.05943347,0.01216382,0.00297475,91.0400,30.4141
2008-08,0.04818213,0.03999036,0.02789806,91.2700,31.2205
2008-09,-0.02494662,0.04492834,0.02618146,90.7200,31.9924
2008-10,-0.18423283,0.01529527,0.02315351,92.0000,32.7025
2008-11,-0.07487953,0.03899045,0.01280409,91.0500,33.1028
2008-12,-0.00194025,0.10224440,0.00175046,89.3800,33.1555
2009-01,-0.00460784,-0.00031534,0.00647959,89.0400,33.3695
2009-02,-0.04275479,-0.00262936,0.02616482,87.6800,34.2389
2009-03,-0.05511746,0.00861324,0.00215440,87.7800,34.3041
2009-04,0.10013264,-0.02742098,-0.02032776,88.4500,33.6009
2009-05,0.04332778,-0.04897930,-0.02163694,88.8200,32.8695
2009-06,0.02552339,-0.03555481,-0.00287770,88.7300,32.7700
2009-07,0.01595521,0.01960750,0.00333925,88.9100,32.8745
2009-08,0.08056202,-0.00006788,-0.00040078,90.5200,32.8564
2009-09,0.02626473,0.00885387,-0.00969354,89.9100,32.5333
2009-10,0.01636502,-0.00380546,-0.00734855,90.2600,32.2910
2009-11,0.02178657,0.00285487,0.00092238,89.5900,32.3189
2009-12,0.01991161,-0.01512639,-0.00221718,89.1600,32.2459
2010-01,0.00160957,-0.02020490,-0.01174638,89.2700,31.8658
2010-02,-0.02301576,0.01260300,0.00621050,89.7400,32.0621
2010-03,0.05171841,-0.00747900,-0.00717619,88.8900,31.8291
2010-04,0.02935841,-0.01769530,-0.01094810,89.6400,31.4767
2010-05,-0.04812220,0.05092613,0.01150189,89.4900,31.8345
2010-06,-0.02439410,0.03311510,0.01157832,89.8000,32.1988
2010-07,-0.00484791,0.01553378,-0.00317069,90.0800,32.0935
2010-08,0.00160415,0.02217693,-0.00684730,90.0900,31.8695
2010-09,0.02630784,-0.00062482,-0.00703758,90.1800,31.6410
2010-10,0.01841710,-0.01466204,-0.02604693,90.7800,30.8130
2010-11,0.00845320,-0.03267519,-0.01595812,90.9500,30.3180
2010-12,0.02289473,-0.05540875,-0.01362602,90.2600,29.9014
2011-01,0.00727115,-0.03192282,-0.02633676,90.2500,29.1105
2011-02,0.03745558,-0.00723678,0.00587613,90.9300,29.2779
2011-03,-0.00384468,0.02465902,0.00745590,90.1300,29.4930
2011-04,0.00453178,-0.01861468,-0.01723073,90.8000,28.9824
2011-05,-0.00228696,0.01832555,-0.00879030,90.9800,28.7262
2011-06,-0.03373634,0.02017395,0.00301328,91.5400,28.8118
2011-07,0.03186570,0.00330724,0.00083858,91.2700,28.8350
2011-08,-0.09987470,0.06928983,0.00462512,91.3000,28.9674
2011-09,0.01857149,0.05816318,0.02667121,91.4200,29.7395
2011-10,0.04821486,0.00373126,0.01747683,91.9100,30.2590
2011-11,0.01643875,0.01310361,-0.00122266,91.8900,30.2215
2011-12,0.01655035,0.00533638,0.00096792,92.0900,30.2505
2012-01,0.03882268,-0.00608371,-0.00860317,92.3800,29.9900
2012-02,0.02580744,-0.01358836,-0.01518045,91.1500,29.5340
2012-03,0.02822325,-0.01677103,-0.00054132,91.2700,29.5158
2012-04,-0.00281813,0.01007213,-0.00238983,92.1100,29.4433
2012-05,-0.03011660,0.02521923,0.00086484,92.5700,29.4668
2012-06,0.00320258,0.03314038,0.01495385,93.1600,29.9052
2012-07,0.03156753,0.01192243,0.00233896,93.5200,29.9729
2012-08,0.03285777,-0.01342563,-0.00092770,94.4300,29.9426
2012-09,0.01419279,-0.01778439,-0.01549113,94.1200,29.4763
2012-10,-0.01007793,-0.00924226,-0.00786465,94.0500,29.2418
2012-11,-0.03257284,0.00620812,-0.00427042,93.3500,29.1145
2012-12,0.01933173,-0.00739819,-0.00232951,93.5800,29.0445
2013-01,0.04469687,-0.01383339,0.00196929,93.4100,29.1000
2013-02,0.04205847,0.01349651,0.01834460,93.8500,29.6321
2013-03,0.03114725,0.00726671,0.00388692,92.5000,29.7448
2013-04,0.01735561,0.02263764,0.00283196,93.0800,29.8268
2013-05,0.04396457,-0.01555590,-0.00167003,93.2500,29.7755
2013-06,-0.00607698,-0.02613296,0.00517195,93.7200,29.9285
2013-07,0.03286777,-0.02220070,0.00033570,93.5800,29.9373
2013-08,0.00268139,-0.01154587,0.00017028,93.6900,29.9414
2013-09,0.00116546,-0.01435703,-0.01061783,94.9200,29.6225
2013-10,0.01271512,0.01041708,-0.00827784,94.6600,29.3768
2013-11,0.04359802,-0.00169804,0.00484497,93.9800,29.5179
2013-12,0.02229024,-0.00629948,0.00701721,93.8900,29.7233
2014-01,0.02370631,0.01980911,0.01393376,94.1800,30.1357
2014-02,0.00437235,0.02111818,0.00569458,93.8100,30.3063
2014-03,0.03040069,0.00447255,0.00311705,93.9900,30.3995
2014-04,-0.00478220,-0.00369160,-0.00676137,94.6200,30.1927
2014-05,0.01278171,0.01279003,-0.00249223,94.7600,30.1167
2014-06,0.02763857,-0.00555076,-0.00418208,95.2500,29.9900
2014-07,0.01358985,0.00603318,-0.00133051,95.2200,29.9491
2014-08,-0.00346258,0.01346744,0.00081970,95.6400,29.9729
2014-09,0.02316469,-0.00236100,0.00529989,95.5900,30.1310
2014-10,-0.01787739,0.03145365,0.00882502,95.6600,30.3964
2014-11,0.06859496,0.01016246,0.01091945,94.7800,30.7278
2014-12,0.02679139,0.03316987,0.02032760,94.4600,31.3519
2015-01,-0.00204184,0.04110208,0.00916662,93.3000,31.6385
2015-02,0.02553663,-0.01008570,-0.00265535,93.6200,31.5537
2015-03,-0.00309061,-0.00737507,-0.00364382,93.4100,31.4382
2015-04,-0.00619832,-0.00431244,-0.01483946,93.8400,30.9709
2015-05,-0.00168858,-0.03262938,-0.01136195,94.0700,30.6185
2015-06,0.00475256,-0.00324892,0.00915182,94.7200,30.8982
2015-07,0.00867948,0.01502543,0.00948987,94.6200,31.1909
2015-08,0.00706556,0.04785521,0.03210246,95.2100,32.1914
2015-09,-0.03087791,0.01668698,0.01491097,95.8700,32.6695
2015-10,0.03575013,0.00355553,-0.00710937,95.9500,32.4367
2015-11,0.03478545,-0.00989866,0.00531014,95.2900,32.6084
2015-12,-0.00549503,0.00926237,0.00568495,94.5800,32.7905
2016-01,-0.04584753,0.03517694,0.01979541,94.0500,33.4332
2016-02,-0.01128357,0.02391321,-0.00560840,95.8800,33.2385
2016-03,0.04279917,-0.02787773,-0.01933582,95.2900,32.5874
2016-04,0.01988256,0.00055493,-0.00796626,95.6000,32.3200
2016-05,0.00371953,0.00829454,0.00696875,95.2300,32.5390
2016-06,0.00324928,0.00959998,-0.00712196,95.5700,32.3000
2016-07,0.02661779,0.00802877,-0.00593765,95.7900,32.1010
2016-08,-0.00576783,-0.02174795,-0.01731181,95.7500,31.5374
2016-09,-0.00694286,-0.00767285,-0.00232571,96.1900,31.4562
2016-10,-0.00094565,-0.00638385,0.00436871,97.5800,31.5860
2016-11,0.01725886,-0.02740994,0.00545235,97.1700,31.7495
2016-12,0.04768589,-0.02118728,0.00828282,96.1800,32.0005
2017-01,0.00314111,-0.00382033,-0.01066489,96.1600,31.6458
2017-02,0.00012990,-0.02216733,-0.02458517,95.8200,30.8547
2017-03,0.01070738,-0.00989483,-0.00624704,95.4600,30.6487
2017-04,-0.01098428,0.00834557,-0.00885983,95.6900,30.3585
2017-05,0.00921915,-0.00568389,-0.00692682,95.8000,30.1282
2017-06,0.02220952,0.01610903,0.00509992,96.5300,30.2595
2017-07,0.01431178,-0.00532275,0.00519537,96.5300,30.3920
2017-08,-0.00275585,0.00641360,-0.00434896,96.6700,30.2330
2017-09,0.01309695,-0.00066899,-0.00255538,96.6600,30.1305
2017-10,0.03149582,-0.00829212,0.00488689,97.2600,30.2519
2017-11,0.01024882,-0.00273375,-0.00468421,97.5000,30.0835
2017-12,0.02443126,-0.00671800,-0.00327317,97.3500,29.9545
2018-01,0.02923602,-0.03193034,-0.01742154,97.0200,29.4005
2018-02,-0.03396619,-0.02705268,-0.00410048,97.9300,29.2458
2018-03,-0.00094109,0.00250003,-0.00029987,96.9800,29.1991
2018-04,-0.01064831,0.00587165,0.00749668,97.6100,29.3767
2018-05,0.03665465,0.00992763,0.01817958,97.4800,29.8673
2018-06,0.02857603,0.01547734,0.00883035,97.8800,30.0848
2018-07,0.03128890,0.01943067,0.01682057,98.2200,30.5429
2018-08,0.02992201,0.00769230,0.00689865,98.1600,30.7039
2018-09,0.01751930,-0.00628277,0.00237428,98.3200,30.7253
2018-10,-0.03356317,-0.00514022,0.00687668,98.3900,30.8823
2018-11,-0.02316643,0.00268502,-0.00061932,97.7800,30.8060
2018-12,-0.05634035,0.02675973,0.00114717,97.2900,30.7822
2019-01,0.01822194,0.01359659,0.00279365,97.1900,30.8080
2019-02,0.05798910,0.00456289,0.00165791,98.1400,30.7989
2019-03,0.02140549,0.01372476,0.00385056,97.5200,30.8567
2019-04,0.03691068,0.00531442,0.00165686,98.2500,30.8468
2019-05,-0.00333624,0.02586655,0.01414273,98.3900,31.2218
2019-06,0.01625740,0.03468384,0.00411011,98.7100,31.2895
2019-07,0.03122636,0.03402313,-0.00501939,98.6000,31.0768
2019-08,-0.02161471,0.01140517,0.01178398,98.5800,31.3886
2019-09,0.02054757,-0.01498582,-0.00841228,98.7300,31.0745
2019-10,-0.01190039,-0.01150806,-0.01046386,98.7500,30.7014
2019-11,0.03638664,-0.01521105,-0.00626749,98.3500,30.4674
2019-12,0.01769326,-0.00983550,-0.00557445,98.4100,30.2590
2020-01,0.02531281,0.00266387,-0.00663418,99.0000,30.0200
2020-02,0.00581472,0.03013775,0.00584063,97.9400,30.1574
2020-03,-0.18988898,0.06039076,0.00036482,97.5000,30.1305
2020-04,0.04120333,0.01904077,-0.00166084,97.3000,30.0732
2020-05,0.05349810,-0.00548962,-0.00496161,97.2000,29.9205
2020-06,0.05553652,-0.01412471,-0.00885646,97.9800,29.6523
2020-07,0.02618987,0.00286998,-0.00814716,98.1000,29.4068
2020-08,0.05785837,-0.00338638,-0.00090181,98.2500,29.3771
2020-09,-0.01236559,-0.00846195,-0.00604444,98.1600,29.1971
2020-10,-0.00023138,-0.02698878,-0.01710002,98.4900,28.6952
2020-11,0.03381268,-0.01243958,-0.00542331,98.4400,28.5372
2020-12,0.03038280,-0.01663539,-0.01164044,98.4500,28.2029
2021-01,0.02077512,-0.02025588,-0.00690356,98.8100,28.0061
2021-02,0.02253182,-0.01819697,-0.00225444,99.2900,27.9411
2021-03,0.02001544,-0.01969350,0.01174407,98.6900,28.2683
2021-04,0.05908759,-0.00246788,-0.00103983,99.3500,28.2382
2021-05,-0.00387513,-0.00822939,-0.01137589,99.5800,27.9165
2021-06,0.01312766,0.00562119,-0.00487300,99.7700,27.7800
2021-07,0.03874595,0.02785856,0.00784856,99.9700,27.9971
2021-08,0.01682363,-0.00012066,-0.00488763,100.5500,27.8591
2021-09,-0.00578927,-0.01221170,-0.00491564,100.7100,27.7210
2021-10,0.01183068,-0.01100612,0.00730243,101.0000,27.9225
2021-11,0.04319684,-0.00092239,-0.00402333,101.2400,27.8090
2021-12,0.00046507,0.00740218,-0.00214837,101.0400,27.7481
2022-01,-0.02319646,-0.02782820,-0.00269268,101.6100,27.6720
2022-02,-0.02201237,-0.00674671,0.00733888,101.6000,27.8716
2022-03,0.01098634,0.00352009,0.02036147,101.9200,28.4313
2022-04,0.02450803,-0.02971524,0.02365865,102.7000,29.0933
2022-05,-0.06268471,0.00664611,0.01804131,102.9600,29.5995
2022-06,-0.03356876,-0.01779751,0.00092798,103.3500,29.6029
2022-07,0.01387360,0.03258161,0.01041936,103.3200,29.8745
2022-08,0.07216182,0.00964761,0.00906639,103.2400,30.0900
2022-09,-0.03613821,-0.01153215,0.04175273,103.4900,31.2786
2022-10,-0.00981947,-0.01340967,0.02438048,103.7700,31.9590
2022-11,0.03553425,-0.00597737,-0.01346039,103.6200,31.4330
2022-12,-0.02471702,0.00009274,-0.02152382,103.7800,30.6524
2023-01,0.00497955,0.00172462,-0.00523033,104.7100,30.3865
2023-02,0.02612898,-0.02023453,-0.00149892,104.0600,30.2289
2023-03,-0.01597468,0.02078953,0.01396593,104.3200,30.5352
2023-04,0.04079332,0.02052829,0.00462560,105.1100,30.5595
2023-05,0.01297111,-0.00071750,0.00958244,105.0400,30.7291
2023-06,0.05322962,-0.00822560,0.00782602,105.1600,30.8405
2023-07,0.05088583,0.00246458,0.01592354,105.2600,31.2005
