date,stock_nom,bond_nom,bill_nom,us_cpi
1871-02,0.01839339,0.00417994,,12.84464
1871-03,0.02925926,0.00418275,,13.03497
1871-04,0.03289949,0.00418557,,12.55923
1871-05,0.02988748,0.00418839,,12.27381
1871-06,-0.00377229,0.00419121,,12.08348
1871-07,-0.01417704,0.00419403,,12.08348
1871-08,0.01726568,0.00419685,,11.89323
1871-09,0.01496173,0.00419967,,12.17865
1871-10,-0.04717631,0.00420248,,12.36890
1871-11,0.01561365,0.00420530,,12.36890
1871-12,0.02622126,0.00420812,,12.65439
1872-01,0.02994550,0.00421094,,12.65439
1872-02,0.00868827,0.00307667,,12.65439
1872-03,0.03739754,0.00309317,,12.84464
1872-04,0.03229663,0.00310967,,13.13014
1872-05,0.00445142,0.00312617,,13.13014
1872-06,-0.00514801,0.00314267,,13.03497
1872-07,-0.00124594,0.00315917,,12.84464
1872-08,-0.00708007,0.00317566,,12.93981
1872-09,-0.01306217,0.00319215,,13.03497
1872-10,0.00897811,0.00320865,,12.74948
1872-11,0.00095070,0.00322514,,13.13014
1872-12,0.02929293,0.00324162,,12.93981
1873-01,0.01286160,0.00325811,,12.93981
1873-02,0.01280170,0.00533861,,13.22522
1873-03,-0.00279126,0.00533127,,13.22522
1873-04,-0.00864318,0.00532393,,13.22522
1873-05,0.00715112,0.00531660,,12.93981
1873-06,-0.00866337,0.00530926,,12.55923
1873-07,0.00330489,0.00530193,,12.55923
1873-08,0.00536553,0.00529459,,12.55923
1873-09,-0.07105131,0.00528726,,12.55923
1873-10,-0.08124546,0.00527992,,12.27381
1873-11,-0.02928600,0.00527259,,11.89323
1873-12,0.10086634,0.00526525,,12.17865
1874-01,0.06052036,0.00525792,,12.36890
1874-02,0.03594421,0.00707853,,12.36890
1874-03,-0.00885417,0.00705479,,12.36890
1874-04,-0.02167019,0.00703106,,12.17865
1874-05,-0.02010870,0.00700734,,12.08348
1874-06,0.00167411,0.00698364,,11.79807
1874-07,0.00616592,0.00695994,,11.89323
1874-08,0.00840807,0.00693625,,11.79807
1874-09,0.02181208,0.00691257,,11.79807
1874-10,0.00385463,0.00688891,,11.60774
1874-11,0.01490066,0.00686525,,11.51265
1874-12,-0.00054705,0.00684160,,11.51265
1875-01,0.00601138,0.00681796,,11.51265
1875-02,0.00376285,0.00730920,,11.51265
1875-03,0.01917770,0.00728186,,11.51265
1875-04,0.01888163,0.00725454,,11.60774
1875-05,-0.03301971,0.00722724,,11.32232
1875-06,-0.01426174,0.00719995,,11.13207
1875-07,0.00822869,0.00717269,,11.13207
1875-08,0.01044039,0.00714544,,11.22716
1875-09,-0.00325964,0.00711821,,11.13207
1875-10,-0.01020214,0.00709099,,11.13207
1875-11,0.02214147,0.00706380,,11.03691
1875-12,0.00572082,0.00703662,,10.94174
1876-01,0.02631579,0.00700946,,10.84658
1876-02,0.01905830,0.00474461,,10.84658
1876-03,0.00331858,0.00473541,,10.84658
1876-04,-0.03215078,0.00472621,,10.75149
1876-05,-0.03110599,0.00471702,,10.37091
1876-06,-0.00119617,0.00470783,,10.08541
1876-07,-0.00602410,0.00469863,,10.08541
1876-08,-0.03536585,0.00468944,,10.18058
1876-09,-0.05470738,0.00468025,,10.27575
1876-10,0.00135501,0.00467105,,10.46600
1876-11,-0.01226158,0.00466186,,10.56116
1876-12,0.00138889,0.00465267,,10.75149
1877-01,-0.00161080,0.00464348,,10.94174
1877-02,-0.05254225,0.00443578,,10.65633
1877-03,-0.04409930,0.00442847,,10.18058
1877-04,-0.06563354,0.00442116,,10.46600
1877-05,0.00720522,0.00441385,,10.65633
1877-06,-0.06448413,0.00440654,,10.08541
1877-07,0.05115385,0.00439923,,10.18058
1877-08,0.07680409,0.00439192,,9.80000
1877-09,0.06823770,0.00438461,,9.70483
1877-10,0.02696245,0.00437730,,9.70483
1877-11,-0.01009063,0.00436999,,9.51459
1877-12,0.00178937,0.00436269,,9.51459
1878-01,0.00485128,0.00435538,,9.22909
1878-02,-0.01671026,0.00441459,,9.13400
1878-03,0.02378145,0.00440665,,8.94367
1878-04,0.03257973,0.00439872,,8.84851
1878-05,0.00765265,0.00439078,,8.56309
1878-06,0.02557385,0.00438284,,8.37284
1878-07,0.02502933,0.00437490,,8.46793
1878-08,-0.00423132,0.00436696,,8.56309
1878-09,0.02469807,0.00435903,,8.56309
1878-10,-0.00706203,0.00435109,,8.46793
1878-11,0.00145594,0.00434315,,8.37284
1878-12,-0.00144092,0.00433522,,8.18251
1879-01,0.04207005,0.00432728,,8.27768
1879-02,0.04057961,0.00485490,,8.37284
1879-03,-0.01201707,0.00484212,,8.27768
1879-04,0.03713927,0.00482934,,8.18251
1879-05,0.04925508,0.00481656,,8.18251
1879-06,0.00909475,0.00480378,,8.08738
1879-07,0.02423611,0.00479100,,8.18251
1879-08,0.01141295,0.00477822,,8.18251
1879-09,0.04084767,0.00476545,,8.46793
1879-10,0.11288902,0.00475267,,8.94367
1879-11,0.05694979,0.00473990,,9.41942
1879-12,0.00135227,0.00472713,,9.70483
1880-01,0.04209011,0.00471436,,9.99033
1880-02,0.02103718,0.00551362,,9.99033
1880-03,0.02267628,0.00549428,,10.08541
1880-04,-0.01918239,0.00547494,,9.70483
1880-05,-0.07553089,0.00545560,,9.41942
1880-06,0.00821104,0.00543627,,9.22909
1880-07,0.05001740,0.00541695,,9.22909
1880-08,0.03992016,0.00539763,,9.22909
1880-09,0.00200706,0.00537832,,9.32425
1880-10,0.03297941,0.00535901,,9.32425
1880-11,0.05651970,0.00533971,,9.41942
1880-12,0.04486037,0.00532042,,9.51459
1881-01,0.06371290,0.00530113,,9.41942
1881-02,0.00040388,0.00363241,,9.51459
1881-03,0.01505943,0.00362704,,9.51459
1881-04,0.00053419,0.00362167,,9.60967
1881-05,0.04883441,0.00361629,,9.51459
1881-06,0.01602564,0.00361092,,9.51459
1881-07,-0.03121834,0.00360555,,9.60967
1881-08,-0.01968504,0.00360018,,9.80000
1881-09,0.01216398,0.00359481,,10.18058
1881-10,-0.01186667,0.00358944,,10.27575
1881-11,0.01077236,0.00358407,,10.18058
1881-12,-0.02477114,0.00357870,,10.18058
1882-01,-0.01053799,0.00357332,,10.18058
1882-02,-0.01745495,0.00294778,,10.27575
1882-03,0.00287853,0.00294848,,10.27575
1882-04,0.00461361,0.00294918,,10.37091
1882-05,-0.00749712,0.00294987,,10.46600
1882-06,-0.00058377,0.00295057,,10.56116
1882-07,0.06103286,0.00295127,,10.46600
1882-08,0.03444444,0.00295197,,10.56116
1882-09,0.01402373,0.00295266,,10.27575
1882-10,-0.02297009,0.00295336,,10.18058
1882-11,-0.03844042,0.00295406,,10.08541
1882-12,0.00975330,0.00295476,,9.99033
1883-01,-0.00055936,0.00295545,,9.99033
1883-02,-0.01776104,0.00309386,,10.08541
1883-03,0.01705546,0.00309316,,9.99033
1883-04,0.02555507,0.00309247,,9.89517
1883-05,-0.01243328,0.00309178,,9.80000
1883-06,0.01335933,0.00309109,,9.51459
1883-07,-0.01079897,0.00309040,,9.32425
1883-08,-0.04062391,0.00308971,,9.32425
1883-09,0.01595826,0.00308902,,9.22909
1883-10,-0.02217752,0.00308832,,9.22909
1883-11,0.01996902,0.00308763,,9.13400
1883-12,-0.01694139,0.00308694,,9.22909
1884-01,-0.02483926,0.00308625,,9.22909
1884-02,0.03228282,0.00370583,,9.22909
1884-03,0.00133145,0.00369918,,9.22909
1884-04,-0.04019969,0.00369252,,9.03884
1884-05,-0.07572958,0.00368587,,8.84851
1884-06,-0.03512545,0.00367921,,8.84851
1884-07,0.00594731,0.00367256,,8.75342
1884-08,0.06869768,0.00366590,,8.75342
1884-09,-0.02610759,0.00365925,,8.65826
1884-10,-0.02699165,0.00365259,,8.56309
1884-11,-0.01442005,0.00364594,,8.37284
1884-12,0.00363985,0.00363928,,8.27768
1885-01,-0.01720046,0.00363263,,8.27768
1885-02,0.03652319,0.00397252,,8.37284
1885-03,0.00786613,0.00396275,,8.18251
1885-04,0.00317161,0.00395299,,8.27768
1885-05,-0.00608696,0.00394323,,8.08738
1885-06,0.00067515,0.00393347,,7.89709
1885-07,0.04242636,0.00392371,,7.99223
1885-08,0.06097347,0.00391395,,7.99223
1885-09,-0.00818294,0.00390420,,7.89709
1885-10,0.06257527,0.00389444,,7.89709
1885-11,0.06920393,0.00388468,,7.99223
1885-12,-0.00381679,0.00387493,,8.18251
1886-01,0.00381891,0.00386517,,7.99223
1886-02,0.02302404,0.00176257,,7.99223
1886-03,-0.01705975,0.00177365,,7.89709
1886-04,-0.00974149,0.00178473,,7.80194
1886-05,-0.01576009,0.00179580,,7.61165
1886-06,0.04963479,0.00180688,,7.51650
1886-07,0.01886190,0.00181795,,7.61165
1886-08,0.01104909,0.00182903,,7.70679
1886-09,0.02956238,0.00184010,,7.70679
1886-10,0.02878554,0.00185117,,7.70679
1886-11,0.02804867,0.00186225,,7.70679
1886-12,-0.02274036,0.00187332,,7.80194
1887-01,-0.00735077,0.00188439,,7.99223
1887-02,-0.00380824,0.00189546,,8.08738
1887-03,0.02688779,0.00190653,,8.08738
1887-04,0.02630805,0.00191760,,8.08738
1887-05,0.02058190,0.00192867,,8.08738
1887-06,-0.02549435,0.00193973,,7.99223
1887-07,-0.02097877,0.00195080,,7.89709
1887-08,-0.02146691,0.00196187,,7.99223
1887-09,-0.00913609,0.00197293,,7.89709
1887-10,-0.02966233,0.00198400,,7.99223
1887-11,0.02319712,0.00199506,,8.08738
1887-12,-0.00172956,0.00200613,,8.27768
1888-01,0.01151645,0.00201719,,8.37284
1888-02,-0.00177809,0.00457145,,8.27768
1888-03,-0.03401199,0.00455757,,8.27768
1888-04,0.00792815,0.00454369,,8.18251
1888-05,0.01767484,0.00452981,,8.08738
1888-06,-0.02707930,0.00451593,,7.99223
1888-07,0.02991184,0.00450205,,8.08738
1888-08,0.02523833,0.00448818,,8.08738
1888-09,0.02849206,0.00447431,,8.08738
1888-10,-0.00196252,0.00446044,,8.18251
1888-11,-0.01695171,0.00444657,,8.27768
1888-12,-0.01542621,0.00443270,,8.27768
1889-01,0.02317121,0.00441884,,7.99223
1889-02,0.01508111,0.00308347,,7.89709
1889-03,-0.01717767,0.00308141,,7.80194
1889-04,0.00171323,0.00307935,,7.80194
1889-05,0.03065959,0.00307730,,7.61165
1889-06,0.02044173,0.00307524,,7.61165
1889-07,-0.01687924,0.00307318,,7.61165
1889-08,0.01671855,0.00307112,,7.61165
1889-09,0.02766139,0.00306907,,7.70679
1889-10,-0.01482273,0.00306701,,7.70679
1889-11,-0.00585185,0.00306495,,7.70679
1889-12,-0.00218069,0.00306290,,7.80194
1890-01,0.01472431,0.00306084,,7.61165
1890-02,-0.00774473,0.00145946,,7.61165
1890-03,-0.00407268,0.00147452,,7.61165
1890-04,0.02430556,0.00148958,,7.61165
1890-05,0.04607297,0.00150463,,7.70679
1890-06,-0.00385528,0.00151969,,7.70679
1890-07,-0.00388292,0.00153474,,7.70679
1890-08,-0.02015644,0.00154979,,7.99223
1890-09,-0.01324707,0.00156484,,8.08738
1890-10,-0.04166667,0.00157989,,8.08738
1890-11,-0.06922572,0.00159493,,7.89709
1890-12,-0.01946214,0.00160998,,7.89709
1891-01,0.05615942,0.00162502,,7.80194
1891-02,0.01618457,0.00315445,,7.89709
1891-03,-0.01462585,0.00315308,,7.99223
1891-04,0.03707554,0.00315170,,8.08738
1891-05,-0.00033535,0.00315032,,7.99223
1891-06,-0.01649832,0.00314894,,7.80194
1891-07,-0.01271478,0.00314757,,7.70679
1891-08,0.03738644,0.00314619,,7.70679
1891-09,0.08485463,0.00314481,,7.61165
1891-10,0.00343965,0.00314343,,7.61165
1891-11,-0.01156973,0.00314206,,7.51650
1891-12,0.03396825,0.00314068,,7.51650
1892-01,0.02189926,0.00313930,,7.32621
1892-02,0.00519208,0.00196629,,7.32621
1892-03,0.01426630,0.00197736,,7.13592
1892-04,0.00159349,0.00198843,,7.04077
1892-05,0.00341562,0.00199949,,7.04077
1892-06,-0.00194494,0.00201055,,7.04077
1892-07,0.00348526,0.00202162,,7.23107
1892-08,0.01794976,0.00203268,,7.32621
1892-09,-0.02142645,0.00204374,,7.32621
1892-10,0.02367245,0.00205480,,7.32621
1892-11,-0.00002534,0.00206586,,7.51650
1892-12,-0.00718133,0.00207693,,7.61165
1893-01,0.02179068,0.00208798,,7.89709
1893-02,-0.01423500,0.00346727,,7.99223
1893-03,-0.03263007,0.00346387,,7.80194
1893-04,0.00381827,0.00346047,,7.70679
1893-05,-0.08467985,0.00345707,,7.61165
1893-06,-0.04330234,0.00345367,,7.42136
1893-07,-0.08883225,0.00345027,,7.23107
1893-08,-0.01900518,0.00344687,,6.94563
1893-09,0.07613358,0.00344347,,7.23107
1893-10,0.03448322,0.00344007,,7.32621
1893-11,0.02017037,0.00343666,,7.13592
1893-12,-0.03045222,0.00343326,,7.04077
1894-01,-0.01574641,0.00342986,,6.85048
1894-02,0.01858218,0.00473167,,6.75534
1894-03,0.03424658,0.00471665,,6.56505
1894-04,0.01767738,0.00470165,,6.56505
1894-05,-0.03294493,0.00468664,,6.56505
1894-06,-0.00928030,0.00467164,,6.56505
1894-07,-0.01638441,0.00465663,,6.56505
1894-08,0.04202549,0.00464164,,6.75534
1894-09,0.02003023,0.00462664,,6.85048
1894-10,-0.02721912,0.00461165,,6.66019
1894-11,0.00409562,0.00459665,,6.66019
1894-12,-0.00518433,0.00458167,,6.56505
1895-01,-0.00759109,0.00456668,,6.56505
1895-02,-0.01006471,0.00191168,,6.56505
1895-03,0.00407717,0.00192197,,6.56505
1895-04,0.04700278,0.00193226,,6.85048
1895-05,0.05876621,0.00194256,,6.94563
1895-06,0.02313811,0.00195285,,7.04077
1895-07,0.00777128,0.00196314,,6.94563
1895-08,0.01830332,0.00197343,,6.85048
1895-09,0.00965553,0.00198372,,6.85048
1895-10,-0.01118084,0.00199401,,6.85048
1895-11,-0.03032105,0.00200430,,6.85048
1895-12,-0.05537400,0.00201459,,6.75534
1896-01,-0.00792438,0.00202488,,6.66019
1896-02,0.04582943,0.00438030,,6.56505
1896-03,-0.01221910,0.00436757,,6.56505
1896-04,0.01268455,0.00435484,,6.46990
1896-05,-0.00102187,0.00434211,,6.37475
1896-06,-0.01467803,0.00432938,,6.27961
1896-07,-0.06126157,0.00431666,,6.27961
1896-08,-0.05314975,0.00430393,,6.27961
1896-09,0.05648513,0.00429121,,6.27961
1896-10,0.02621987,0.00427849,,6.46990
1896-11,0.07196748,0.00426577,,6.66019
1896-12,-0.03310502,0.00425305,,6.66019
1897-01,0.00355450,0.00424034,,6.46990
1897-02,-0.00592417,0.00318169,,6.46990
1897-03,0.00598086,0.00317829,,6.46990
1897-04,-0.02744630,0.00317489,,6.37475
1897-05,0.00862069,0.00317149,,6.27961
1897-06,0.05024510,0.00316809,,6.27961
1897-07,0.04800937,0.00316469,,6.27961
1897-08,0.06838565,0.00316129,,6.56505
1897-09,0.05157895,0.00315789,,6.75534
1897-10,-0.02911647,0.00315449,,6.66019
1897-11,-0.03215768,0.00315110,,6.66019
1897-12,0.02473118,0.00314770,,6.66019
1898-01,0.03055614,0.00314430,,6.66019
1898-02,0.00108094,0.00453931,,6.75534
1898-03,-0.04200890,0.00452379,,6.75534
1898-04,-0.01385842,0.00450828,,6.75534
1898-05,0.06907914,0.00449277,,7.23107
1898-06,0.04226557,0.00447726,,6.75534
1898-07,0.00710968,0.00446175,,6.66019
1898-08,0.04057251,0.00444625,,6.66019
1898-09,0.00118596,0.00443075,,6.66019
1898-10,-0.01779626,0.00441526,,6.66019
1898-11,0.03621845,0.00439976,,6.66019
1898-12,0.06516291,0.00438427,,6.75534
1899-01,0.07906785,0.00436878,,6.75534
1899-02,0.04059348,0.00222979,,6.94563
1899-03,0.01693740,0.00223334,,6.94563
1899-04,0.01514714,0.00223688,,7.04077
1899-05,-0.03904064,0.00224043,,7.04077
1899-06,-0.01979334,0.00224398,,7.13592
1899-07,0.03742175,0.00224753,,7.23107
1899-08,0.02822054,0.00225107,,7.32621
1899-09,-0.00818452,0.00225462,,7.61165
1899-10,-0.00198456,0.00225817,,7.70679
1899-11,0.02167718,0.00226171,,7.80194
1899-12,-0.06540248,0.00226526,,7.89709
1900-01,0.01629983,0.00226881,,7.89709
1900-02,0.02110656,0.00297779,,7.99223
1900-03,0.01117150,0.00297440,,7.99223
1900-04,0.01597444,0.00297100,,7.99223
1900-05,-0.04406546,0.00296760,,7.80194
1900-06,-0.02628311,0.00296420,,7.70679
1900-07,0.00373294,0.00296081,,7.80194
1900-08,0.01749147,0.00295741,,7.70679
1900-09,-0.01967593,0.00295401,,7.80194
1900-10,0.04030172,0.00295062,,7.70679
1900-11,0.08225874,0.00294722,,7.70679
1900-12,0.06404321,0.00294382,,7.61165
1901-01,0.03277171,0.00294042,,7.70679
1901-02,0.02903465,0.00201774,,7.61165
1901-03,0.03936782,0.00202348,,7.61165
1901-04,0.08729139,0.00202923,,7.51650
1901-05,-0.04721233,0.00203498,,7.51650
1901-06,0.10295386,0.00204073,,7.51650
1901-07,-0.06400294,0.00204647,,7.61165
1901-08,0.01716372,0.00205222,,7.70679
1901-09,-0.00171020,0.00205797,,7.80194
1901-10,-0.00795104,0.00206371,,7.80194
1901-11,0.02484513,0.00206946,,7.89709
1901-12,-0.01278878,0.00207521,,7.99223
1902-01,0.02474633,0.00208095,,7.89709
1902-02,0.01192221,0.00180519,,7.89709
1902-03,0.00450244,0.00181395,,7.89709
1902-04,0.03743191,0.00182272,,7.99223
1902-05,0.00082744,0.00183148,,8.08738
1902-06,-0.00270883,0.00184024,,8.18251
1902-07,0.02582045,0.00184900,,8.18251
1902-08,0.02990988,0.00185776,,8.08738
1902-09,0.00535579,0.00186652,,8.18251
1902-10,-0.02854708,0.00187528,,8.75342
1902-11,-0.03530533,0.00188404,,8.46793
1902-12,-0.01972087,0.00189280,,8.56309
1903-01,0.05436542,0.00190156,,8.65826
1903-02,-0.00262707,0.00205021,,8.65826
1903-03,-0.03591954,0.00205745,,8.37284
1903-04,-0.03736902,0.00206468,,8.37284
1903-05,-0.01571720,0.00207192,,8.18251
1903-06,-0.05153509,0.00207916,,8.18251
1903-07,-0.04199513,0.00208640,,8.18251
1903-08,-0.02794039,0.00209364,,8.18251
1903-09,-0.01979638,0.00210088,,8.27768
1903-10,-0.02799201,0.00210812,,8.18251
1903-11,0.00783147,0.00211536,,8.08738
1903-12,0.05082272,0.00212259,,8.08738
1904-01,0.02114028,0.00212983,,8.27768
1904-02,-0.02266342,0.00227628,,8.46793
1904-03,0.00128205,0.00228202,,8.37284
1904-04,0.02902135,0.00228776,,8.27768
1904-05,-0.01690136,0.00229350,,8.08738
1904-06,0.00576923,0.00229925,,8.08738
1904-07,0.04565668,0.00230499,,8.08738
1904-08,0.03789700,0.00231073,,8.18251
1904-09,0.04802663,0.00231648,,8.27768
1904-10,0.06234859,0.00232222,,8.27768
1904-11,0.05756237,0.00232796,,8.46793
1904-12,0.01295390,0.00233370,,8.46793
1905-01,0.02496667,0.00233944,,8.46793
1905-02,0.04698794,0.00324695,,8.46793
1905-03,0.03139205,0.00324355,,8.37284
1905-04,-0.00923849,0.00324015,,8.37284
1905-05,-0.04625000,0.00323675,,8.27768
1905-06,0.01490196,0.00323335,,8.27768
1905-07,0.03451260,0.00322995,,8.27768
1905-08,0.04024145,0.00322655,,8.37284
1905-09,0.00620471,0.00322315,,8.27768
1905-10,0.01703413,0.00321975,,8.27768
1905-11,-0.00241898,0.00321635,,8.37284
1905-12,0.02765843,0.00321296,,8.46793
1906-01,0.03752446,0.00320956,,8.46793
1906-02,-0.00420719,0.00119081,,8.46793
1906-03,-0.02153486,0.00120916,,8.46793
1906-04,-0.01051865,0.00122751,,8.46793
1906-05,-0.02333687,0.00124585,,8.56309
1906-06,0.01638526,0.00126419,,8.56309
1906-07,-0.02248387,0.00128253,,8.27768
1906-08,0.07741630,0.00130087,,8.46793
1906-09,0.03410843,0.00131920,,8.56309
1906-10,-0.02668411,0.00133753,,8.75342
1906-11,0.02393114,0.00135586,,8.84851
1906-12,-0.00570661,0.00137418,,8.94367
1907-01,-0.02503980,0.00139251,,8.84851
1907-02,-0.02783560,0.00168518,,9.03884
1907-03,-0.09458243,0.00170022,,8.94367
1907-04,0.00891517,0.00171525,,8.94367
1907-05,-0.03042610,0.00173029,,9.13400
1907-06,-0.02777778,0.00174532,,9.22909
1907-07,0.04276467,0.00176035,,9.22909
1907-08,-0.07057023,0.00177538,,9.22909
1907-09,-0.00586543,0.00179041,,9.22909
1907-10,-0.10387808,0.00180543,,9.32425
1907-11,-0.05325427,0.00182046,,8.94367
1907-12,0.05706667,0.00183548,,8.75342
1908-01,0.04815703,0.00185050,,8.65826
1908-02,-0.03122506,0.00397368,,8.56309
1908-03,0.04633838,0.00396638,,8.56309
1908-04,0.05903324,0.00395908,,8.65826
1908-05,0.05873964,0.00395179,,8.65826
1908-06,0.00589777,0.00394449,,8.65826
1908-07,0.04119437,0.00393720,,8.75342
1908-08,0.04727799,0.00392990,,8.75342
1908-09,-0.00675948,0.00392261,,8.75342
1908-10,0.01638821,0.00391532,,8.84851
1908-11,0.07177852,0.00390802,,8.94367
1908-12,0.02642507,0.00390073,,9.03884
1909-01,0.00704411,0.00389343,,8.94367
1909-02,-0.02495677,0.00210789,,9.03884
1909-03,0.01751894,0.00211895,,9.03884
1909-04,0.04870422,0.00213001,,9.22909
1909-05,0.03698766,0.00214106,,9.32425
1909-06,0.02128764,0.00215212,,9.41942
1909-07,0.01788520,0.00216318,,9.41942
1909-08,0.02772217,0.00217423,,9.51459
1909-09,0.00450229,0.00218528,,9.60967
1909-10,0.00746892,0.00219634,,9.80000
1909-11,-0.00133024,0.00220739,,9.89517
1909-12,0.01538965,0.00221844,,9.99033
1910-01,-0.01777913,0.00222950,,9.89517
1910-02,-0.03203538,0.00278321,,9.89517
1910-03,0.02852795,0.00278821,,10.08541
1910-04,-0.02033133,0.00279321,,10.18058
1910-05,-0.01258145,0.00279821,,9.99033
1910-06,-0.04415098,0.00280321,,9.89517
1910-07,-0.04635989,0.00280821,,9.89517
1910-08,0.02874228,0.00281320,,9.80000
1910-09,0.01113465,0.00281820,,9.70483
1910-10,0.05036476,0.00282320,,9.41942
1910-11,0.00310712,0.00282820,,9.22909
1910-12,-0.02372001,0.00283320,,9.22909
1911-01,0.02863720,0.00283820,,9.22909
1911-02,0.02148508,0.00311372,,8.94367
1911-03,-0.00751149,0.00311583,,9.03884
1911-04,-0.00008941,0.00311793,,8.75342
1911-05,0.02577227,0.00312004,,8.75342
1911-06,0.02417370,0.00312215,,8.75342
1911-07,-0.00008618,0.00312426,,8.84851
1911-08,-0.04370024,0.00312637,,9.13400
1911-09,-0.05025445,0.00312848,,9.22909
1911-10,0.01028451,0.00313059,,9.22909
1911-11,0.04462920,0.00313269,,9.13400
1911-12,0.00872841,0.00313480,,9.03884
1912-01,0.00540432,0.00313691,,9.13400
1912-02,-0.00446181,0.00037457,,9.22909
1912-03,0.03311670,0.00041053,,9.41942
1912-04,0.03542384,0.00044647,,9.70483
1912-05,0.00307786,0.00048240,,9.70483
1912-06,0.00413187,0.00051831,,9.60967
1912-07,0.00518267,0.00055421,,9.60967
1912-08,0.02708290,0.00059010,,9.70483
1912-09,0.00915308,0.00062597,,9.80000
1912-10,0.00201403,0.00066182,,9.80000
1912-11,-0.00712060,0.00069766,,9.80000
1912-12,-0.03186023,0.00073349,,9.70483
1913-01,-0.00426439,0.00076930,,9.80000
1913-02,-0.03118280,0.00562757,,9.80000
1913-03,-0.01449275,0.00560971,,9.80000
1913-04,0.00340909,0.00559187,,9.80000
1913-05,-0.02275313,0.00557402,,9.70000
1913-06,-0.04561404,0.00555618,,9.80000
1913-07,0.01847291,0.00553835,,9.90000
1913-08,0.03159174,0.00552051,,9.90000
1913-09,0.01420118,0.00550269,,10.00000
1913-10,-0.02696366,0.00548486,,10.00000
1913-11,-0.02058111,0.00546704,,10.10000
1913-12,0.00372671,0.00544923,,10.00000
1914-01,0.04596808,0.00543142,,10.00000
1914-02,0.01782159,0.00293040,,9.90000
1914-03,-0.01429835,0.00293613,,9.90000
1914-04,-0.01943109,0.00294186,,9.80000
1914-05,0.01082718,0.00294760,,9.90000
1914-06,-0.00030600,0.00295333,,9.90000
1914-07,-0.05078926,0.00295906,,10.00000
1914-08,0.00477431,0.00296479,,10.20000
1914-09,0.00472005,0.00297053,,10.20000
1914-10,0.00466580,0.00297626,,10.10000
1914-11,0.00461155,0.00298199,,10.20000
1914-12,-0.03841146,0.00298772,,10.10000
1915-01,0.02245805,0.00299345,,10.10000
1915-02,-0.00867090,0.00480335,,10.00000
1915-03,0.03051603,0.00479115,,9.90000
1915-04,0.07995707,0.00477895,,10.00000
1915-05,-0.01899877,0.00476675,,10.10000
1915-06,0.01577568,0.00475456,,10.10000
1915-07,0.00068201,0.00474237,,10.10000
1915-08,0.04688618,0.00473017,,10.10000
1915-09,0.04139222,0.00471798,,10.10000
1915-10,0.05954869,0.00470579,,10.20000
1915-11,0.03892414,0.00469360,,10.30000
1915-12,0.00590204,0.00468142,,10.30000
1916-01,-0.01194796,0.00466923,,10.40000
1916-02,-0.00989907,0.00216229,,10.40000
1916-03,0.00092844,0.00217570,,10.50000
1916-04,-0.00660396,0.00218910,,10.60000
1916-05,0.02649945,0.00220250,,10.70000
1916-06,0.01415858,0.00221590,,10.80000
1916-07,-0.00938568,0.00222930,,10.80000
1916-08,0.01224901,0.00224270,,10.90000
1916-09,0.04558692,0.00225610,,11.10000
1916-10,0.03562586,0.00226949,,11.30000
1916-11,0.02763193,0.00228289,,11.50000
1916-12,-0.03558603,0.00229628,,11.60000
1917-01,-0.01861565,0.00230968,,11.70000
1917-02,-0.05136102,0.00125618,,12.00000
1917-03,0.03647564,0.00128297,,12.00000
1917-04,-0.00963749,0.00130975,,12.60000
1917-05,-0.02822428,0.00133653,,12.80000
1917-06,0.02619451,0.00136329,,13.00000
1917-07,-0.02179388,0.00139005,,12.80000
1917-08,-0.02344805,0.00141681,,13.00000
1917-09,-0.04164224,0.00144356,,13.30000
1917-10,-0.04732861,0.00147030,,13.50000
1917-11,-0.07596354,0.00149703,,13.50000
1917-12,-0.02592330,0.00152376,,13.70000
1918-01,0.06862745,0.00155048,,14.00000
1918-02,0.03825705,0.00426846,,14.10000
1918-03,-0.01278600,0.00426373,,14.00000
1918-04,-0.00217491,0.00425900,,14.20000
1918-05,0.03929727,0.00425427,,14.50000
1918-06,0.00840054,0.00424954,,14.70000
1918-07,0.01498881,0.00424481,,15.10000
1918-08,0.01608966,0.00424008,,15.40000
1918-09,0.00131926,0.00423535,,15.70000
1918-10,0.04896110,0.00423062,,16.00000
1918-11,0.03159457,0.00422589,,16.30000
1918-12,-0.01395782,0.00422117,,16.50000
1919-01,-0.00035127,0.00421644,,16.50000
1919-02,0.00980149,0.00065681,,16.20000
1919-03,0.03637902,0.00069539,,16.40000
1919-04,0.03896449,0.00073396,,16.70000
1919-05,0.07462555,0.00077250,,16.90000
1919-06,0.03186548,0.00081103,,16.90000
1919-07,0.03751991,0.00084955,,17.40000
1919-08,-0.06253680,0.00088804,,17.70000
1919-09,0.02085682,0.00092652,,17.80000
1919-10,0.05601831,0.00096498,,18.10000
1919-11,-0.02487416,0.00100343,,18.50000
1919-12,-0.02457381,0.00104186,,18.90000
1920-01,-0.00515415,0.00108027,,19.30000
1920-02,-0.07770196,0.00336874,,19.50000
1920-03,0.07577160,0.00337745,,19.70000
1920-04,-0.00304402,0.00338616,,20.30000
1920-05,-0.05773547,0.00339487,,20.60000
1920-06,-0.01199338,0.00340358,,20.90000
1920-07,0.00419087,0.00341228,,20.80000
1920-08,-0.03374737,0.00342099,,20.30000
1920-09,0.04117325,0.00342970,,20.00000
1920-10,0.00670584,0.00343840,,19.90000
1920-11,-0.04535004,0.00344711,,19.80000
1920-12,-0.08389037,0.00345582,,19.40000
1921-01,0.05024229,0.00346452,,19.00000
1921-02,-0.00115213,0.00931918,,18.40000
1921-03,-0.01962347,0.00928058,,18.30000
1921-04,0.01033551,0.00924206,,18.10000
1921-05,0.03629040,0.00920362,,17.70000
1921-06,-0.07437968,0.00916526,,17.60000
1921-07,0.00306361,0.00912698,,17.70000
1921-08,-0.00616769,0.00908878,,17.70000
1921-09,0.03091085,0.00905066,,17.50000
1921-10,0.01951967,0.00901262,,17.50000
1921-11,0.05950498,0.00897467,,17.40000
1921-12,0.04084042,0.00893680,,17.30000
1922-01,0.00392385,0.00889901,,16.90000
1922-02,0.02726370,0.00318388,,16.90000
1922-03,0.04281166,0.00318814,,16.70000
1922-04,0.06585594,0.00319241,,16.70000
1922-05,0.04385708,0.00319667,,16.70000
1922-06,-0.00464048,0.00320094,,16.70000
1922-07,0.01192505,0.00320520,,16.80000
1922-08,0.04243341,0.00320947,,16.60000
1922-09,0.03074273,0.00321373,,16.60000
1922-10,0.02668966,0.00321800,,16.70000
1922-11,-0.04512419,0.00322226,,16.80000
1922-12,0.00255682,0.00322653,,16.90000
1923-01,0.01852411,0.00323079,,16.80000
1923-02,0.04750281,0.00562766,,16.80000
1923-03,0.02078843,0.00560929,,16.80000
1923-04,-0.03042860,0.00559093,,16.90000
1923-05,-0.04250641,0.00557256,,16.90000
1923-06,-0.03306421,0.00555421,,17.00000
1923-07,-0.02836031,0.00553586,,17.20000
1923-08,0.01037324,0.00551751,,17.10000
1923-09,0.01157407,0.00549917,,17.20000
1923-10,-0.00933845,0.00548083,,17.30000
1923-11,0.03537049,0.00546250,,17.30000
1923-12,0.03919790,0.00544417,,17.30000
1924-01,0.03793080,0.00542585,,17.30000
1924-02,0.00956304,0.00473224,,17.20000
1924-03,-0.01413942,0.00471947,,17.10000
1924-04,-0.01784770,0.00470670,,17.00000
1924-05,0.00174804,0.00469393,,17.00000
1924-06,0.02420307,0.00468117,,17.00000
1924-07,0.05158073,0.00466840,,17.10000
1924-08,0.03934385,0.00465564,,17.00000
1924-09,-0.00477338,0.00464288,,17.10000
1924-10,-0.00804775,0.00463012,,17.20000
1924-11,0.06086437,0.00461736,,17.20000
1924-12,0.05869640,0.00460460,,17.30000
1925-01,0.04588419,0.00459184,,17.30000
1925-02,0.01290406,0.00444274,,17.20000
1925-03,-0.02184864,0.00443116,,17.30000
1925-04,-0.00604187,0.00441958,,17.20000
1925-05,0.03672827,0.00440801,,17.30000
1925-06,0.02242381,0.00439643,,17.50000
1925-07,0.03224691,0.00438485,,17.70000
1925-08,0.01789264,0.00437328,,17.70000
1925-09,0.02746296,0.00436170,,17.70000
1925-10,0.03729873,0.00435013,,17.70000
1925-11,0.03529437,0.00433856,,18.00000
1925-12,0.02039152,0.00432699,,17.90000
1926-01,0.01931180,0.00431542,,17.90000
1926-02,0.00563241,0.00540513,,17.90000
1926-03,-0.06378256,0.00538485,,17.80000
1926-04,-0.02349704,0.00536457,,17.90000
1926-05,0.01159625,0.00534431,,17.80000
1926-06,0.05222751,0.00532405,,17.70000
1926-07,0.04660405,0.00530380,,17.50000
1926-08,0.04397781,0.00528355,,17.40000
1926-09,0.01948361,0.00526331,,17.50000
1926-10,-0.01829955,0.00524308,,17.60000
1926-11,0.01742512,0.00522286,,17.70000
1926-12,0.02710387,0.00520264,,17.70000
1927-01,-0.00236780,0.00518243,,17.50000
1927-02,0.02377674,0.00285320,,17.40000
1927-03,0.01970473,0.00285251,,17.30000
1927-04,0.02881939,0.00285182,,17.30000
1927-05,0.03872449,0.00285113,,17.40000
1927-06,0.01706349,0.00285044,,17.60000
1927-07,0.02628554,0.00284975,,17.30000
1927-08,0.05728920,0.00284905,,17.20000
1927-09,0.06066750,0.00284836,,17.30000
1927-10,-0.01162584,0.00284767,,17.40000
1927-11,0.02659522,0.00284698,,17.30000
1927-12,0.02720789,0.00284629,,17.30000
1928-01,0.00771621,0.00284560,,17.30000
1928-02,-0.00825585,0.00088977,,17.10000
1928-03,0.05749615,0.00091067,,17.10000
1928-04,0.06665160,0.00093156,,17.10000
1928-05,0.03437844,0.00095245,,17.20000
1928-06,-0.04562500,0.00097333,,17.10000
1928-07,0.01093892,0.00099421,,17.10000
1928-08,0.03593989,0.00101508,,17.10000
1928-09,0.07376980,0.00103596,,17.30000
1928-10,0.02360534,0.00105683,,17.20000
1928-11,0.07084606,0.00107769,,17.20000
1928-12,0.00697456,0.00109855,,17.10000
1929-01,0.07696184,0.00111941,,17.10000
1929-02,0.00814562,0.00514045,,17.10000
1929-03,0.02054155,0.00512170,,17.00000
1929-04,-0.00298204,0.00510297,,16.90000
1929-05,0.01799842,0.00508423,,17.00000
1929-06,0.02205118,0.00506551,,17.10000
1929-07,0.09203314,0.00504679,,17.30000
1929-08,0.05960323,0.00502807,,17.30000
1929-09,0.04246955,0.00500936,,17.30000
1929-10,-0.10322151,0.00499065,,17.30000
1929-11,-0.26187924,0.00497195,,17.30000
1929-12,0.04377227,0.00495326,,17.20000
1930-01,0.01826636,0.00493457,,17.10000
1930-02,0.06637379,0.00239152,,17.00000
1930-03,0.04122417,0.00239506,,16.90000
1930-04,0.06688005,0.00239861,,17.00000
1930-05,-0.05651283,0.00240216,,16.90000
1930-06,-0.09769215,0.00240570,,16.80000
1930-07,-0.01759681,0.00240925,,16.60000
1930-08,-0.00895576,0.00241279,,16.50000
1930-09,0.00343715,0.00241634,,16.60000
1930-10,-0.13370910,0.00241989,,16.50000
1930-11,-0.06799107,0.00242343,,16.40000
1930-12,-0.06187325,0.00242698,,16.10000
1931-01,0.03549699,0.00243052,,15.90000
1931-02,0.08131675,0.00041125,,15.70000
1931-03,0.02374031,0.00043825,,15.60000
1931-04,-0.09085995,0.00046525,,15.50000
1931-05,-0.09167034,0.00049224,,15.30000
1931-06,-0.02686671,0.00051923,,15.10000
1931-07,0.03849255,0.00054620,,15.10000
1931-08,-0.02492847,0.00057317,,15.10000
1931-09,-0.14376499,0.00060014,,15.00000
1931-10,-0.12759439,0.00062709,,14.90000
1931-11,0.02043333,0.00065404,,14.70000
1931-12,-0.18110363,0.00068098,,14.60000
1932-01,-0.00875494,0.00070792,,14.30000
1932-02,-0.00073594,0.00561178,,14.10000
1932-03,0.01113811,0.00559003,,14.00000
1932-04,-0.23251312,0.00556829,,13.90000
1932-05,-0.11349920,0.00554656,,13.70000
1932-06,-0.12431942,0.00552484,,13.60000
1932-07,0.06137841,0.00550313,,13.60000
1932-08,0.51308550,0.00548142,,13.50000
1932-09,0.10336432,0.00545973,,13.40000
1932-10,-0.13243241,0.00543805,,13.30000
1932-11,-0.00366690,0.00541637,,13.20000
1932-12,-0.02671395,0.00539470,,13.10000
1933-01,0.04563783,0.00537305,,12.90000
1933-02,-0.11271744,0.00408890,,12.70000
1933-03,0.00326667,0.00407677,,12.60000
1933-04,0.11235955,0.00406465,,12.60000
1933-05,0.29311805,0.00405252,,12.60000
1933-06,0.17577978,0.00404040,,12.70000
1933-07,0.08457652,0.00402828,,13.10000
1933-08,-0.04645295,0.00401616,,13.20000
1933-09,-0.00488129,0.00400404,,13.20000
1933-10,-0.09380907,0.00399192,,13.20000
1933-11,0.02796684,0.00397980,,13.20000
1933-12,0.02317655,0.00396769,,13.20000
1934-01,0.06085590,0.00395558,,13.20000
1934-02,0.07749605,0.00493477,0.00059803,13.30000
1934-03,-0.04797924,0.00491513,0.00051520,13.30000
1934-04,0.02019941,0.00489549,0.00019978,13.30000
1934-05,-0.09825855,0.00487586,0.00012491,13.30000
1934-06,0.01703194,0.00485624,0.00013324,13.40000
1934-07,-0.04354628,0.00483662,0.00012491,13.40000
1934-08,-0.03513992,0.00481701,0.00012491,13.40000
1934-09,-0.02007784,0.00479741,0.00015820,13.60000
1934-10,0.01208990,0.00477781,0.00017483,13.50000
1934-11,0.03211546,0.00475822,0.00022472,13.50000
1934-12,0.01059783,0.00473864,0.00020809,13.40000
1935-01,0.00404968,0.00471906,0.00019146,13.60000
1935-02,-0.02618790,0.00333154,0.00016651,13.70000
1935-03,-0.05929844,0.00332242,0.00015820,13.70000
1935-04,0.07933677,0.00331331,0.00012491,13.80000
1935-05,0.08262659,0.00330419,0.00012491,13.80000
1935-06,0.04170940,0.00329507,0.00012491,13.70000
1935-07,0.05599473,0.00328595,0.00012491,13.70000
1935-08,0.07104851,0.00327684,0.00012491,13.70000
1935-09,0.02433304,0.00326772,0.00013324,13.70000
1935-10,0.02993109,0.00325860,0.00016651,13.70000
1935-11,0.09717562,0.00324949,0.00016651,13.80000
1935-12,0.00300358,0.00324037,0.00013324,13.80000
1936-01,0.05828221,0.00323126,0.00012491,13.80000
1936-02,0.06038033,0.00199125,0.00016651,13.80000
1936-03,0.02416953,0.00199336,0.00016651,13.70000
1936-04,0.00424331,0.00199547,0.00016651,13.70000
1936-05,-0.05010454,0.00199758,0.00016651,13.70000
1936-06,0.04583629,0.00199969,0.00016651,13.80000
1936-07,0.06245745,0.00200180,0.00016651,13.90000
1936-08,0.02308269,0.00200391,0.00012491,14.00000
1936-09,0.01454526,0.00200602,0.00016651,14.00000
1936-10,0.05569401,0.00200814,0.00013324,14.00000
1936-11,0.03119860,0.00201025,0.00010827,14.00000
1936-12,-0.01382488,0.00201236,0.00009162,14.00000
1937-01,0.03463267,0.00201447,0.00009995,14.10000
1937-02,0.03306803,0.00310090,0.00014156,14.10000
1937-03,0.00234677,0.00309301,0.00012491,14.20000
1937-04,-0.05610835,0.00308513,0.00031612,14.30000
1937-05,-0.04071135,0.00307724,0.00046547,14.40000
1937-06,-0.03323077,0.00306936,0.00034103,14.40000
1937-07,0.06381430,0.00306147,0.00029951,14.50000
1937-08,0.01424931,0.00305359,0.00023303,14.50000
1937-09,-0.13774393,0.00304570,0.00024135,14.60000
1937-10,-0.14091858,0.00303782,0.00025797,14.60000
1937-11,-0.08258686,0.00302993,0.00016651,14.50000
1937-12,-0.01011905,0.00302205,0.00007497,14.40000
1938-01,0.03231498,0.00301417,0.00009162,14.20000
1938-02,-0.01807643,0.00358875,0.00008330,14.10000
1938-03,-0.06023551,0.00357611,0.00006664,14.10000
1938-04,-0.03454036,0.00356348,0.00006664,14.20000
1938-05,0.01544770,0.00355085,0.00007497,14.10000
1938-06,0.02922512,0.00353822,0.00004166,14.10000
1938-07,0.20464686,0.00352559,0.00004166,14.10000
1938-08,0.01039397,0.00351296,0.00005831,14.10000
1938-09,-0.04102356,0.00350033,0.00004999,14.10000
1938-10,0.11581560,0.00348771,0.00006664,14.00000
1938-11,0.00433895,0.00347508,0.00004166,14.00000
1938-12,-0.02582249,0.00346246,0.00003333,14.00000
1939-01,-0.01160144,0.00344984,0.00002500,14.00000
1939-02,-0.00455555,0.00306935,0.00002500,13.90000
1939-03,0.00268817,0.00305964,0.00002500,13.90000
1939-04,-0.12238813,0.00304994,0.00002500,13.80000
1939-05,0.04098697,0.00304024,0.00002500,13.80000
1939-06,0.02174236,0.00303054,0.00002500,13.80000
1939-07,0.02843395,0.00302085,0.00002500,13.80000
1939-08,-0.01060347,0.00301115,0.00003333,13.80000
1939-09,0.11062969,0.00300145,0.00004166,14.10000
1939-10,0.01396502,0.00299175,0.00011659,14.00000
1939-11,-0.01395349,0.00298206,0.00004166,14.00000
1939-12,-0.01960011,0.00297236,0.00004166,14.00000
1940-01,-0.00145963,0.00296267,0.00003333,13.90000
1940-02,-0.00225835,0.00376885,0.00000833,14.00000
1940-03,-0.00143208,0.00375298,0.00001667,14.00000
1940-04,0.01424326,0.00373710,0.00001667,14.00000
1940-05,-0.13336503,0.00372123,0.00001667,14.00000
1940-06,-0.08089162,0.00370536,0.00004999,14.10000
1940-07,0.03875101,0.00368949,0.00008330,14.00000
1940-08,0.02655433,0.00367363,0.00004166,14.00000
1940-09,0.04763072,0.00365778,0.00003333,14.00000
1940-10,0.01465977,0.00364192,0.00004166,14.00000
1940-11,0.02850264,0.00362607,0.00001667,14.00000
1940-12,-0.03589860,0.00361023,0.00001667,14.10000
1941-01,0.00722802,0.00359438,0.00001667,14.10000
1941-02,-0.05721432,-0.00219410,0.00001667,14.10000
1941-03,0.01179643,-0.00215020,0.00003333,14.20000
1941-04,-0.02543272,-0.00210633,0.00009162,14.30000
1941-05,-0.01584831,-0.00206249,0.00008330,14.40000
1941-06,0.04109226,-0.00201868,0.00009162,14.70000
1941-07,0.05714936,-0.00197489,0.00009995,14.70000
1941-08,0.00078514,-0.00193113,0.00009995,14.90000
1941-09,0.00865165,-0.00188740,0.00010827,15.10000
1941-10,-0.03431532,-0.00184370,0.00008330,15.30000
1941-11,-0.04080479,-0.00180002,0.00007497,15.40000
1941-12,-0.05878691,-0.00175637,0.00023303,15.50000
1942-01,0.02609716,-0.00171274,0.00027458,15.70000
1942-02,-0.02485380,0.00197692,0.00022472,15.80000
1942-03,-0.04768786,0.00197762,0.00020809,16.00000
1942-04,-0.03463733,0.00197831,0.00020809,16.10000
1942-05,0.01860119,0.00197901,0.00026628,16.30000
1942-06,0.05737705,0.00197971,0.00030781,16.30000
1942-07,0.04368414,0.00198041,0.00030781,16.40000
1942-08,0.00032150,0.00198110,0.00031612,16.50000
1942-09,0.01649205,0.00198180,0.00031612,16.50000
1942-10,0.07958909,0.00198250,0.00031612,16.70000
1942-11,0.02145923,0.00198320,0.00031612,16.80000
1942-12,0.01047166,0.00198389,0.00031612,16.90000
1943-01,0.06503852,0.00198459,0.00031612,16.90000
1943-02,0.06433763,0.00198529,0.00031612,16.90000
1943-03,0.04014655,0.00198599,0.00031612,17.20000
1943-04,0.03786510,0.00198668,0.00031612,17.40000
1943-05,0.04363345,0.00198738,0.00031612,17.50000
1943-06,0.02179703,0.00198808,0.00031612,17.50000
1943-07,0.02474747,0.00198878,0.00031612,17.40000
1943-08,-0.04536662,0.00198947,0.00031612,17.30000
1943-09,0.02555366,0.00199017,0.00031612,17.40000
1943-10,-0.00498101,0.00199087,0.00031612,17.40000
1943-11,-0.04204078,0.00199157,0.00031612,17.40000
1943-12,0.01772580,0.00199227,0.00031612,17.40000
1944-01,0.03668215,0.00199296,0.00031612,17.40000
1944-02,-0.00241444,0.00287015,0.00031612,17.40000
1944-03,0.03242707,0.00286289,0.00031612,17.40000
1944-04,-0.01306244,0.00285563,0.00031612,17.50000
1944-05,0.02205402,0.00284838,0.00031612,17.50000
1944-06,0.05144628,0.00284112,0.00031612,17.60000
1944-07,0.03021135,0.00283386,0.00031612,17.70000
1944-08,-0.01053419,0.00282661,0.00031612,17.70000
1944-09,-0.01223003,0.00281935,0.00031612,17.70000
1944-10,0.02883598,0.00281209,0.00031612,17.70000
1944-11,-0.00284018,0.00280484,0.00031612,17.70000
1944-12,0.02600104,0.00279758,0.00031612,17.80000
1945-01,0.03386344,0.00279033,0.00031612,17.80000
1945-02,0.03735277,0.00329770,0.00031612,17.80000
1945-03,0.00316834,0.00328623,0.00031612,17.80000
1945-04,0.02901412,0.00327476,0.00031612,17.80000
1945-05,0.04160831,0.00326329,0.00031612,17.90000
1945-06,0.02187359,0.00325183,0.00031612,18.10000
1945-07,-0.01693543,0.00324036,0.00031612,18.10000
1945-08,0.00708540,0.00322890,0.00031612,18.10000
1945-09,0.07181389,0.00321743,0.00031612,18.10000
1945-10,0.04513889,0.00320597,0.00031612,18.10000
1945-11,0.03606061,0.00319451,0.00031612,18.10000
1945-12,0.02024648,0.00318305,0.00031612,18.20000
1946-01,0.04302110,0.00317159,0.00031612,18.20000
1946-02,0.00588852,0.00138042,0.00031612,18.10000
1946-03,-0.02674783,0.00138470,0.00031612,18.30000
1946-04,0.06769348,0.00138898,0.00031612,18.40000
1946-05,0.00518042,0.00139327,0.00031612,18.50000
1946-06,-0.00338681,0.00139755,0.00031612,18.70000
1946-07,-0.02546047,0.00140183,0.00031612,19.80000
1946-08,-0.01622037,0.00140611,0.00031612,20.20000
1946-09,-0.14420904,0.00141039,0.00031612,20.40000
1946-10,-0.01868419,0.00141468,0.00031612,20.80000
1946-11,-0.00009416,0.00141896,0.00031612,21.30000
1946-12,0.03398003,0.00142324,0.00031612,21.50000
1947-01,0.00921642,0.00142752,0.00031612,21.50000
1947-02,0.04271678,0.00047234,0.00031612,21.50000
1947-03,-0.03670886,0.00048669,0.00031612,21.90000
1947-04,-0.03290824,0.00050103,0.00031612,21.90000
1947-05,-0.01354642,0.00051538,0.00031612,21.90000
1947-06,0.03928405,0.00052972,0.00031612,22.00000
1947-07,0.06699236,0.00054406,0.00031612,22.20000
1947-08,-0.01553583,0.00055840,0.00054834,22.50000
1947-09,-0.02161492,0.00057274,0.00062286,23.00000
1947-10,0.03036004,0.00058708,0.00066423,23.00000
1947-11,-0.00720964,0.00060142,0.00070559,23.10000
1947-12,-0.01113294,0.00061576,0.00076345,23.40000
1948-01,-0.00863089,0.00063009,0.00078824,23.70000
1948-02,-0.04446692,0.00298495,0.00080476,23.50000
1948-03,0.01920804,0.00297646,0.00082954,23.40000
1948-04,0.08187646,0.00296797,0.00082954,23.80000
1948-05,0.05330087,0.00295947,0.00082954,23.90000
1948-06,0.04587203,0.00295098,0.00082954,24.10000
1948-07,-0.01953693,0.00294249,0.00082954,24.40000
1948-08,-0.02485113,0.00293400,0.00082954,24.50000
1948-09,-0.00674404,0.00292551,0.00087907,24.50000
1948-10,0.03199027,0.00291701,0.00090383,24.40000
1948-11,-0.05090591,0.00290852,0.00092858,24.20000
1948-12,-0.00147155,0.00290003,0.00094507,24.10000
1949-01,0.01638505,0.00289154,0.00096156,24.00000
1949-02,-0.03318504,0.00185135,0.00096981,23.80000
1949-03,0.01500790,0.00185205,0.00096981,23.80000
1949-04,0.00421045,0.00185274,0.00096981,23.90000
1949-05,-0.00175358,0.00185344,0.00096981,23.80000
1949-06,-0.04905277,0.00185414,0.00096981,23.90000
1949-07,0.06267400,0.00185484,0.00096981,23.70000
1949-08,0.04174193,0.00185553,0.00084605,23.80000
1949-09,0.01874864,0.00185623,0.00086256,23.90000
1949-10,0.03159743,0.00185693,0.00088732,23.70000
1949-11,0.01964899,0.00185763,0.00087082,23.80000
1949-12,0.03258845,0.00185832,0.00089558,23.60000
1950-01,0.02635026,0.00185902,0.00091208,23.50000
1950-02,0.02527646,0.00009490,0.00088732,23.50000
1950-03,0.01380012,0.00011424,0.00092858,23.60000
1950-04,0.03390970,0.00013359,0.00092858,23.60000
1950-05,0.03919096,0.00015293,0.00095332,23.70000
1950-06,0.02169197,0.00017227,0.00096156,23.80000
1950-07,-0.06704318,0.00019160,0.00095332,24.10000
1950-08,0.06658357,0.00021093,0.00096156,24.30000
1950-09,0.04128233,0.00023026,0.00099454,24.40000
1950-10,0.04741732,0.00024958,0.00107693,24.60000
1950-11,0.00395626,0.00026890,0.00108517,24.70000
1950-12,0.00214322,0.00028822,0.00112633,25.00000
1951-01,0.08019692,0.00030754,0.00110987,25.40000
1951-02,0.04315311,0.00134267,0.00110987,25.70000
1951-03,-0.01106061,0.00135068,0.00112633,25.80000
1951-04,0.01931472,0.00135870,0.00115925,25.80000
1951-05,0.00633618,0.00136671,0.00121682,25.90000
1951-06,-0.01139991,0.00137473,0.00128258,25.90000
1951-07,0.02361435,0.00138275,0.00120038,25.90000
1951-08,0.04960226,0.00139076,0.00129080,25.90000
1951-09,0.03130916,0.00139878,0.00134008,26.10000
1951-10,0.00015378,0.00140679,0.00134829,26.20000
1951-11,-0.02266456,0.00141480,0.00127436,26.40000
1951-12,0.03599736,0.00142282,0.00129080,26.50000
1952-01,0.03835017,0.00143083,0.00143036,26.50000
1952-02,-0.01330898,0.00115013,0.00129901,26.30000
1952-03,0.00750877,0.00116124,0.00127436,26.30000
1952-04,0.00206496,0.00117235,0.00131544,26.40000
1952-05,0.00463353,0.00118346,0.00129901,26.40000
1952-06,0.03248349,0.00119457,0.00138113,26.50000
1952-07,0.03366831,0.00120568,0.00140575,26.70000
1952-08,0.00880516,0.00121679,0.00149596,26.70000
1952-09,-0.01108684,0.00122790,0.00151236,26.70000
1952-10,-0.01615325,0.00123901,0.00141395,26.70000
1952-11,0.03662864,0.00125012,0.00143856,26.70000
1952-12,0.04504594,0.00126122,0.00152875,26.70000
1953-01,0.00988863,0.00127233,0.00172520,26.60000
1953-02,-0.00773491,0.00487179,0.00161884,26.50000
1953-03,0.00957077,0.00485125,0.00162703,26.60000
1953-04,-0.04471806,-0.00270968,0.00165976,26.60000
1953-05,0.01003868,-0.01636032,0.00180693,26.70000
1953-06,-0.03106549,-0.00254784,0.00178242,26.80000
1953-07,0.01913709,0.01800103,0.00174155,26.80000
1953-08,0.00898861,0.00073126,0.00168431,26.90000
1953-09,-0.04106874,0.00932799,0.00168431,26.90000
1953-10,0.03520269,0.02061997,0.00147957,27.00000
1953-11,0.02711723,0.00048242,0.00114279,26.90000
1953-12,0.01840136,0.01007368,0.00119215,26.90000
1954-01,0.03026134,0.01179556,0.00132365,26.90000
1954-02,0.02678492,0.00294323,0.00097805,26.90000
1954-03,0.02584550,0.01086948,0.00080476,26.90000
1954-04,0.04448416,0.00905324,0.00085431,26.80000
1954-05,0.04420518,-0.00514059,0.00080476,26.90000
1954-06,0.01221139,0.00109434,0.00063114,26.90000
1954-07,0.04459217,0.00905790,0.00053178,26.90000
1954-08,0.02396097,-0.00337276,0.00059803,26.90000
1954-09,0.02741621,0.00020535,0.00076345,26.80000
1954-10,0.02716834,-0.00240857,0.00083780,26.80000
1954-11,0.04308232,-0.00235556,0.00081302,26.80000
1954-12,0.04959131,-0.00055760,0.00077172,26.70000
1955-01,0.02170115,-0.00661086,0.00095332,26.70000
1955-02,0.03706304,-0.00129885,0.00101103,26.70000
1955-03,-0.00434901,-0.00039303,0.00096981,26.70000
1955-04,0.03808979,-0.00381472,0.00106046,26.70000
1955-05,-0.00077977,0.00142810,0.00131544,26.70000
1955-06,0.06145833,0.00057464,0.00120038,26.70000
1955-07,0.07647618,-0.00797202,0.00116747,26.80000
1955-08,-0.00296063,-0.00356363,0.00132365,26.80000
1955-09,0.04819703,0.00247500,0.00156971,26.90000
1955-10,-0.04723600,0.01019941,0.00170885,26.90000
1955-11,0.07067468,0.00154217,0.00183961,26.90000
1955-12,0.01238413,-0.00357502,0.00184777,26.80000
1956-01,-0.02382264,0.00761101,0.00209242,26.80000
1956-02,0.00955077,0.00757684,0.00198649,26.80000
1956-03,0.07211719,-0.00789050,0.00191308,26.80000
1956-04,0.01486862,-0.01612856,0.00185594,26.90000
1956-05,-0.02834431,0.01199979,0.00214127,27.00000
1956-06,-0.00257843,0.00852948,0.00214941,27.20000
1956-07,0.05751266,-0.00683077,0.00205169,27.40000
1956-08,-0.00282447,-0.01586265,0.00190491,27.30000
1956-09,-0.03086547,-0.00140857,0.00214127,27.40000
1956-10,-0.00959531,0.00617030,0.00233641,27.50000
1956-11,-0.00718474,-0.00969786,0.00238513,27.50000
1956-12,0.01802885,-0.00537067,0.00245816,27.60000
1957-01,-0.01863216,0.01382508,0.00263643,27.60000
1957-02,-0.03996381,0.01294423,0.00255544,27.70000
1957-03,0.01619891,-0.00306479,0.00254734,27.80000
1957-04,0.02644031,-0.00298583,0.00253113,27.90000
1957-05,0.04160192,-0.00702981,0.00252303,28.00000
1957-06,0.01954183,-0.01338451,0.00251492,28.10000
1957-07,0.02323870,-0.00741434,0.00270117,28.30000
1957-08,-0.05203394,0.00327500,0.00259595,28.30000
1957-09,-0.03737638,0.00408933,0.00276587,28.30000
1957-10,-0.05894725,-0.00079484,0.00289512,28.30000
1957-11,-0.01798416,0.02387119,0.00293547,28.40000
1957-12,0.00320116,0.04614149,0.00271735,28.40000
1958-01,0.02327327,0.01286439,0.00249871,28.60000
1958-02,0.00700525,0.00597839,0.00201094,28.60000
1958-03,0.02417596,0.00851891,0.00126615,28.80000
1958-04,0.00893824,0.01106601,0.00107693,28.90000
1958-05,0.03555214,-0.00102605,0.00093682,28.90000
1958-06,0.02732647,-0.00183831,0.00075519,28.90000
1958-07,0.03070764,-0.01694573,0.00068905,29.00000
1958-08,0.04054299,-0.02555287,0.00075519,28.90000
1958-09,0.02943746,-0.01510908,0.00139754,28.90000
1958-10,0.04360136,-0.00014357,0.00201094,28.90000
1958-11,0.03327336,0.00809681,0.00216568,29.00000
1958-12,0.02163492,-0.00668460,0.00219823,28.90000
1959-01,0.04255728,-0.00974786,0.00227954,29.00000
1959-02,-0.01264034,0.00822624,0.00232016,28.90000
1959-03,0.02807194,0.00086552,0.00222263,28.90000
1959-04,0.01937421,-0.00715646,0.00230391,29.00000
1959-05,0.01766394,-0.01174227,0.00242571,29.00000
1959-06,-0.00605303,0.00119907,0.00233641,29.10000
1959-07,0.04228546,-0.00115439,0.00263643,29.20000
1959-08,-0.00317580,0.00128466,0.00262834,29.20000
1959-09,-0.03702301,-0.01591621,0.00277395,29.30000
1959-10,0.00177720,0.01575159,0.00330589,29.40000
1959-11,0.00670077,0.00377500,0.00331393,29.40000
1959-12,0.03464092,-0.00876790,0.00339425,29.40000
1960-01,-0.01480603,0.00155999,0.00366681,29.30000
1960-02,-0.03603979,0.02214154,0.00355467,29.40000
1960-03,-0.01072666,0.02296780,0.00324158,29.40000
1960-04,0.01584777,0.00114196,0.00271735,29.50000
1960-05,-0.00624040,-0.00201331,0.00265262,29.50000
1960-06,0.03988591,0.01972633,0.00270117,29.60000
1960-07,-0.02196123,0.02383689,0.00202724,29.60000
1960-08,0.01490867,0.01144226,0.00189675,29.60000
1960-09,-0.02720757,0.00316667,0.00189675,29.60000
1960-10,-0.01673965,-0.00417328,0.00204354,29.80000
1960-11,0.03540852,-0.00001403,0.00189675,29.80000
1960-12,0.02690644,0.01063330,0.00195387,29.80000
1961-01,0.05426448,0.00320000,0.00185594,29.80000
1961-02,0.04373651,0.00812028,0.00184777,29.80000
1961-03,0.03396601,0.00643676,0.00199464,29.80000
1961-04,0.02919006,-0.00016352,0.00197018,29.80000
1961-05,0.01263355,0.00891049,0.00188859,29.80000
1961-06,-0.01080201,-0.01077960,0.00188859,29.80000
1961-07,-0.00027092,-0.00002398,0.00192123,30.00000
1961-08,0.03839819,-0.00644706,0.00184777,29.90000
1961-09,-0.00540886,0.00823805,0.00197018,30.00000
1961-10,0.01345525,0.00820264,0.00188043,30.00000
1961-11,0.04774510,0.00163963,0.00189675,30.00000
1961-12,0.01165354,-0.00642073,0.00204354,30.00000
1962-01,-0.03486355,0.00176760,0.00214127,30.00000
1962-02,0.01910300,0.00663791,0.00223889,30.10000
1962-03,0.00341783,0.01231982,0.00224702,30.10000
1962-04,-0.02944152,0.01063330,0.00223889,30.20000
1962-05,-0.07184260,0.00075091,0.00224702,30.20000
1962-06,-0.11411864,-0.00003394,0.00221449,30.20000
1962-07,0.02718358,-0.00484853,0.00224702,30.30000
1962-08,0.03024008,0.00577736,0.00240136,30.30000
1962-09,-0.00592390,0.00331667,0.00232016,30.40000
1962-10,-0.02853927,0.00738628,0.00228766,30.40000
1962-11,0.07203331,0.00408933,0.00225515,30.40000
1962-12,0.04626083,0.00816730,0.00232829,30.40000
1963-01,0.04147599,0.00567066,0.00236077,30.40000
1963-02,0.01596389,-0.00413730,0.00239325,30.40000
1963-03,-0.00107453,0.00245274,0.00240136,30.50000
1963-04,0.04980289,0.00002579,0.00237701,30.50000
1963-05,0.02271588,0.00656403,0.00238513,30.50000
1963-06,0.00218610,-0.00159396,0.00240948,30.60000
1963-07,-0.01221494,0.00089415,0.00245816,30.70000
1963-08,0.03031546,0.00497218,0.00261214,30.70000
1963-09,0.02894008,-0.00312962,0.00272544,30.70000
1963-10,0.00502554,0.00098000,0.00277395,30.80000
1963-11,-0.00303908,0.00261873,0.00283052,30.80000
1963-12,0.02396034,0.00262747,0.00288705,30.90000
1964-01,0.03332060,0.00022459,0.00288705,30.90000
1964-02,0.01481723,0.00508513,0.00288705,30.90000
1964-03,0.02072835,-0.00215762,0.00289512,30.90000
1964-04,0.01694868,0.00271478,0.00290319,30.90000
1964-05,0.01222097,0.00593422,0.00284667,30.90000
1964-06,-0.00348943,0.00591281,0.00285475,31.00000
1964-07,0.03963111,0.00186806,0.00285475,31.10000
1964-08,-0.01223664,0.00349167,0.00283859,31.00000
1964-09,0.01967480,0.00268859,0.00287090,31.10000
1964-10,0.01972186,0.00430347,0.00289512,31.10000
1964-11,0.00938912,0.00671193,0.00292740,31.20000
1964-12,-0.01488374,0.00104672,0.00298387,31.20000
1965-01,0.02822442,0.00267986,0.00314502,31.20000
1965-02,0.00976673,0.00188631,0.00312087,31.20000
1965-03,0.00337176,0.00350833,0.00321745,31.30000
1965-04,0.01559561,0.00431141,0.00321745,31.40000
1965-05,0.01734493,0.00269732,0.00321745,31.40000
1965-06,-0.04505488,0.00350833,0.00318527,31.60000
1965-07,0.00104526,0.00431141,0.00311282,31.60000
1965-08,0.02120218,-0.00050544,0.00314502,31.60000
1965-09,0.03597718,0.00034364,0.00314502,31.60000
1965-10,0.02498695,-0.00120784,0.00320940,31.70000
1965-11,0.01077798,-0.00430721,0.00329785,31.70000
1965-12,-0.00209803,-0.00966427,0.00334606,31.80000
1966-01,0.01982267,0.00463701,0.00357871,31.80000
1966-02,-0.00428633,-0.01328727,0.00374682,32.00000
1966-03,-0.03860539,0.00091671,0.00379479,32.10000
1966-04,0.03322520,0.01343795,0.00374682,32.30000
1966-05,-0.05006065,0.00161686,0.00377080,32.30000
1966-06,-0.00557924,0.00164529,0.00378679,32.40000
1966-07,0.00020335,-0.01219157,0.00367481,32.50000
1966-08,-0.05767513,-0.01109646,0.00391461,32.70000
1966-09,-0.03222773,0.00741187,0.00404224,32.70000
1966-10,-0.00565123,0.01743724,0.00436850,32.90000
1966-11,0.05315341,-0.00731813,0.00435261,32.90000
1966-12,0.00715109,0.02920268,0.00432877,32.90000
1967-01,0.04131317,0.02452572,0.00404224,32.90000
1967-02,0.03731005,-0.00011453,0.00385072,32.90000
1967-03,0.02634692,0.01096579,0.00372282,33.00000
1967-04,0.01992470,-0.00015558,0.00348252,33.10000
1967-05,0.02057681,-0.01639856,0.00314502,33.20000
1967-06,-0.00991828,-0.00907254,0.00295161,33.30000
1967-07,0.01993025,-0.00654359,0.00290319,33.40000
1967-08,0.01852250,-0.00484137,0.00344240,33.50000
1967-09,0.01654496,0.00287791,0.00349054,33.60000
1967-10,0.00097415,-0.00916409,0.00361076,33.70000
1967-11,-0.02881734,-0.01554308,0.00372282,33.80000
1967-12,0.03111735,0.00852459,0.00385871,33.90000
1968-01,-0.00016614,0.01754554,0.00405021,34.10000
1968-02,-0.04256103,0.00235354,0.00407412,34.20000
1968-03,-0.01558310,-0.00877956,0.00405818,34.30000
1968-04,0.07662975,0.01227060,0.00420949,34.40000
1968-05,0.02558854,-0.01233295,0.00437644,34.50000
1968-06,0.02941828,0.01607974,0.00459856,34.70000
1968-07,0.00050027,0.02134944,0.00448757,34.90000
1968-08,-0.01932812,0.01063664,0.00432082,35.00000
1968-09,0.03508817,0.00149582,0.00414582,35.10000
1968-10,0.02718273,-0.00446054,0.00422541,35.30000
1968-11,0.01786823,-0.00430901,0.00435261,35.40000
1968-12,0.01286369,-0.01950380,0.00443202,35.50000
1969-01,-0.03984351,0.00429038,0.00483595,35.60000
1969-02,-0.00237745,-0.00590809,0.00497808,35.80000
1969-03,-0.01912972,-0.00282392,0.00496230,36.10000
1969-04,0.02275092,0.01474152,0.00488335,36.30000
1969-05,0.03514314,-0.00573300,0.00495441,36.40000
1969-06,-0.04970523,-0.01264668,0.00489914,36.60000
1969-07,-0.04204772,-0.00519809,0.00521449,36.80000
1969-08,-0.00283028,0.00773760,0.00565415,37.00000
1969-09,0.00629114,-0.02719306,0.00563848,37.10000
1969-10,0.01346712,0.01016140,0.00572461,37.30000
1969-11,0.00997755,0.00312533,0.00565415,37.50000
1969-12,-0.05027197,-0.02881830,0.00584193,37.70000
1970-01,-0.00588727,-0.00310875,0.00629414,37.80000
1970-02,-0.03195782,0.04469642,0.00633302,38.00000
1970-03,0.02012582,0.01793488,0.00575591,38.20000
1970-04,-0.02747384,-0.01618414,0.00536389,38.50000
1970-05,-0.11198694,-0.02887618,0.00526956,38.60000
1970-06,-0.00269524,0.01132281,0.00552874,38.80000
1970-07,0.00522923,0.03266455,0.00540317,39.00000
1970-08,0.03256149,0.00141838,0.00522236,39.00000
1970-09,0.06321655,0.01593317,0.00519087,39.20000
1970-10,0.02487823,0.01030894,0.00496230,39.40000
1970-11,0.00205115,0.04077987,0.00479642,39.60000
1970-12,0.07156700,0.03821692,0.00429698,39.80000
1971-01,0.04109754,0.01624068,0.00397047,39.80000
1971-02,0.04150176,0.01471845,0.00362677,39.90000
1971-03,0.02830982,0.03570160,0.00303225,40.00000
1971-04,0.03673584,-0.00489565,0.00277395,40.10000
1971-05,-0.01108145,-0.03560717,0.00316112,40.30000
1971-06,-0.01596129,-0.00401174,0.00338622,40.60000
1971-07,-0.00463241,-0.00950205,0.00387468,40.70000
1971-08,-0.01517396,0.01635132,0.00439232,40.80000
1971-09,0.02486117,0.03765399,0.00402630,40.80000
1971-10,-0.01864241,0.02062424,0.00382675,40.90000
1971-11,-0.04372095,0.01385382,0.00364279,40.90000
1971-12,0.07163002,-0.00401980,0.00345043,41.10000
1972-01,0.04422540,0.00346616,0.00328178,41.10000
1972-02,0.02086964,-0.00457362,0.00277395,41.30000
1972-03,0.02619613,0.00580024,0.00262834,41.40000
1972-04,0.01258898,-0.00369481,0.00305643,41.50000
1972-05,-0.00775888,0.00954731,0.00304031,41.60000
1972-06,0.00516094,0.00657271,0.00302419,41.70000
1972-07,-0.00503601,0.00509167,0.00320136,41.90000
1972-08,0.03783945,-0.00219574,0.00325766,42.00000
1972-09,-0.01210210,-0.01920993,0.00328982,42.10000
1972-10,0.00419206,0.01049523,0.00380278,42.30000
1972-11,0.05255982,0.01992685,0.00386670,42.40000
1972-12,0.02313206,-0.00055560,0.00389864,42.50000
1973-01,0.00989835,-0.00190231,0.00412989,42.60000
1973-02,-0.03324653,-0.00747221,0.00440026,42.90000
1973-03,-0.01344863,0.00055024,0.00455101,43.30000
1973-04,-0.01632068,0.00844446,0.00493862,43.60000
1973-05,-0.02568500,-0.00717224,0.00507272,43.90000
1973-06,-0.01988495,0.00218025,0.00515151,44.20000
1973-07,0.01211567,-0.01030761,0.00580284,44.30000
1973-08,-0.01634111,-0.01267627,0.00644180,45.10000
1973-09,0.01996628,0.02784948,0.00695286,45.20000
1973-10,0.04238216,0.02718515,0.00665896,45.60000
1973-11,-0.06850081,0.00992558,0.00582629,45.90000
1973-12,-0.06802288,0.00489746,0.00630192,46.20000
1974-01,0.01702188,-0.01195041,0.00600592,46.60000
1974-02,-0.02471127,0.00793598,0.00625524,47.20000
1974-03,0.04576422,-0.01158976,0.00574808,47.80000
1974-04,-0.04814929,-0.01457451,0.00640296,48.00000
1974-05,-0.02703872,0.00147098,0.00668994,48.60000
1974-06,0.00459091,0.00905729,0.00661247,49.00000
1974-07,-0.11344062,-0.01199018,0.00635634,49.40000
1974-08,-0.03761611,-0.00889705,0.00608390,50.00000
1974-09,-0.10010303,0.00670000,0.00717652,50.60000
1974-10,0.02377340,0.01613663,0.00648061,51.10000
1974-11,0.03743840,0.02156098,0.00601372,51.50000
1974-12,-0.06091441,0.02361519,0.00602152,51.90000
1975-01,0.08635670,0.00138681,0.00577155,52.10000
1975-02,0.10810211,0.01383856,0.00507272,52.50000
1975-03,0.04976072,-0.01693641,0.00447170,52.70000
1975-04,0.01488355,-0.02676345,0.00446376,52.90000
1975-05,0.06713947,0.01823467,0.00455893,53.20000
1975-06,0.02895856,0.02022199,0.00425722,53.60000
1975-07,0.00431999,-0.00683392,0.00434466,54.20000
1975-08,-0.06996252,-0.01569166,0.00497019,54.30000
1975-09,-0.00852682,0.00502544,0.00521449,54.60000
1975-10,0.04970277,0.02636195,0.00519875,54.90000
1975-11,0.02040759,0.01280881,0.00483595,55.30000
1975-12,-0.01180563,0.01006337,0.00445583,55.50000
1976-01,0.09545597,0.02431934,0.00442408,55.60000
1976-02,0.04178425,0.00306295,0.00397047,55.80000
1976-03,0.00802684,0.01056721,0.00397845,55.90000
1976-04,0.01097373,0.01807870,0.00407412,56.10000
1976-05,-0.00381365,-0.01661754,0.00396249,56.50000
1976-06,0.00902503,0.00928440,0.00423336,56.80000
1976-07,0.02667813,0.00857855,0.00440026,57.10000
1976-08,-0.00558221,0.01059315,0.00425722,57.40000
1976-09,0.02440303,0.01877973,0.00418562,57.60000
1976-10,-0.03102949,0.01873128,0.00413785,57.90000
1976-11,-0.00361193,0.01449146,0.00401035,58.00000
1976-12,0.03791996,0.03575213,0.00387468,58.20000
1977-01,-0.00533535,-0.01792508,0.00355467,58.50000
1977-02,-0.02364858,-0.00640931,0.00377080,59.10000
1977-03,-0.00050330,0.00134469,0.00381077,59.50000
1977-04,-0.01188977,0.01243118,0.00375481,60.00000
1977-05,0.00069269,-0.00004731,0.00370682,60.30000
1977-06,0.00904550,0.01869709,0.00404224,60.70000
1977-07,0.01286356,0.00260783,0.00409006,61.00000
1977-08,-0.02074740,0.00128146,0.00422541,61.20000
1977-09,-0.01171355,0.01031537,0.00446376,61.40000
1977-10,-0.02192952,-0.00622740,0.00471733,61.60000
1977-11,0.00986179,0.00216322,0.00499386,61.90000
1977-12,-0.00075131,-0.00116875,0.00494652,62.10000
1978-01,-0.03386509,-0.01174162,0.00492283,62.50000
1978-02,-0.00967990,0.00194263,0.00521449,62.90000
1978-03,0.00269724,0.00602187,0.00522236,63.40000
1978-04,0.04833434,-0.00063141,0.00509636,63.90000
1978-05,0.05507616,-0.00641919,0.00509636,64.50000
1978-06,0.00676693,-0.00027203,0.00519087,65.20000
1978-07,-0.00059162,-0.00468711,0.00544243,65.70000
1978-08,0.07331287,0.02235181,0.00566198,66.00000
1978-09,0.00402631,0.00634985,0.00571678,66.50000
1978-10,-0.02772163,-0.00732869,0.00631747,67.10000
1978-11,-0.05436272,-0.00380186,0.00642626,67.40000
1978-12,0.01924295,-0.00548800,0.00692969,67.70000
1979-01,0.04189065,0.00175778,0.00726891,68.30000
1979-02,-0.01053332,0.00758333,0.00747644,69.10000
1979-03,0.02344837,0.00630655,0.00745340,69.80000
1979-04,0.02434788,0.00377973,0.00757620,70.60000
1979-05,-0.01889216,0.00320665,0.00756086,71.50000
1979-06,0.02421538,0.02961508,0.00767584,72.30000
1979-07,0.01425489,0.00485228,0.00725351,73.10000
1979-08,0.05018933,0.00233098,0.00739195,73.80000
1979-09,0.01544848,-0.01145144,0.00760687,74.60000
1979-10,-0.03348936,-0.05106685,0.00817247,75.20000
1979-11,-0.00318714,-0.01233502,0.00926318,75.90000
1979-12,0.04407747,0.02458669,0.00933092,76.70000
1980-01,0.03316327,-0.01569136,0.00951883,77.80000
1980-02,0.04399609,-0.08046195,0.00948879,78.90000
1980-03,-0.08774212,-0.00829338,0.01013248,80.10000
1980-04,-0.01158336,0.08454431,0.01186143,81.00000
1980-05,0.05039913,0.08821402,0.01038573,81.80000
1980-06,0.06866295,0.03329562,0.00688334,82.70000
1980-07,0.04972610,-0.02042190,0.00570895,82.70000
1980-08,0.03507698,-0.04130759,0.00648061,83.30000
1980-09,0.02838731,-0.01438807,0.00730737,84.00000
1980-10,0.03326746,-0.00410878,0.00818009,84.80000
1980-11,0.04616615,-0.04132444,0.00920293,85.50000
1980-12,-0.01242938,0.00182887,0.01077910,86.30000
1981-01,0.00012484,0.02560614,0.01207345,87.00000
1981-02,-0.03067669,-0.02291378,0.01172958,87.90000
1981-03,0.04145898,0.01477189,0.01156083,88.50000
1981-04,0.01296088,-0.01864540,0.01050466,89.10000
1981-05,-0.01614997,-0.01042245,0.01074947,89.80000
1981-06,0.00859909,0.04530270,0.01266308,90.60000
1981-07,-0.02013522,-0.03056787,0.01151676,91.60000
1981-08,0.00805362,-0.02129976,0.01167825,92.30000
1981-09,-0.08299897,-0.00639099,0.01208805,93.20000
1981-10,0.01729830,0.02125002,0.01149472,93.40000
1981-11,0.03046281,0.10665665,0.01063827,93.70000
1981-12,0.01181855,-0.00624461,0.00862851,94.00000
1982-01,-0.04802100,-0.03292100,0.00862093,94.30000
1982-02,-0.01911765,0.02036593,0.00969886,94.60000
1982-03,-0.02742358,0.04192002,0.01059376,94.50000
1982-04,0.05471570,0.01102573,0.00999813,94.90000
1982-05,0.00571797,0.02479434,0.01001307,95.80000
1982-06,-0.05268471,-0.02370819,0.00955637,97.00000
1982-07,0.00244859,0.03020875,0.00984114,97.50000
1982-08,0.00794993,0.05980298,0.00899927,97.70000
1982-09,0.12097387,0.05100494,0.00696058,97.90000
1982-10,0.08881854,0.09481812,0.00637188,98.20000
1982-11,0.04500335,0.03069898,0.00620855,98.00000
1982-12,0.01355902,0.00939212,0.00648837,97.60000
1983-01,0.03926550,0.01360333,0.00638742,97.80000
1983-02,0.02130785,-0.00677679,0.00632525,97.90000
1983-03,0.03866371,0.02155900,0.00651941,97.90000
1983-04,0.04197937,0.01540276,0.00670543,98.60000
1983-05,0.04424540,0.00987577,0.00659696,99.20000
1983-06,0.01754012,-0.01920435,0.00658146,99.50000
1983-07,0.00709135,-0.02168009,0.00704547,99.90000
1983-08,-0.02406188,-0.01723657,0.00726891,100.20000
1983-09,0.03314860,0.02133921,0.00746876,100.70000
1983-10,0.00649422,0.01604238,0.00720732,101.00000
1983-11,-0.01139932,0.00103269,0.00692969,101.20000
1983-12,-0.00126614,0.00177600,0.00702233,101.30000
1984-01,0.01577453,0.01902213,0.00720732,101.90000
1984-02,-0.05110677,0.00005638,0.00713029,102.40000
1984-03,0.00443950,-0.01690280,0.00727660,102.60000
1984-04,0.00509494,-0.00680640,0.00760687,103.10000
1984-05,-0.00250282,-0.03111514,0.00773711,103.40000
1984-06,-0.01845998,0.00321460,0.00784423,103.70000
1984-07,-0.00907178,0.02199812,0.00787482,104.10000
1984-08,0.09207846,0.04625342,0.00806573,104.50000
1984-09,0.01408151,0.02166391,0.00833234,105.00000
1984-10,-0.00409894,0.03064160,0.00825624,105.30000
1984-11,0.01288430,0.04406472,0.00777538,105.30000
1984-12,-0.00705051,0.01367911,0.00690652,105.30000
1985-01,0.04699763,0.01653920,0.00648061,105.50000
1985-02,0.05789465,0.00198834,0.00624746,106.00000
1985-03,-0.00476322,-0.01029796,0.00664346,106.40000
1985-04,0.01025951,0.03475684,0.00683696,106.90000
1985-05,0.02736865,0.04389846,0.00639519,107.30000
1985-06,0.02512169,0.05114932,0.00602932,107.60000
1985-07,0.02248691,-0.00062871,0.00561498,107.80000
1985-08,-0.01843867,0.00737998,0.00571678,108.00000
1985-09,-0.01883519,0.00618909,0.00576373,108.30000
1985-10,0.01496469,0.01654791,0.00573243,108.70000
1985-11,0.06421411,0.03706746,0.00577937,109.00000
1985-12,0.05295359,0.04114328,0.00584193,109.30000
1986-01,0.00753337,0.01217170,0.00573243,109.60000
1986-02,0.05698847,0.03952440,0.00570895,109.30000
1986-03,0.06184290,0.06960004,0.00570113,108.80000
1986-04,0.02742383,0.03973393,0.00530888,108.60000
1986-05,0.00492764,-0.02179152,0.00491494,108.90000
1986-06,0.03134172,0.00033107,0.00498597,109.50000
1986-07,-0.01802442,0.04113604,0.00503330,109.50000
1986-08,0.02282357,0.01514267,0.00473315,109.70000
1986-09,-0.02454762,-0.01328838,0.00449550,110.20000
1986-10,-0.00089290,0.00758555,0.00424132,110.30000
1986-11,0.03533534,0.01868930,0.00421745,110.40000
1986-12,0.01709506,0.01582488,0.00435261,110.50000
1987-01,0.06674041,0.00802430,0.00449550,111.20000
1987-02,0.06462508,-0.00590332,0.00441614,111.60000
1987-03,0.04377002,0.00604167,0.00454308,112.10000
1987-04,-0.00854701,-0.04557938,0.00454308,112.70000
1987-05,0.00174559,-0.03183960,0.00458271,113.10000
1987-06,0.04500173,0.02101544,0.00459856,113.50000
1987-07,0.03123387,0.00371200,0.00460648,113.80000
1987-08,0.06455265,-0.01306497,0.00462232,114.40000
1987-09,-0.03029245,-0.03428462,0.00489914,115.00000
1987-10,-0.11852578,0.00157666,0.00518300,115.30000
1987-11,-0.12301927,0.05055214,0.00497019,115.40000
1987-12,-0.01332993,-0.00096330,0.00462232,115.40000
1988-01,0.04248156,0.02832987,0.00468567,115.70000
1988-02,0.03330117,0.03780113,0.00471733,116.00000
1988-03,0.03233566,-0.00371757,0.00459856,116.50000
1988-04,-0.00883097,-0.01576631,0.00463025,117.10000
1988-05,-0.02185305,-0.01638489,0.00479642,117.50000
1988-06,0.06001236,0.01852354,0.00507272,118.00000
1988-07,-0.00304560,-0.00152771,0.00523023,118.50000
1988-08,-0.01716111,-0.00513972,0.00544243,119.00000
1988-09,0.01929592,0.02570194,0.00570113,119.80000
1988-10,0.03804415,0.01913751,0.00584193,120.20000
1988-11,-0.02017544,-0.00295302,0.00592786,120.30000
1988-12,0.02329336,-0.00211339,0.00624746,120.50000
1989-01,0.03514567,0.00887013,0.00648837,121.10000
1989-02,0.03302285,0.00247907,0.00664346,121.60000
1989-03,-0.00158447,-0.00436102,0.00684469,122.30000
1989-04,0.03566983,0.01926082,0.00706861,123.10000
1989-05,0.04118241,0.02831366,0.00693741,123.80000
1989-06,0.03397313,0.04581504,0.00676735,124.10000
1989-07,0.02801547,0.02433048,0.00655044,124.40000
1989-08,0.04693851,0.00067411,0.00634079,124.60000
1989-09,0.00459944,0.00143597,0.00635634,125.00000
1989-10,0.00287856,0.01889770,0.00623968,125.60000
1989-11,-0.01810514,0.01612445,0.00615404,125.90000
1989-12,0.02740055,0.00858597,0.00619298,126.10000
1990-01,-0.02209313,-0.01806051,0.00614625,127.40000
1990-02,-0.02524978,-0.01024067,0.00615404,128.00000
1990-03,0.02709437,-0.00078381,0.00623190,128.70000
1990-04,0.00198859,-0.00579648,0.00635634,128.90000
1990-05,0.03853798,0.00927080,0.00625524,129.20000
1990-06,0.03172496,0.02568816,0.00623190,129.90000
1990-07,0.00171266,0.00772368,0.00622412,130.40000
1990-08,-0.07859917,-0.01111055,0.00613846,131.60000
1990-09,-0.04339884,-0.00173672,0.00600592,132.70000
1990-10,-0.02313214,0.01845411,0.00593567,133.50000
1990-11,0.02986164,0.02902564,0.00578720,133.80000
1990-12,0.04588633,0.02771807,0.00570113,133.80000
1991-01,-0.00684748,0.00606504,0.00545028,134.60000
1991-02,0.11606944,0.02295539,0.00504118,134.80000
1991-03,0.03044544,-0.01081832,0.00482014,135.00000
1991-04,0.02259276,0.01144693,0.00479642,135.20000
1991-05,-0.00178659,0.00469332,0.00459063,135.60000
1991-06,0.00347231,-0.00718993,0.00443996,136.00000
1991-07,0.00781440,0.00756291,0.00452722,136.20000
1991-08,0.02679885,0.03183134,0.00453515,136.60000
1991-09,-0.00302174,0.02362662,0.00433672,137.20000
1991-10,0.00181071,0.01460063,0.00424927,137.40000
1991-11,0.00015222,0.01385315,0.00406615,137.80000
1991-12,0.00934563,0.02926503,0.00372282,137.90000
1992-01,0.07358884,0.01011664,0.00333000,138.10000
1992-02,-0.00600045,-0.01557665,0.00311282,138.60000
1992-03,-0.01011570,-0.00758646,0.00314502,139.30000
1992-04,0.00264303,0.01040555,0.00330589,139.50000
1992-05,0.02068350,0.01244215,0.00307254,139.70000
1992-06,-0.01329123,0.01518026,0.00297581,140.20000
1992-07,0.01912609,0.03576846,0.00300000,140.50000
1992-08,0.00942190,0.02359662,0.00263643,140.90000
1992-09,0.00378851,0.01775856,0.00257165,141.30000
1992-10,-0.01182321,-0.00681970,0.00239325,141.80000
1992-11,0.02756834,-0.01429309,0.00235265,142.00000
1992-12,0.03271332,0.01282387,0.00257165,141.90000
1993-01,0.00143339,0.01780569,0.00264453,142.60000
1993-02,0.01724887,0.03021891,0.00246627,143.10000
1993-03,0.02150781,0.02584445,0.00240948,143.60000
1993-04,-0.01341499,0.00572039,0.00242571,144.00000
1993-05,0.00724976,-0.00016731,0.00236077,144.20000
1993-06,0.00865431,0.01093258,0.00243382,144.40000
1993-07,0.00061004,0.01610686,0.00252303,144.40000
1993-08,0.01762466,0.01455653,0.00249871,144.80000
1993-09,0.01354972,0.02901654,0.00248249,145.10000
1993-10,0.01242270,0.00674651,0.00242571,145.70000
1993-11,0.00007904,-0.02464733,0.00248249,145.80000
1993-12,0.00887540,0.00104619,0.00254734,145.80000
1994-01,0.01736655,0.00629794,0.00251492,146.20000
1994-02,-0.00074936,-0.01142356,0.00245005,146.70000
1994-03,-0.01423053,-0.03172237,0.00266881,147.20000
1994-04,-0.03345599,-0.02906333,0.00287090,147.40000
1994-05,0.01059051,-0.00881924,0.00301613,147.50000
1994-06,0.01108893,0.01157632,0.00338622,148.00000
1994-07,-0.00518326,-0.00793775,0.00338622,148.40000
1994-08,0.03082632,0.01025112,0.00353864,149.00000
1994-09,0.00817824,-0.00909526,0.00365880,149.40000
1994-10,-0.00442342,-0.01279390,0.00377080,149.50000
1994-11,-0.00368385,-0.00833885,0.00403427,149.70000
1994-12,-0.01024381,0.01678529,0.00430493,149.70000
1995-01,0.02451357,0.00854149,0.00455101,150.30000
1995-02,0.03819094,0.02779116,0.00463817,150.90000
1995-03,0.02557997,0.02501459,0.00468567,151.40000
1995-04,0.03216792,0.01580580,0.00465400,151.90000
1995-05,0.03348800,0.03660812,0.00459063,152.20000
1995-06,0.03179270,0.03911038,0.00460648,152.50000
1995-07,0.03548716,-0.00284810,0.00444789,152.50000
1995-08,0.00514171,-0.00987028,0.00440820,152.90000
1995-09,0.03718708,0.02655179,0.00439232,153.20000
1995-10,0.00913575,0.01692052,0.00429698,153.70000
1995-11,0.02359386,0.01315635,0.00429698,153.60000
1995-12,0.03390117,0.02135867,0.00436055,153.50000
1996-01,0.00163981,0.00924855,0.00418562,154.40000
1996-02,0.05905796,-0.00717454,0.00407412,154.90000
1996-03,-0.00199372,-0.02858582,0.00393855,155.70000
1996-04,0.00197772,-0.01202012,0.00404224,156.30000
1996-05,0.02355554,-0.01092519,0.00403427,156.60000
1996-06,0.01279308,-0.00637325,0.00409006,156.70000
1996-07,-0.03474944,0.00858473,0.00414582,157.00000
1996-08,0.03077435,0.02215152,0.00419358,157.30000
1996-09,0.02025362,-0.00791697,0.00411396,157.80000
1996-10,0.04120486,0.02722791,0.00414582,158.30000
1996-11,0.05053032,0.02950146,0.00406615,158.60000
1996-12,0.01199134,-0.00208993,0.00409803,158.60000
1997-01,0.03258138,-0.01480358,0.00400238,159.10000
1997-02,0.04361744,0.01702865,0.00409803,159.60000
1997-03,-0.00623129,-0.01388842,0.00408209,160.00000
1997-04,-0.03404896,-0.00854387,0.00418562,160.20000
1997-05,0.09218195,0.01855534,0.00420154,160.10000
1997-06,0.05337158,0.02141450,0.00411396,160.30000
1997-07,0.05736464,0.02507507,0.00401832,160.50000
1997-08,0.00348299,-0.00062194,0.00411396,160.80000
1997-09,0.01192518,0.01180867,0.00418562,161.20000
1997-10,0.01645880,0.01840435,0.00403427,161.60000
1997-11,-0.01151547,0.01612817,0.00405021,161.50000
1997-12,0.02635120,0.01009876,0.00418562,161.30000
1998-01,0.00237521,0.02515427,0.00420154,161.60000
1998-02,0.06402591,0.00236295,0.00410599,161.90000
1998-03,0.05313198,-0.00134528,0.00414582,162.20000
1998-04,0.03406527,0.00545706,0.00409803,162.50000
1998-05,-0.00221108,0.00395163,0.00403427,162.80000
1998-06,0.00117209,0.01601477,0.00407412,163.00000
1998-07,0.04468168,0.00760418,0.00405818,163.20000
1998-08,-0.06970527,0.01366497,0.00404224,163.40000
1998-09,-0.04898010,0.04575545,0.00399440,163.60000
1998-10,0.01291075,0.02613130,0.00376281,164.00000
1998-11,0.10974518,-0.01958265,0.00324158,164.00000
1998-12,0.04104227,0.01816343,0.00360275,163.90000
1999-01,0.05048271,-0.00160447,0.00358673,164.30000
1999-02,-0.00066154,-0.01768752,0.00354666,164.50000
1999-03,0.02924067,-0.01339662,0.00362677,165.00000
1999-04,0.04250022,0.00818567,0.00362677,166.20000
1999-05,-0.00098832,-0.02276680,0.00350657,166.20000
1999-06,-0.00611767,-0.02200563,0.00367481,166.20000
1999-07,0.04522786,0.01309393,0.00373082,166.70000
1999-08,-0.03774004,-0.00624658,0.00371482,167.10000
1999-09,-0.00597619,0.00642761,0.00385072,167.90000
1999-10,-0.01272366,-0.00897824,0.00381876,168.20000
1999-11,0.07106056,0.01097138,0.00396249,168.30000
1999-12,0.02808831,-0.01313357,0.00412989,168.30000
2000-01,-0.00118797,-0.02188084,0.00423336,168.80000
2000-02,-0.02477941,0.01560495,0.00432877,169.80000
2000-03,0.03941094,0.02433603,0.00451136,171.20000
2000-04,0.01424550,0.02509832,0.00462232,171.30000
2000-05,-0.02838908,-0.02744910,0.00459856,171.50000
2000-06,0.03163363,0.03027283,0.00470150,172.40000
2000-07,0.00849677,0.00875467,0.00462232,172.80000
2000-08,0.00939051,0.02136508,0.00483595,172.80000
2000-09,-0.01080305,0.00708743,0.00493862,173.70000
2000-10,-0.05214381,0.00930430,0.00486755,174.00000
2000-11,-0.00772724,0.00627508,0.00495441,174.10000
2000-12,-0.03320235,0.04140278,0.00500175,174.00000
2001-01,0.00454382,0.01049634,0.00468567,175.10000
2001-02,-0.02136882,0.00891062,0.00419358,175.80000
2001-03,-0.09080541,0.02055262,0.00397845,176.20000
2001-04,0.00448038,-0.01509876,0.00361076,176.90000
2001-05,0.06878679,-0.01466056,0.00316917,177.70000
2001-06,-0.02389265,0.01287125,0.00296774,178.00000
2001-07,-0.02660115,0.00745301,0.00286282,177.50000
2001-08,-0.02045724,0.02524576,0.00287897,177.50000
2001-09,-0.11247207,0.02291925,0.00275778,178.30000
2001-10,0.03184032,0.01655855,0.00217382,177.70000
2001-11,0.05053146,-0.00247541,0.00178242,177.40000
2001-12,0.01466049,-0.02995263,0.00154513,176.70000
2002-01,-0.00297713,0.00809505,0.00139754,177.10000
2002-02,-0.03352794,0.01428227,0.00136471,177.80000
2002-03,0.04945245,-0.02409422,0.00142216,178.80000
2002-04,-0.03513686,0.00975051,0.00147957,179.80000
2002-05,-0.02819597,0.00817271,0.00141395,179.80000
2002-06,-0.05920161,0.02212052,0.00143036,179.90000
2002-07,-0.10759157,0.02610144,0.00140575,180.10000
2002-08,0.01138053,0.03510201,0.00138933,180.70000
2002-09,-0.04758461,0.03538820,0.00134008,181.00000
2002-10,-0.01366178,-0.00246962,0.00134829,181.30000
2002-11,0.06626454,-0.00561649,0.00130723,181.30000
2002-12,-0.01034237,0.00499476,0.00101927,180.90000
2003-01,-0.00222054,0.00174018,0.00098630,181.70000
2003-02,-0.06414371,0.01560214,0.00096981,183.10000
2003-03,0.01308396,0.01061934,0.00096981,184.20000
2003-04,0.05285695,-0.00901561,0.00093682,183.80000
2003-05,0.05312056,0.03562062,0.00093682,183.50000
2003-06,0.05704036,0.02310698,0.00088732,183.70000
2003-07,0.00597082,-0.04999835,0.00076345,183.90000
2003-08,-0.00165149,-0.03396471,0.00074692,184.60000
2003-09,0.03162360,0.01811367,0.00078824,185.20000
2003-10,0.02030009,0.00195932,0.00077998,185.00000
2003-11,0.01212726,0.00277589,0.00076345,184.50000
2003-12,0.03065927,0.00598422,0.00077172,184.30000
2004-01,0.04936581,0.01321913,0.00074692,185.20000
2004-02,0.01088207,0.00911342,0.00073039,186.20000
2004-03,-0.01563666,0.02384994,0.00077172,187.40000
2004-04,0.00969570,-0.03825962,0.00077998,188.00000
2004-05,-0.02562832,-0.02533793,0.00077998,189.10000
2004-06,0.02859138,0.00315093,0.00084605,189.70000
2004-07,-0.02237406,0.02214092,0.00105222,189.40000
2004-08,-0.01386163,0.02134782,0.00110163,189.50000
2004-09,0.02784053,0.01565466,0.00122505,189.90000
2004-10,0.00103291,0.00586287,0.00136471,190.90000
2004-11,0.04774592,-0.00381458,0.00145497,191.00000
2004-12,0.02728113,0.00028414,0.00170885,190.30000
2005-01,-0.01347392,0.00432728,0.00180693,190.70000
2005-02,0.01683064,0.00753801,0.00192123,191.80000
2005-03,-0.00253759,-0.02263697,0.00209242,193.30000
2005-04,-0.02407291,0.01651054,0.00225515,194.60000
2005-05,0.01337540,0.01972599,0.00228766,194.40000
2005-06,0.02182348,0.01480525,0.00233641,194.50000
2005-07,0.01809039,-0.01113633,0.00244193,195.40000
2005-08,0.00311245,-0.00292221,0.00264453,196.40000
2005-09,0.00280916,0.00836844,0.00282244,198.80000
2005-10,-0.02622520,-0.01711359,0.00280628,199.20000
2005-11,0.03963290,-0.00260108,0.00304031,197.60000
2005-12,0.02145815,0.00933042,0.00317722,196.80000
2006-01,0.01468003,0.00769697,0.00318527,198.30000
2006-02,-0.00015423,-0.00814500,0.00346647,198.70000
2006-03,0.01487356,-0.00793339,0.00361877,199.80000
2006-04,0.00799749,-0.01692548,0.00368281,201.50000
2006-05,-0.00785228,-0.00505845,0.00375481,202.50000
2006-06,-0.02704372,0.00425833,0.00385072,202.90000
2006-07,0.00721504,0.00579595,0.00390662,203.50000
2006-08,0.02293214,0.02055222,0.00403427,203.90000
2006-09,0.02532598,0.01659118,0.00404224,202.90000
2006-10,0.03617557,0.00315093,0.00392259,201.80000
2006-11,0.02003232,0.01417781,0.00401035,201.50000
2006-12,0.02149825,0.00698910,0.00402630,201.80000
2007-01,0.00694023,-0.01182506,0.00395451,202.41600
2007-02,0.01597238,0.00709779,0.00405818,203.49900
2007-03,-0.02472718,0.01655642,0.00409803,205.35200
2007-04,0.04181602,-0.00639111,0.00402630,206.68600
2007-05,0.03393044,-0.00078148,0.00397047,207.94900
2007-06,0.00346151,-0.02293697,0.00385871,208.35200
2007-07,0.00576106,0.01197173,0.00376281,208.29900
2007-08,-0.04199628,0.03006174,0.00393057,207.91700
2007-09,0.03076290,0.01574908,0.00343438,208.49000
2007-10,0.02993024,0.00297656,0.00318527,208.93600
2007-11,-0.04804957,0.03436754,0.00319331,210.17700
2007-12,0.01239644,0.00749367,0.00268499,210.03600
2008-01,-0.06634127,0.03299752,0.00246627,211.08000
2008-02,-0.01562817,0.00311667,0.00226328,211.69300
2008-03,-0.02625467,0.02223522,0.00174973,213.52800
2008-04,0.04244667,-0.01108582,0.00104398,214.82300
2008-05,0.02563435,-0.01325247,0.00106870,216.63200
2008-06,-0.04245770,-0.01452214,0.00143036,218.81500
2008-07,-0.06078182,0.01071284,0.00153694,219.96400
2008-08,0.02110844,0.01312826,0.00134829,219.08600
2008-09,-0.04847233,0.01971672,0.00142216,218.78300
2008-10,-0.20194635,-0.00675079,0.00093682,216.57300
2008-11,-0.08606667,0.02642632,0.00055663,212.42500
2008-12,-0.00352664,0.10049240,0.00015820,210.22800
2009-01,-0.01099133,-0.00672636,0.00002500,211.14300
2009-02,-0.06706133,-0.02795477,0.00010827,212.19300
2009-03,-0.05691335,0.00669622,0.00024966,212.70900
2009-04,0.12315623,-0.00706683,0.00017483,213.24000
2009-05,0.06654352,-0.02781754,0.00013324,213.85600
2009-06,0.02863720,-0.03262645,0.00014988,215.69300
2009-07,0.01272573,0.01636642,0.00014988,215.35100
2009-08,0.08115729,0.00048296,0.00014988,215.83400
2009-09,0.03645694,0.01887316,0.00014156,215.96900
2009-10,0.02399146,0.00366962,0.00009995,216.17700
2009-11,0.02090449,0.00198913,0.00005831,216.33000
2009-12,0.02222054,-0.01289678,0.00004166,215.94900
2010-01,0.01355692,-0.00851776,0.00004166,216.68700
2010-02,-0.02899734,0.00640334,0.00004999,216.74100
2010-03,0.05941735,-0.00021341,0.00009162,217.63100
2010-04,0.04088268,-0.00669783,0.00012491,218.00900
2010-05,-0.05882072,0.03911437,0.00013324,218.17800
2010-06,-0.03543218,0.02142635,0.00013324,217.96500
2010-07,-0.00158278,0.01886578,0.00009995,218.01100
2010-08,0.00864409,0.02936147,0.00013324,218.31200
2010-09,0.03371947,0.00659231,0.00013324,218.43900
2010-10,0.04578377,0.01181574,0.00012491,218.71100
2010-11,0.02491815,-0.01688174,0.00010827,218.80300
2010-12,0.03714617,-0.04224827,0.00011659,219.17900
2011-01,0.03463759,-0.00562124,0.00011659,220.22300
2011-02,0.03152380,-0.01291303,0.00012491,221.30900
2011-03,-0.01110989,0.01718592,0.00010827,223.46700
2011-04,0.02222921,-0.00132503,0.00008330,224.90600
2011-05,0.00661133,0.02740768,0.00004999,225.96400
2011-06,-0.03660711,0.01714301,0.00003333,225.72200
2011-07,0.03103548,0.00250000,0.00003333,225.92200
2011-08,-0.10398886,0.06440247,0.00003333,226.54500
2011-09,-0.00787276,0.03069104,0.00001667,226.88900
2011-10,0.03021864,-0.01350124,0.00000833,226.42100
2011-11,0.01769999,0.01436071,0.00001667,226.23000
2011-12,0.01557582,0.00437260,0.00000833,225.67200
2012-01,0.04784613,0.00254967,0.00000833,226.66500
2012-02,0.04164574,0.00164167,0.00002500,227.66300
2012-03,0.02885727,-0.01616475,0.00007497,229.39200
2012-04,-0.00036271,0.01255929,0.00006664,230.08500
2012-05,-0.03089009,0.02440161,0.00006664,229.81500
2012-06,-0.01150402,0.01799489,0.00007497,229.47800
2012-07,0.02923752,0.00963679,0.00007497,229.10400
2012-08,0.03390295,-0.01242728,0.00008330,230.37900
2012-09,0.03023680,-0.00224625,0.00008330,231.40700
2012-10,-0.00213940,-0.00129703,0.00009162,231.31700
2012-11,-0.02834287,0.01060766,0.00008330,230.22100
2012-12,0.02178842,-0.00500593,0.00007497,229.60100
2013-01,0.04270441,-0.01571422,0.00005831,230.28000
2013-02,0.02334636,-0.00470273,0.00005831,232.16600
2013-03,0.02724034,0.00345028,0.00008330,232.77300
2013-04,0.01455869,0.01982620,0.00007497,232.53100
2013-05,0.04576321,-0.01385981,0.00004999,232.94500
2013-06,-0.01115810,-0.03111154,0.00003333,233.50400
2013-07,0.03256416,-0.02248812,0.00004166,233.59600
2013-08,0.00254409,-0.01168122,0.00003333,233.87700
2013-09,0.01194347,-0.00374613,0.00003333,234.14900
2013-10,0.02118521,0.01886795,0.00001667,233.54600
2013-11,0.03860947,-0.00647007,0.00004166,233.06900
2013-12,0.01522581,-0.01316636,0.00005831,233.04900
2014-01,0.00969713,0.00585326,0.00005831,233.91600
2014-02,-0.00128146,0.01537011,0.00003333,234.78100
2014-03,0.02724165,0.00139299,0.00004166,236.29300
2014-04,0.00203438,0.00313245,0.00004166,237.07200
2014-05,0.01533748,0.01534582,0.00002500,237.90000
2014-06,0.03198008,-0.00134947,0.00002500,238.34300
2014-07,0.01497406,0.00740707,0.00003333,238.25000
2014-08,-0.00425388,0.01266269,0.00002500,237.85200
2014-09,0.01779606,-0.00759570,0.00002500,238.03100
2014-10,-0.02645260,0.02244772,0.00001667,237.43300
2014-11,0.05707014,-0.00073217,0.00001667,236.15100
2014-12,0.00635178,0.01260329,0.00001667,234.81200
2015-01,-0.01108193,0.03167117,0.00002500,233.70700
2015-02,0.02829274,-0.00742533,0.00002500,234.72200
2015-03,0.00057191,-0.00372829,0.00001667,236.11900
2015-04,0.00879652,0.01071085,0.00002500,236.59900
2015-05,0.00980137,-0.02149554,0.00001667,237.80500
2015-06,-0.00434277,-0.01227182,0.00001667,238.63800
2015-07,-0.00078611,0.00550028,0.00001667,238.65400
2015-08,-0.02423376,0.01528815,0.00002500,238.31600
2015-09,-0.04506047,0.00180833,0.00005831,237.94500
2015-10,0.04318376,0.01075811,0.00001667,237.83800
2015-11,0.02933677,-0.01511206,0.00001667,237.33600
2015-12,-0.01101795,0.00365750,0.00009995,236.52500
2016-01,-0.06418959,0.01527732,0.00019146,236.91600
2016-02,-0.00549200,0.02991095,0.00021641,237.11100
2016-03,0.06363442,-0.00845462,0.00025797,238.13200
2016-04,0.02832057,0.00883303,0.00024135,239.26100
2016-05,-0.00303589,0.00150833,0.00019146,240.22900
2016-06,0.01067270,0.01707040,0.00022472,241.01800
2016-07,0.03298199,0.01427773,0.00022472,240.62800
2016-08,0.01199994,-0.00426576,0.00024966,240.84900
2016-09,-0.00437942,-0.00511129,0.00024966,241.42800
2016-10,-0.00505118,-0.01046703,0.00024135,241.72900
2016-11,0.01202029,-0.03241847,0.00027458,241.35300
2016-12,0.03946823,-0.02886473,0.00037423,241.43200
2017-01,0.01438476,0.00734528,0.00042401,242.83900
2017-02,0.02577276,0.00290384,0.00042401,243.60300
2017-03,0.01750068,-0.00324000,0.00043230,243.80100
2017-04,-0.00153018,0.01798445,0.00061458,244.52400
2017-05,0.01693362,0.00191667,0.00066423,244.73300
2017-06,0.01777402,0.01170000,0.00073866,244.95500
2017-07,0.00988968,-0.00965924,0.00081302,244.78600
2017-08,0.00248881,0.01170649,0.00088732,245.51900
2017-09,0.01654337,0.00273060,0.00083780,246.81900
2017-10,0.02735646,-0.01227182,0.00085431,246.66300
2017-11,0.01590395,0.00284870,0.00088732,246.66900
2017-12,0.02884300,-0.00244040,0.00101927,246.52400
2018-01,0.04863014,-0.01368879,0.00109340,247.86700
2018-02,-0.02885621,-0.02190613,0.00116747,248.99100
2018-03,0.00065677,0.00410339,0.00129901,249.55400
2018-04,-0.01662954,-0.00020946,0.00140575,250.54600
2018-05,0.01962657,-0.00666143,0.00145497,251.58800
2018-06,0.02113988,0.00813588,0.00153694,251.98900
2018-07,0.01582103,0.00414066,0.00156971,252.00600
2018-08,0.02452147,0.00240833,0.00161884,252.14600
2018-09,0.01681060,-0.00697489,0.00167613,252.43900
2018-10,-0.03847636,-0.01019791,0.00175790,252.88500
2018-11,-0.02074702,0.00516846,0.00185594,252.03800
2018-12,-0.05561074,0.02755360,0.00192123,251.23300
2019-01,0.01736924,0.01274775,0.00195387,251.71200
2019-02,0.05830170,0.00485970,0.00195387,252.77600
2019-03,0.01949222,0.01182587,0.00197018,254.20200
2019-04,0.03724346,0.00563707,0.00197833,255.54800
2019-05,-0.01530701,0.01354503,0.00196202,256.09200
2019-06,0.01405856,0.03244514,0.00193755,256.14300
2019-07,0.03828442,0.04110033,0.00179059,256.57100
2019-08,-0.03133355,0.00135833,0.00173338,256.55800
2019-09,0.03086323,-0.00502933,0.00161065,256.75900
2019-10,0.00010753,0.00050462,0.00156152,257.34600
2019-11,0.04434644,-0.00764754,0.00136471,257.20800
2019-12,0.02470232,-0.00301604,0.00127436,256.97400
2020-01,0.03347570,0.01064643,0.00127436,257.97100
2020-02,0.00123213,0.02544435,0.00125793,258.67800
2020-03,-0.18916573,0.06133746,0.00125793,258.11500
2020-04,0.04318718,0.02098240,0.00024135,256.38900
2020-05,0.05887465,-0.00041412,0.00011659,256.39400
2020-06,0.06508366,-0.00520764,0.00010827,257.79700
2020-07,0.03475692,0.01124235,0.00013324,259.10100
2020-08,0.05892786,-0.00237881,0.00010827,259.91800
2020-09,-0.00627682,-0.00234912,0.00008330,260.28000
2020-10,0.01725530,-0.00997011,0.00009162,260.38800
2020-11,0.03953653,-0.00697182,0.00008330,260.22900
2020-12,0.04259633,-0.00497918,0.00007497,260.47400
2021-01,0.02794815,-0.01337118,0.00007497,261.58200
2021-02,0.02491056,-0.01591298,0.00006664,263.01400
2021-03,0.00820896,-0.03104035,0.00003333,264.87700
2021-04,0.06021651,-0.00140458,0.00002500,267.05400
2021-05,0.00760387,0.00319943,0.00001667,269.19500
2021-06,0.01810577,0.01056242,0.00001667,271.69600
2021-07,0.03069112,0.01988816,0.00003333,273.00300
2021-08,0.02186046,0.00483224,0.00004166,273.56700
2021-09,-0.00083632,-0.00729075,0.00004166,274.31000
2021-10,0.00452890,-0.01814310,0.00003333,276.58900
2021-11,0.04745456,0.00315525,0.00004166,277.94800
2021-12,0.00266084,0.00961317,0.00004166,278.80200
2022-01,-0.02051018,-0.02515466,0.00004999,281.14800
2022-02,-0.02901615,-0.01385981,0.00012491,283.71600
2022-03,-0.00891599,-0.01623525,0.00027458,287.50400
2022-04,0.00119599,-0.05179347,0.00036593,289.10900
2022-05,-0.07871434,-0.01056919,0.00063114,292.29600
2022-06,-0.03367975,-0.01791032,0.00081302,296.31100
2022-07,0.00465610,0.02319403,0.00123327,296.27600
2022-08,0.06448316,0.00241667,0.00183961,296.17100
2022-09,-0.07276537,-0.04909435,0.00216568,296.80800
2022-10,-0.03090020,-0.03441396,0.00257165,298.01200
2022-11,0.05286288,0.01065661,0.00304837,297.71100
2022-12,0.00011973,0.02556130,0.00339425,296.79700
2023-01,0.01377372,0.01049031,0.00347450,299.17000
2023-02,0.03147876,-0.01512647,0.00370682,300.84000
2023-03,-0.02584549,0.01054994,0.00379479,301.67500
2023-04,0.03996571,0.01971680,0.00382675,303.36300
2023-05,0.00738032,-0.00623274,0.00401035,304.12700
2023-06,0.04942522,-0.01180802,0.00418562,305.10900
2023-07,0.03876042,-0.00910214,0.00420154,305.69100
