engine,sampler,seed,horizon,alloc,rule,bucket_ccy,n,ruin_pct,ruin_se,spendfail_pct,spendfail_se,spend_p5,spend_med,yrs_below80_med,yrs_below80_p90,final_wealth_med,ce_g4
US1934,hist,,30,60/40,FIX4,,715,2.38,0.57,0.28,0.2,1.171,1.179,0.0,0.0,1.539,0.0045
US1934,hist,,30,80/19,FIX4,,715,0.7,0.31,0.0,0.0,1.171,1.179,0.0,0.0,2.859,0.0108
US1934,hist,,30,100/0,FIX4,,715,0.7,0.31,0.28,0.2,1.171,1.179,0.0,0.0,4.123,0.0057
US1934,hist,,30,60/40,GK4,,715,0.0,0.0,32.31,1.75,0.84,1.484,0.0,17.0,1.6,0.0358
US1934,hist,,30,60/40,GK5,,715,0.0,0.0,39.02,1.82,0.913,1.644,3.0,21.0,1.155,0.0394
US1934,hist,,30,80/19,GK5,,715,0.0,0.0,33.01,1.76,0.938,1.994,0.0,19.600000000000023,1.591,0.0418
US1934,hist,,30,60/40,VG4,,715,0.0,0.0,39.86,1.83,0.688,1.186,3.0,24.0,1.865,0.0299
US1934,hist,,30,BYSQ-3y,FIX4,USD,715,3.22,0.66,0.84,0.34,1.171,1.179,0.0,0.0,3.422,0.0035
US1934,hist,,30,BYSQ-5y,FIX4,USD,715,7.41,0.98,4.2,0.75,1.096,1.179,0.0,0.0,2.822,0.0023
US1934,hist,,30,BYSQ-3y,FIX5,USD,715,21.26,1.53,20.0,1.5,0.963,1.473,0.0,9.0,2.323,0.0013
US1934,hist,,30,BYSQ-3y,GK5,USD,715,0.0,0.0,31.89,1.74,0.951,1.993,0.0,20.0,1.675,0.0428
US1934,boot36,0,30,60/40,FIX4,,10000,6.23,0.24,4.27,0.2,1.121,1.181,0.0,0.0,1.63,0.0019
US1934,boot36,0,30,80/19,FIX4,,10000,5.63,0.23,4.46,0.21,1.127,1.181,0.0,0.0,2.58,0.0018
US1934,boot36,0,30,100/0,FIX4,,10000,6.45,0.25,5.28,0.22,1.065,1.181,0.0,0.0,3.599,0.0016
US1934,boot36,0,30,60/40,GK4,,10000,0.0,0.0,18.7,0.39,0.806,1.35,0.0,19.0,1.476,0.0357
US1934,boot36,0,30,60/40,GK5,,10000,0.04,0.02,29.07,0.45,0.909,1.499,0.0,23.0,1.044,0.0277
US1934,boot36,0,30,80/19,GK5,,10000,0.15,0.04,24.69,0.43,0.922,1.739,0.0,22.0,1.497,0.0123
US1934,boot36,0,30,60/40,VG4,,10000,0.0,0.0,24.97,0.43,0.762,1.2,0.0,22.0,1.67,0.0323
US1934,boot36,0,30,BYSQ-3y,FIX4,USD,10000,7.28,0.26,5.81,0.23,1.044,1.181,0.0,0.0,2.986,0.0016
US1934,boot36,0,30,BYSQ-5y,FIX4,USD,10000,8.73,0.28,6.8,0.25,1.015,1.181,0.0,0.0,2.448,0.0016
US1934,boot36,0,30,BYSQ-3y,FIX5,USD,10000,19.24,0.39,16.73,0.37,0.958,1.476,0.0,7.0,1.826,0.0014
US1934,boot36,0,30,BYSQ-3y,GK5,USD,10000,0.42,0.06,25.29,0.43,0.911,1.786,0.0,22.0,1.577,0.0076
US1934,boot36,1,30,60/40,FIX4,,10000,6.36,0.24,4.6,0.21,1.111,1.181,0.0,0.0,1.664,0.0019
US1934,boot36,1,30,80/19,FIX4,,10000,6.22,0.24,4.74,0.21,1.103,1.181,0.0,0.0,2.581,0.0018
US1934,boot36,1,30,100/0,FIX4,,10000,7.04,0.26,5.92,0.24,1.035,1.181,0.0,0.0,3.637,0.0016
US1934,boot36,1,30,60/40,GK4,,10000,0.0,0.0,18.55,0.39,0.807,1.352,0.0,19.0,1.494,0.0358
US1934,boot36,1,30,60/40,GK5,,10000,0.01,0.01,28.61,0.45,0.909,1.495,0.0,23.0,1.054,0.0395
US1934,boot36,1,30,80/19,GK5,,10000,0.19,0.04,24.36,0.43,0.913,1.736,0.0,22.0,1.502,0.0125
US1934,boot36,1,30,60/40,VG4,,10000,0.0,0.0,24.84,0.43,0.757,1.205,0.0,22.0,1.686,0.0324
US1934,boot36,1,30,BYSQ-3y,FIX4,USD,10000,7.79,0.27,6.28,0.24,1.024,1.181,0.0,0.0,3.006,0.0016
US1934,boot36,1,30,BYSQ-5y,FIX4,USD,10000,9.25,0.29,7.36,0.26,0.991,1.181,0.0,0.0,2.481,0.0016
US1934,boot36,1,30,BYSQ-3y,FIX5,USD,10000,19.26,0.39,16.76,0.37,0.936,1.476,0.0,8.0,1.824,0.0014
US1934,boot36,1,30,BYSQ-3y,GK5,USD,10000,0.63,0.08,25.17,0.43,0.905,1.781,0.0,22.0,1.592,0.0071
US1934,boot36,2,30,60/40,FIX4,,10000,6.47,0.25,4.9,0.22,1.092,1.181,0.0,0.0,1.625,0.0018
US1934,boot36,2,30,80/19,FIX4,,10000,6.04,0.24,4.72,0.21,1.114,1.181,0.0,0.0,2.561,0.0018
US1934,boot36,2,30,100/0,FIX4,,10000,6.76,0.25,5.68,0.23,1.036,1.181,0.0,0.0,3.586,0.0016
US1934,boot36,2,30,60/40,GK4,,10000,0.0,0.0,18.62,0.39,0.799,1.339,0.0,19.0,1.485,0.0354
US1934,boot36,2,30,60/40,GK5,,10000,0.03,0.02,29.05,0.45,0.902,1.484,0.0,23.0,1.055,0.0238
US1934,boot36,2,30,80/19,GK5,,10000,0.16,0.04,24.58,0.43,0.909,1.729,0.0,22.0,1.492,0.0142
US1934,boot36,2,30,60/40,VG4,,10000,0.0,0.0,25.08,0.43,0.75,1.197,0.0,22.0,1.668,0.0319
US1934,boot36,2,30,BYSQ-3y,FIX4,USD,10000,7.56,0.26,5.99,0.24,1.025,1.181,0.0,0.0,2.971,0.0016
US1934,boot36,2,30,BYSQ-5y,FIX4,USD,10000,8.99,0.29,7.03,0.26,1.0,1.181,0.0,0.0,2.45,0.0016
US1934,boot36,2,30,BYSQ-3y,FIX5,USD,10000,19.15,0.39,16.68,0.37,0.939,1.476,0.0,7.100000000000364,1.827,0.0014
US1934,boot36,2,30,BYSQ-3y,GK5,USD,10000,0.44,0.07,25.11,0.43,0.902,1.777,0.0,22.0,1.574,0.0086
US1934,boot12,0,30,60/40,FIX4,,10000,6.55,0.25,4.73,0.21,1.099,1.181,0.0,0.0,1.617,0.0018
US1934,boot12,0,30,80/19,FIX4,,10000,6.41,0.24,5.21,0.22,1.073,1.181,0.0,0.0,2.5,0.0017
US1934,boot12,0,30,100/0,FIX4,,10000,7.52,0.26,6.55,0.25,0.98,1.181,0.0,0.0,3.53,0.0015
US1934,boot12,0,30,60/40,GK4,,10000,0.0,0.0,17.86,0.38,0.808,1.345,0.0,19.0,1.461,0.0355
US1934,boot12,0,30,60/40,GK5,,10000,0.1,0.03,27.91,0.45,0.909,1.49,0.0,23.0,1.03,0.0167
US1934,boot12,0,30,80/19,GK5,,10000,0.65,0.08,24.03,0.43,0.9,1.733,0.0,22.0,1.463,0.0076
US1934,boot12,0,30,60/40,VG4,,10000,0.0,0.0,24.01,0.43,0.758,1.197,0.0,22.0,1.661,0.032
US1934,boot12,0,30,BYSQ-3y,FIX4,USD,10000,8.31,0.28,6.94,0.25,0.98,1.181,0.0,0.0,2.916,0.0015
US1934,boot12,0,30,BYSQ-5y,FIX4,USD,10000,9.5,0.29,7.6,0.26,0.96,1.181,0.0,0.0,2.404,0.0015
US1934,boot12,0,30,BYSQ-3y,FIX5,USD,10000,19.93,0.4,17.21,0.38,0.906,1.476,0.0,8.0,1.774,0.0013
US1934,boot12,0,30,BYSQ-3y,GK5,USD,10000,1.17,0.11,24.64,0.43,0.881,1.774,0.0,22.0,1.544,0.0052
US1934,boot60,0,30,60/40,FIX4,,10000,6.41,0.24,4.6,0.21,1.112,1.182,0.0,0.0,1.632,0.0019
US1934,boot60,0,30,80/19,FIX4,,10000,5.73,0.23,4.39,0.2,1.125,1.181,0.0,0.0,2.541,0.0018
US1934,boot60,0,30,100/0,FIX4,,10000,6.24,0.24,5.13,0.22,1.078,1.181,0.0,0.0,3.629,0.0017
US1934,boot60,0,30,60/40,GK4,,10000,0.0,0.0,20.13,0.4,0.805,1.352,0.0,19.0,1.484,0.0355
US1934,boot60,0,30,60/40,GK5,,10000,0.02,0.01,30.36,0.46,0.902,1.495,0.0,23.0,1.045,0.028
US1934,boot60,0,30,80/19,GK5,,10000,0.13,0.04,25.58,0.44,0.914,1.743,0.0,22.0,1.49,0.013
US1934,boot60,0,30,60/40,VG4,,10000,0.0,0.0,26.7,0.44,0.743,1.202,0.0,22.0,1.657,0.0318
US1934,boot60,0,30,BYSQ-3y,FIX4,USD,10000,6.97,0.25,5.65,0.23,1.051,1.181,0.0,0.0,2.991,0.0017
US1934,boot60,0,30,BYSQ-5y,FIX4,USD,10000,8.98,0.29,6.86,0.25,1.006,1.181,0.0,0.0,2.435,0.0016
US1934,boot60,0,30,BYSQ-3y,FIX5,USD,10000,19.56,0.4,17.0,0.38,0.954,1.476,0.0,8.0,1.813,0.0014
US1934,boot60,0,30,BYSQ-3y,GK5,USD,10000,0.33,0.06,25.93,0.44,0.91,1.787,0.0,22.0,1.582,0.0086
US1934,hist,,50,60/40,FIX4,,475,22.53,1.92,20.63,1.86,1.22,1.963,0.0,15.600000000000023,1.307,0.001
US1934,hist,,50,80/19,FIX4,,475,12.84,1.54,12.63,1.52,1.355,1.963,0.0,11.0,3.86,0.0012
US1934,hist,,50,100/0,FIX4,,475,11.79,1.48,11.16,1.44,1.441,1.963,0.0,5.600000000000023,7.416,0.0013
US1934,hist,,50,60/40,GK4,,475,0.0,0.0,51.79,2.29,1.786,2.261,11.0,19.0,1.821,0.0356
US1934,hist,,50,60/40,GK5,,475,0.0,0.0,76.0,1.96,1.774,2.247,19.0,26.0,1.024,0.0362
US1934,hist,,50,80/19,GK5,,475,0.0,0.0,53.47,2.29,2.013,2.87,11.0,22.600000000000023,1.516,0.0414
US1934,hist,,50,60/40,VG4,,475,0.0,0.0,55.16,2.28,1.19,1.729,22.0,40.0,2.912,0.0283
US1934,hist,,50,BYSQ-3y,FIX4,USD,475,17.26,1.73,16.63,1.71,1.184,1.963,0.0,15.600000000000023,5.397,0.0011
US1934,hist,,50,BYSQ-5y,FIX4,USD,475,27.58,2.05,26.11,2.02,1.063,1.962,0.0,21.0,3.497,0.0009
US1934,hist,,50,BYSQ-3y,FIX5,USD,475,42.74,2.27,41.89,2.26,0.942,2.449,0.0,30.0,1.408,0.0008
US1934,hist,,50,BYSQ-3y,GK5,USD,475,0.0,0.0,52.63,2.29,2.009,3.015,10.0,23.0,1.672,0.0431
US1934,boot36,0,50,60/40,FIX4,,10000,20.02,0.4,18.92,0.39,1.096,1.968,0.0,16.0,2.806,0.001
US1934,boot36,0,50,80/19,FIX4,,10000,15.04,0.36,14.28,0.35,1.094,1.968,0.0,14.0,6.241,0.0011
US1934,boot36,0,50,100/0,FIX4,,10000,13.77,0.34,13.35,0.34,1.014,1.968,0.0,14.0,11.017,0.001
US1934,boot36,0,50,60/40,GK4,,10000,0.0,0.0,27.96,0.45,1.212,2.582,0.0,33.0,1.885,0.0315
US1934,boot36,0,50,60/40,GK5,,10000,0.07,0.03,44.33,0.5,1.236,2.528,8.0,42.0,1.061,0.0184
US1934,boot36,0,50,80/19,GK5,,10000,0.24,0.05,35.08,0.48,1.326,3.354,0.0,37.0,1.907,0.0118
US1934,boot36,0,50,60/40,VG4,,10000,0.0,0.0,31.48,0.46,1.14,2.141,0.0,39.0,2.73,0.0289
US1934,boot36,0,50,BYSQ-3y,FIX4,USD,10000,16.71,0.37,16.14,0.37,1.018,1.968,0.0,17.0,8.525,0.001
US1934,boot36,0,50,BYSQ-5y,FIX4,USD,10000,20.98,0.41,20.18,0.4,0.986,1.967,0.0,20.0,6.366,0.0009
US1934,boot36,0,50,BYSQ-3y,FIX5,USD,10000,32.88,0.47,32.23,0.47,0.933,2.457,0.0,28.0,3.706,0.0009
US1934,boot36,0,50,BYSQ-3y,GK5,USD,10000,0.55,0.07,35.19,0.48,1.317,3.538,0.0,37.0,2.126,0.008
US1934,boot36,1,50,60/40,FIX4,,10000,20.18,0.4,19.05,0.39,1.115,1.968,0.0,16.0,2.956,0.001
US1934,boot36,1,50,80/19,FIX4,,10000,14.54,0.35,13.99,0.35,1.125,1.968,0.0,13.0,6.468,0.0011
US1934,boot36,1,50,100/0,FIX4,,10000,13.31,0.34,12.85,0.33,1.054,1.968,0.0,12.0,11.536,0.0011
US1934,boot36,1,50,60/40,GK4,,10000,0.0,0.0,27.41,0.45,1.24,2.625,0.0,33.0,1.954,0.0316
US1934,boot36,1,50,60/40,GK5,,10000,0.03,0.02,43.61,0.5,1.264,2.569,7.0,42.0,1.099,0.022
US1934,boot36,1,50,80/19,GK5,,10000,0.22,0.05,34.76,0.48,1.352,3.416,0.0,37.0,1.988,0.0129
US1934,boot36,1,50,60/40,VG4,,10000,0.0,0.0,30.9,0.46,1.163,2.155,0.0,39.0,2.825,0.0286
US1934,boot36,1,50,BYSQ-3y,FIX4,USD,10000,16.28,0.37,15.77,0.36,1.031,1.968,0.0,16.0,8.914,0.001
US1934,boot36,1,50,BYSQ-5y,FIX4,USD,10000,20.46,0.4,19.63,0.4,1.002,1.968,0.0,19.0,6.638,0.0009
US1934,boot36,1,50,BYSQ-3y,FIX5,USD,10000,32.58,0.47,31.86,0.47,0.943,2.457,0.0,27.0,4.031,0.001
US1934,boot36,1,50,BYSQ-3y,GK5,USD,10000,0.55,0.07,34.82,0.48,1.356,3.593,0.0,36.0,2.217,0.0069
US1934,boot36,2,50,60/40,FIX4,,10000,19.24,0.39,18.03,0.38,1.118,1.968,0.0,15.0,2.921,0.001
US1934,boot36,2,50,80/19,FIX4,,10000,14.1,0.35,13.41,0.34,1.134,1.968,0.0,12.0,6.533,0.0011
US1934,boot36,2,50,100/0,FIX4,,10000,12.85,0.33,12.32,0.33,1.066,1.968,0.0,11.0,11.648,0.0011
US1934,boot36,2,50,60/40,GK4,,10000,0.0,0.0,26.67,0.44,1.25,2.625,0.0,32.0,1.917,0.0312
US1934,boot36,2,50,60/40,GK5,,10000,0.02,0.01,42.75,0.49,1.271,2.581,6.0,41.0,1.086,0.0254
US1934,boot36,2,50,80/19,GK5,,10000,0.15,0.04,33.82,0.47,1.357,3.428,0.0,37.0,1.95,0.0131
US1934,boot36,2,50,60/40,VG4,,10000,0.0,0.0,30.19,0.46,1.171,2.165,0.0,38.0,2.797,0.0284
US1934,boot36,2,50,BYSQ-3y,FIX4,USD,10000,15.77,0.36,15.17,0.36,1.043,1.968,0.0,16.0,9.061,0.001
US1934,boot36,2,50,BYSQ-5y,FIX4,USD,10000,19.67,0.4,18.99,0.39,1.011,1.968,0.0,18.0,6.8,0.001
US1934,boot36,2,50,BYSQ-3y,FIX5,USD,10000,31.5,0.46,30.58,0.46,0.953,2.457,0.0,27.0,4.117,0.001
US1934,boot36,2,50,BYSQ-3y,GK5,USD,10000,0.51,0.07,33.71,0.47,1.359,3.635,0.0,36.0,2.18,0.0072
US1934,boot12,0,50,60/40,FIX4,,10000,19.96,0.4,18.84,0.39,1.092,1.968,0.0,16.0,2.845,0.001
US1934,boot12,0,50,80/19,FIX4,,10000,14.93,0.36,14.35,0.35,1.074,1.968,0.0,14.0,6.286,0.0011
US1934,boot12,0,50,100/0,FIX4,,10000,14.15,0.35,13.73,0.34,0.989,1.968,0.0,15.0,11.299,0.001
US1934,boot12,0,50,60/40,GK4,,10000,0.01,0.01,26.68,0.44,1.218,2.597,0.0,33.0,1.885,0.0303
US1934,boot12,0,50,60/40,GK5,,10000,0.16,0.04,43.47,0.5,1.239,2.536,7.0,42.0,1.055,0.0163
US1934,boot12,0,50,80/19,GK5,,10000,0.49,0.07,34.71,0.48,1.321,3.389,0.0,38.0,1.902,0.0086
US1934,boot12,0,50,60/40,VG4,,10000,0.0,0.0,28.82,0.45,1.15,2.158,0.0,39.0,2.815,0.0263
US1934,boot12,0,50,BYSQ-3y,FIX4,USD,10000,17.06,0.38,16.4,0.37,0.973,1.968,0.0,18.0,8.697,0.001
US1934,boot12,0,50,BYSQ-5y,FIX4,USD,10000,20.98,0.41,20.21,0.4,0.966,1.967,0.0,20.0,6.436,0.0009
US1934,boot12,0,50,BYSQ-3y,FIX5,USD,10000,32.92,0.47,32.21,0.47,0.912,2.458,0.0,28.0,3.769,0.0009
US1934,boot12,0,50,BYSQ-3y,GK5,USD,10000,1.14,0.11,34.71,0.48,1.311,3.559,0.0,37.100000000000364,2.127,0.0057
US1934,boot60,0,50,60/40,FIX4,,10000,19.76,0.4,18.7,0.39,1.102,1.968,0.0,16.0,2.918,0.001
US1934,boot60,0,50,80/19,FIX4,,10000,14.67,0.35,14.06,0.35,1.126,1.968,0.0,13.0,6.498,0.0011
US1934,boot60,0,50,100/0,FIX4,,10000,13.2,0.34,12.83,0.33,1.059,1.968,0.0,12.0,11.56,0.0011
US1934,boot60,0,50,60/40,GK4,,10000,0.0,0.0,27.77,0.45,1.22,2.633,0.0,33.0,1.917,0.0313
US1934,boot60,0,50,60/40,GK5,,10000,0.01,0.01,43.74,0.5,1.248,2.588,7.0,41.0,1.076,0.0286
US1934,boot60,0,50,80/19,GK5,,10000,0.18,0.04,34.66,0.48,1.336,3.42,0.0,37.0,1.952,0.0128
US1934,boot60,0,50,60/40,VG4,,10000,0.0,0.0,31.62,0.46,1.143,2.171,0.0,39.0,2.743,0.0284
US1934,boot60,0,50,BYSQ-3y,FIX4,USD,10000,16.36,0.37,15.67,0.36,1.047,1.968,0.0,16.0,8.923,0.001
US1934,boot60,0,50,BYSQ-5y,FIX4,USD,10000,20.6,0.4,19.8,0.4,1.005,1.968,0.0,20.0,6.664,0.0009
US1934,boot60,0,50,BYSQ-3y,FIX5,USD,10000,31.98,0.47,31.23,0.46,0.947,2.458,0.0,28.0,3.959,0.001
US1934,boot60,0,50,BYSQ-3y,GK5,USD,10000,0.43,0.07,34.72,0.48,1.347,3.588,0.0,36.0,2.198,0.0081
TW1983,hist,,30,60/40,FIX4,,118,0.0,0.0,0.0,0.0,1.181,1.19,0.0,0.0,5.135,0.0397
TW1983,hist,,30,80/19,FIX4,,118,0.0,0.0,0.0,0.0,1.181,1.19,0.0,0.0,6.278,0.0397
TW1983,hist,,30,100/0,FIX4,,118,0.0,0.0,0.0,0.0,1.181,1.19,0.0,0.0,7.173,0.0397
TW1983,hist,,30,60/40,GK4,,118,0.0,0.0,0.0,0.0,1.58,2.164,0.0,0.0,3.239,0.0537
TW1983,hist,,30,60/40,GK5,,118,0.0,0.0,0.0,0.0,1.738,2.376,0.0,0.0,2.352,0.0637
TW1983,hist,,30,80/19,GK5,,118,0.0,0.0,0.0,0.0,1.902,2.587,0.0,0.0,2.854,0.0662
TW1983,hist,,30,60/40,VG4,,118,0.0,0.0,0.0,0.0,1.368,1.836,0.0,0.0,3.962,0.0492
TW1983,hist,,30,BYSQ-3y,FIX4,USD,118,0.0,0.0,0.0,0.0,1.181,1.19,0.0,0.0,6.219,0.0397
TW1983,hist,,30,BYSQ-5y,FIX4,USD,118,0.0,0.0,0.0,0.0,1.181,1.19,0.0,0.0,5.459,0.0397
TW1983,hist,,30,BYSQ-3y,FIX5,USD,118,0.0,0.0,0.0,0.0,1.476,1.488,0.0,0.0,4.813,0.0496
TW1983,hist,,30,BYSQ-3y,GK5,USD,118,0.0,0.0,0.0,0.0,1.85,2.475,0.0,0.0,2.607,0.065
TW1983,boot36,0,30,60/40,FIX4,,10000,0.18,0.04,0.12,0.03,1.186,1.192,0.0,0.0,3.992,0.0068
TW1983,boot36,0,30,80/19,FIX4,,10000,0.71,0.08,0.46,0.07,1.186,1.192,0.0,0.0,5.358,0.004
TW1983,boot36,0,30,100/0,FIX4,,10000,2.17,0.15,1.78,0.13,1.185,1.192,0.0,0.0,6.748,0.0025
TW1983,boot36,0,30,60/40,GK4,,10000,0.0,0.0,1.34,0.11,1.13,1.809,0.0,0.0,2.87,0.0475
TW1983,boot36,0,30,60/40,GK5,,10000,0.03,0.02,3.9,0.19,1.257,1.974,0.0,4.0,2.082,0.0204
TW1983,boot36,0,30,80/19,GK5,,10000,0.06,0.02,6.43,0.25,1.23,2.26,0.0,7.0,2.702,0.0153
TW1983,boot36,0,30,60/40,VG4,,10000,0.0,0.0,2.35,0.15,1.099,1.638,0.0,0.0,3.101,0.046
TW1983,boot36,0,30,BYSQ-3y,FIX4,USD,10000,1.94,0.14,1.49,0.12,1.185,1.192,0.0,0.0,5.728,0.0026
TW1983,boot36,0,30,BYSQ-5y,FIX4,USD,10000,2.01,0.14,1.47,0.12,1.185,1.192,0.0,0.0,4.874,0.0028
TW1983,boot36,0,30,BYSQ-3y,FIX5,USD,10000,7.62,0.27,6.15,0.24,1.283,1.489,0.0,0.0,4.033,0.002
TW1983,boot36,0,30,BYSQ-3y,GK5,USD,10000,0.36,0.06,9.04,0.29,1.16,2.242,0.0,10.0,2.579,0.0086
TW1983,boot36,0,30,BYSQ-3y,FIX4,TWD(r=-1%),10000,2.43,0.15,1.91,0.14,1.185,1.192,0.0,0.0,5.516,0.0025
TW1983,boot36,0,30,BYSQ-3y,FIX4,TWD(r=+0%),10000,2.29,0.15,1.74,0.13,1.185,1.192,0.0,0.0,5.643,0.0025
TW1983,boot36,0,30,BYSQ-3y,FIX4,TWD(r=+1%),10000,2.06,0.14,1.57,0.12,1.185,1.192,0.0,0.0,5.75,0.0026
TW1983,boot36,1,30,60/40,FIX4,,10000,0.25,0.05,0.19,0.04,1.186,1.192,0.0,0.0,3.997,0.0057
TW1983,boot36,1,30,80/19,FIX4,,10000,0.76,0.09,0.5,0.07,1.186,1.192,0.0,0.0,5.401,0.0039
TW1983,boot36,1,30,100/0,FIX4,,10000,2.1,0.14,1.64,0.13,1.185,1.192,0.0,0.0,6.92,0.0025
TW1983,boot36,1,30,60/40,GK4,,10000,0.0,0.0,1.31,0.11,1.12,1.81,0.0,0.0,2.862,0.0475
TW1983,boot36,1,30,60/40,GK5,,10000,0.01,0.01,3.99,0.2,1.252,1.975,0.0,4.0,2.083,0.0545
TW1983,boot36,1,30,80/19,GK5,,10000,0.07,0.03,6.29,0.24,1.23,2.267,0.0,7.0,2.751,0.0164
TW1983,boot36,1,30,60/40,VG4,,10000,0.0,0.0,2.23,0.15,1.094,1.635,0.0,0.0,3.122,0.046
TW1983,boot36,1,30,BYSQ-3y,FIX4,USD,10000,1.83,0.13,1.46,0.12,1.185,1.192,0.0,0.0,5.856,0.0026
TW1983,boot36,1,30,BYSQ-5y,FIX4,USD,10000,1.86,0.14,1.45,0.12,1.185,1.192,0.0,0.0,4.987,0.0027
TW1983,boot36,1,30,BYSQ-3y,FIX5,USD,10000,7.32,0.26,6.16,0.24,1.281,1.489,0.0,0.0,4.139,0.002
TW1983,boot36,1,30,BYSQ-3y,GK5,USD,10000,0.45,0.07,9.17,0.29,1.165,2.25,0.0,10.0,2.646,0.0076
TW1983,boot36,1,30,BYSQ-3y,FIX4,TWD(r=-1%),10000,2.3,0.15,1.75,0.13,1.185,1.192,0.0,0.0,5.644,0.0025
TW1983,boot36,1,30,BYSQ-3y,FIX4,TWD(r=+0%),10000,2.08,0.14,1.63,0.13,1.185,1.192,0.0,0.0,5.781,0.0026
TW1983,boot36,1,30,BYSQ-3y,FIX4,TWD(r=+1%),10000,1.91,0.14,1.49,0.12,1.185,1.192,0.0,0.0,5.885,0.0026
TW1983,boot36,2,30,60/40,FIX4,,10000,0.25,0.05,0.16,0.04,1.186,1.192,0.0,0.0,3.982,0.0059
TW1983,boot36,2,30,80/19,FIX4,,10000,0.81,0.09,0.61,0.08,1.186,1.192,0.0,0.0,5.342,0.0037
TW1983,boot36,2,30,100/0,FIX4,,10000,2.27,0.15,1.86,0.14,1.185,1.192,0.0,0.0,6.761,0.0024
TW1983,boot36,2,30,60/40,GK4,,10000,0.0,0.0,1.43,0.12,1.126,1.804,0.0,0.0,2.859,0.0475
TW1983,boot36,2,30,60/40,GK5,,10000,0.0,0.0,4.12,0.2,1.256,1.972,0.0,4.0,2.077,0.0545
TW1983,boot36,2,30,80/19,GK5,,10000,0.09,0.03,6.79,0.25,1.222,2.262,0.0,7.0,2.714,0.0148
TW1983,boot36,2,30,60/40,VG4,,10000,0.0,0.0,2.39,0.15,1.089,1.633,0.0,0.0,3.105,0.046
TW1983,boot36,2,30,BYSQ-3y,FIX4,USD,10000,2.13,0.14,1.72,0.13,1.185,1.192,0.0,0.0,5.727,0.0025
TW1983,boot36,2,30,BYSQ-5y,FIX4,USD,10000,2.21,0.15,1.68,0.13,1.185,1.192,0.0,0.0,4.862,0.0026
TW1983,boot36,2,30,BYSQ-3y,FIX5,USD,10000,7.73,0.27,6.33,0.24,1.268,1.489,0.0,0.0,4.045,0.002
TW1983,boot36,2,30,BYSQ-3y,GK5,USD,10000,0.39,0.06,9.52,0.29,1.159,2.24,0.0,10.0,2.593,0.008
TW1983,boot36,2,30,BYSQ-3y,FIX4,TWD(r=-1%),10000,2.49,0.16,2.0,0.14,1.185,1.192,0.0,0.0,5.503,0.0024
TW1983,boot36,2,30,BYSQ-3y,FIX4,TWD(r=+0%),10000,2.29,0.15,1.9,0.14,1.185,1.192,0.0,0.0,5.643,0.0025
TW1983,boot36,2,30,BYSQ-3y,FIX4,TWD(r=+1%),10000,2.12,0.14,1.75,0.13,1.185,1.192,0.0,0.0,5.759,0.0025
TW1983,boot12,0,30,60/40,FIX4,,10000,0.61,0.08,0.37,0.06,1.187,1.192,0.0,0.0,4.005,0.0045
TW1983,boot12,0,30,80/19,FIX4,,10000,1.14,0.11,0.9,0.09,1.187,1.192,0.0,0.0,5.351,0.0032
TW1983,boot12,0,30,100/0,FIX4,,10000,2.54,0.16,2.06,0.14,1.186,1.192,0.0,0.0,6.696,0.0022
TW1983,boot12,0,30,60/40,GK4,,10000,0.0,0.0,2.32,0.15,1.103,1.819,0.0,0.0,2.872,0.0469
TW1983,boot12,0,30,60/40,GK5,,10000,0.02,0.01,5.59,0.23,1.22,1.987,0.0,7.0,2.093,0.0306
TW1983,boot12,0,30,80/19,GK5,,10000,0.2,0.04,7.69,0.27,1.203,2.265,0.0,8.0,2.697,0.0103
TW1983,boot12,0,30,60/40,VG4,,10000,0.0,0.0,3.28,0.18,1.069,1.648,0.0,1.0,3.129,0.0454
TW1983,boot12,0,30,BYSQ-3y,FIX4,USD,10000,2.69,0.16,2.03,0.14,1.186,1.192,0.0,0.0,5.696,0.0023
TW1983,boot12,0,30,BYSQ-5y,FIX4,USD,10000,2.71,0.16,2.11,0.14,1.186,1.192,0.0,0.0,4.86,0.0024
TW1983,boot12,0,30,BYSQ-3y,FIX5,USD,10000,8.55,0.28,6.91,0.25,1.213,1.489,0.0,0.0,4.029,0.0019
TW1983,boot12,0,30,BYSQ-3y,GK5,USD,10000,0.59,0.08,10.2,0.3,1.144,2.233,0.0,12.0,2.581,0.0064
TW1983,boot60,0,30,60/40,FIX4,,10000,0.06,0.02,0.04,0.02,1.185,1.192,0.0,0.0,4.022,0.0107
TW1983,boot60,0,30,80/19,FIX4,,10000,0.41,0.06,0.27,0.05,1.185,1.192,0.0,0.0,5.399,0.005
TW1983,boot60,0,30,100/0,FIX4,,10000,1.77,0.13,1.41,0.12,1.185,1.191,0.0,0.0,6.796,0.0027
TW1983,boot60,0,30,60/40,GK4,,10000,0.0,0.0,0.9,0.09,1.148,1.813,0.0,0.0,2.873,0.0479
TW1983,boot60,0,30,60/40,GK5,,10000,0.01,0.01,3.08,0.17,1.277,1.982,0.0,3.0,2.085,0.0551
TW1983,boot60,0,30,80/19,GK5,,10000,0.04,0.02,6.32,0.24,1.235,2.291,0.0,7.0,2.726,0.0226
TW1983,boot60,0,30,60/40,VG4,,10000,0.0,0.0,1.64,0.13,1.123,1.641,0.0,0.0,3.107,0.0465
TW1983,boot60,0,30,BYSQ-3y,FIX4,USD,10000,1.56,0.12,1.09,0.1,1.185,1.191,0.0,0.0,5.772,0.003
TW1983,boot60,0,30,BYSQ-5y,FIX4,USD,10000,1.55,0.12,1.1,0.1,1.185,1.191,0.0,0.0,4.913,0.0031
TW1983,boot60,0,30,BYSQ-3y,FIX5,USD,10000,7.36,0.26,5.92,0.24,1.307,1.489,0.0,0.0,4.122,0.0021
TW1983,boot60,0,30,BYSQ-3y,GK5,USD,10000,0.36,0.06,9.09,0.29,1.17,2.274,0.0,10.0,2.633,0.0088
TW1983,boot36,0,50,60/40,FIX4,,10000,1.65,0.13,1.46,0.12,1.978,1.986,0.0,0.0,14.539,0.0026
TW1983,boot36,0,50,80/19,FIX4,,10000,2.67,0.16,2.54,0.16,1.977,1.986,0.0,0.0,23.593,0.002
TW1983,boot36,0,50,100/0,FIX4,,10000,4.59,0.21,4.44,0.21,1.974,1.986,0.0,0.0,34.01,0.0015
TW1983,boot36,0,50,60/40,GK4,,10000,0.0,0.0,2.6,0.16,2.192,4.728,0.0,0.0,6.016,0.053
TW1983,boot36,0,50,60/40,GK5,,10000,0.01,0.01,8.28,0.28,2.121,4.482,0.0,12.0,3.532,0.0562
TW1983,boot36,0,50,80/19,GK5,,10000,0.08,0.03,10.9,0.31,2.162,5.757,0.0,12.0,5.567,0.0194
TW1983,boot36,0,50,60/40,VG4,,10000,0.0,0.0,2.9,0.17,2.062,3.752,0.0,0.0,8.229,0.0511
TW1983,boot36,0,50,BYSQ-3y,FIX4,USD,10000,5.22,0.22,4.99,0.22,1.9,1.986,0.0,0.0,28.075,0.0015
TW1983,boot36,0,50,BYSQ-5y,FIX4,USD,10000,6.75,0.25,6.43,0.25,1.625,1.986,0.0,0.0,23.053,0.0014
TW1983,boot36,0,50,BYSQ-3y,FIX5,USD,10000,14.51,0.35,14.17,0.35,1.245,2.481,0.0,16.0,17.919,0.0013
TW1983,boot36,0,50,BYSQ-3y,GK5,USD,10000,0.4,0.06,14.81,0.36,1.979,5.645,0.0,17.0,5.28,0.01
TW1983,boot36,0,50,BYSQ-3y,FIX4,TWD(r=-1%),10000,6.07,0.24,5.79,0.23,1.668,1.986,0.0,0.0,26.783,0.0014
TW1983,boot36,0,50,BYSQ-3y,FIX4,TWD(r=+0%),10000,5.57,0.23,5.35,0.23,1.798,1.986,0.0,0.0,27.627,0.0015
TW1983,boot36,0,50,BYSQ-3y,FIX4,TWD(r=+1%),10000,5.15,0.22,4.87,0.22,1.954,1.986,0.0,0.0,28.296,0.0015
TW1983,boot36,1,50,60/40,FIX4,,10000,1.41,0.12,1.29,0.11,1.978,1.986,0.0,0.0,14.184,0.0027
TW1983,boot36,1,50,80/19,FIX4,,10000,2.47,0.16,2.32,0.15,1.977,1.986,0.0,0.0,22.411,0.002
TW1983,boot36,1,50,100/0,FIX4,,10000,4.44,0.21,4.27,0.2,1.974,1.986,0.0,0.0,31.811,0.0015
TW1983,boot36,1,50,60/40,GK4,,10000,0.0,0.0,2.4,0.15,2.222,4.703,0.0,0.0,5.898,0.053
TW1983,boot36,1,50,60/40,GK5,,10000,0.03,0.02,8.38,0.28,2.151,4.45,0.0,12.0,3.466,0.0362
TW1983,boot36,1,50,80/19,GK5,,10000,0.11,0.03,10.97,0.31,2.201,5.682,0.0,13.0,5.326,0.0105
TW1983,boot36,1,50,60/40,VG4,,10000,0.0,0.0,2.67,0.16,2.093,3.741,0.0,0.0,8.105,0.0511
TW1983,boot36,1,50,BYSQ-3y,FIX4,USD,10000,5.02,0.22,4.89,0.22,1.968,1.986,0.0,0.0,26.378,0.0015
TW1983,boot36,1,50,BYSQ-5y,FIX4,USD,10000,6.4,0.24,6.11,0.24,1.612,1.986,0.0,0.0,21.504,0.0015
TW1983,boot36,1,50,BYSQ-3y,FIX5,USD,10000,14.88,0.36,14.44,0.35,1.247,2.481,0.0,17.0,16.665,0.0013
TW1983,boot36,1,50,BYSQ-3y,GK5,USD,10000,0.43,0.07,15.33,0.36,2.001,5.562,0.0,17.0,5.058,0.0081
TW1983,boot36,1,50,BYSQ-3y,FIX4,TWD(r=-1%),10000,5.9,0.24,5.62,0.23,1.706,1.986,0.0,0.0,25.175,0.0015
TW1983,boot36,1,50,BYSQ-3y,FIX4,TWD(r=+0%),10000,5.39,0.23,5.12,0.22,1.851,1.986,0.0,0.0,25.873,0.0015
TW1983,boot36,1,50,BYSQ-3y,FIX4,TWD(r=+1%),10000,4.93,0.22,4.73,0.21,1.971,1.986,0.0,0.0,26.474,0.0015
TW1983,boot36,2,50,60/40,FIX4,,10000,1.47,0.12,1.31,0.11,1.978,1.986,0.0,0.0,14.045,0.0027
TW1983,boot36,2,50,80/19,FIX4,,10000,2.42,0.15,2.28,0.15,1.977,1.986,0.0,0.0,22.477,0.0021
TW1983,boot36,2,50,100/0,FIX4,,10000,4.84,0.21,4.62,0.21,1.973,1.986,0.0,0.0,31.857,0.0015
TW1983,boot36,2,50,60/40,GK4,,10000,0.0,0.0,2.64,0.16,2.193,4.666,0.0,0.0,5.846,0.0528
TW1983,boot36,2,50,60/40,GK5,,10000,0.0,0.0,8.56,0.28,2.124,4.41,0.0,12.0,3.428,0.0559
TW1983,boot36,2,50,80/19,GK5,,10000,0.07,0.03,11.1,0.31,2.135,5.616,0.0,13.0,5.29,0.0298
TW1983,boot36,2,50,60/40,VG4,,10000,0.01,0.01,2.82,0.17,2.084,3.727,0.0,0.0,7.946,0.0121
TW1983,boot36,2,50,BYSQ-3y,FIX4,USD,10000,5.43,0.23,5.24,0.22,1.822,1.986,0.0,0.0,26.295,0.0015
TW1983,boot36,2,50,BYSQ-5y,FIX4,USD,10000,6.85,0.25,6.56,0.25,1.602,1.986,0.0,0.0,21.488,0.0014
TW1983,boot36,2,50,BYSQ-3y,FIX5,USD,10000,14.99,0.36,14.58,0.35,1.24,2.481,0.0,17.0,16.582,0.0013
TW1983,boot36,2,50,BYSQ-3y,GK5,USD,10000,0.42,0.06,15.23,0.36,1.955,5.518,0.0,17.0,5.012,0.0084
TW1983,boot36,2,50,BYSQ-3y,FIX4,TWD(r=-1%),10000,6.26,0.24,6.07,0.24,1.588,1.986,0.0,0.0,25.153,0.0014
TW1983,boot36,2,50,BYSQ-3y,FIX4,TWD(r=+0%),10000,5.93,0.24,5.72,0.23,1.677,1.986,0.0,0.0,25.888,0.0015
TW1983,boot36,2,50,BYSQ-3y,FIX4,TWD(r=+1%),10000,5.56,0.23,5.31,0.22,1.802,1.986,0.0,0.0,26.443,0.0015
TW1983,boot12,0,50,60/40,FIX4,,10000,2.1,0.14,1.93,0.14,1.979,1.986,0.0,0.0,14.505,0.0022
TW1983,boot12,0,50,80/19,FIX4,,10000,2.81,0.17,2.74,0.16,1.979,1.986,0.0,0.0,23.364,0.0019
TW1983,boot12,0,50,100/0,FIX4,,10000,4.58,0.21,4.38,0.2,1.977,1.986,0.0,0.0,33.511,0.0015
TW1983,boot12,0,50,60/40,GK4,,10000,0.0,0.0,3.76,0.19,2.124,4.789,0.0,0.0,5.975,0.0513
TW1983,boot12,0,50,60/40,GK5,,10000,0.04,0.02,10.35,0.3,2.054,4.527,0.0,14.0,3.517,0.0296
TW1983,boot12,0,50,80/19,GK5,,10000,0.19,0.04,11.3,0.32,2.155,5.85,0.0,13.0,5.477,0.012
TW1983,boot12,0,50,60/40,VG4,,10000,0.02,0.01,3.75,0.19,2.005,3.774,0.0,1.0,8.362,0.0103
TW1983,boot12,0,50,BYSQ-3y,FIX4,USD,10000,5.45,0.23,5.22,0.22,1.82,1.986,0.0,0.0,27.607,0.0015
TW1983,boot12,0,50,BYSQ-5y,FIX4,USD,10000,6.69,0.25,6.48,0.25,1.554,1.986,0.0,0.0,22.736,0.0014
TW1983,boot12,0,50,BYSQ-3y,FIX5,USD,10000,14.62,0.35,14.18,0.35,1.242,2.482,0.0,16.0,17.61,0.0013
TW1983,boot12,0,50,BYSQ-3y,GK5,USD,10000,0.78,0.09,15.37,0.36,1.948,5.676,0.0,17.0,5.128,0.0073
TW1983,boot60,0,50,60/40,FIX4,,10000,1.03,0.1,0.91,0.09,1.977,1.986,0.0,0.0,14.694,0.0031
TW1983,boot60,0,50,80/19,FIX4,,10000,1.97,0.14,1.85,0.13,1.977,1.986,0.0,0.0,23.532,0.0022
TW1983,boot60,0,50,100/0,FIX4,,10000,3.84,0.19,3.75,0.19,1.975,1.986,0.0,0.0,33.651,0.0016
TW1983,boot60,0,50,60/40,GK4,,10000,0.0,0.0,1.95,0.14,2.309,4.743,0.0,0.0,6.069,0.054
TW1983,boot60,0,50,60/40,GK5,,10000,0.0,0.0,6.59,0.25,2.22,4.486,0.0,9.0,3.576,0.0582
TW1983,boot60,0,50,80/19,GK5,,10000,0.05,0.02,9.58,0.29,2.291,5.805,0.0,10.0,5.605,0.0567
TW1983,boot60,0,50,60/40,VG4,,10000,0.0,0.0,1.94,0.14,2.183,3.775,0.0,0.0,8.269,0.0523
TW1983,boot60,0,50,BYSQ-3y,FIX4,USD,10000,4.27,0.2,4.17,0.2,1.974,1.986,0.0,0.0,27.861,0.0016
TW1983,boot60,0,50,BYSQ-5y,FIX4,USD,10000,5.62,0.23,5.38,0.23,1.798,1.986,0.0,0.0,22.855,0.0015
TW1983,boot60,0,50,BYSQ-3y,FIX5,USD,10000,13.23,0.34,12.91,0.34,1.297,2.481,0.0,14.0,18.186,0.0013
TW1983,boot60,0,50,BYSQ-3y,GK5,USD,10000,0.19,0.04,13.11,0.34,2.095,5.716,0.0,15.0,5.334,0.0109
