engine,horizon,strategy,rate,ruin_pct,spend_p5,spend_med,endw_med,sfabs15,sfabs20,sfabs25,sfabs30,ce_g2,ce_g4,ce_g8
US1934,30,60/40 FIX2,0.02,0.01,0.586,0.591,3.04,0.0,100.0,100.0,100.0,0.0197,0.0197,0.0197
US1934,30,100/0 FIX2,0.02,0.17,0.586,0.591,5.66,0.11,100.0,100.0,100.0,0.0195,0.0085,0.0017
US1934,30,60/40 GK2,0.02,0.0,0.502,0.869,2.65,10.6,81.9,100.0,100.0,0.0251,0.0219,0.0176
US1934,30,80/19 GK2,0.02,0.0,0.512,1.014,3.65,11.4,73.98,100.0,100.0,0.0271,0.0225,0.0166
US1934,30,60/40 FIX2.25,0.0225,0.01,0.66,0.665,2.86,0.0,0.01,100.0,100.0,0.0221,0.019,0.0027
US1934,30,100/0 FIX2.25,0.0225,0.41,0.659,0.665,5.41,0.3,0.32,100.0,100.0,0.0216,0.0062,0.0015
US1934,30,60/40 GK2.25,0.0225,0.0,0.549,0.947,2.47,6.1,32.21,98.29,100.0,0.0276,0.0241,0.0192
US1934,30,80/19 GK2.25,0.0225,0.0,0.561,1.107,3.41,6.87,30.95,95.87,100.0,0.0298,0.0247,0.018
US1934,30,60/40 FIX2.5,0.025,0.08,0.733,0.738,2.69,0.02,0.03,100.0,100.0,0.0246,0.0148,0.0022
US1934,30,100/0 FIX2.5,0.025,0.63,0.733,0.738,5.16,0.49,0.51,100.0,100.0,0.0234,0.0049,0.0013
US1934,30,60/40 GK2.5,0.025,0.0,0.594,1.02,2.31,3.93,18.86,83.64,99.59,0.03,0.0262,0.0206
US1934,30,80/19 GK2.5,0.025,0.0,0.606,1.191,3.19,4.46,19.55,76.27,98.93,0.0324,0.0269,0.0193
US1934,30,60/40 FIX2.75,0.0275,0.37,0.806,0.812,2.52,0.17,0.19,0.21,100.0,0.0267,0.008,0.0016
US1934,30,100/0 FIX2.75,0.0275,1.07,0.806,0.812,4.91,0.81,0.85,0.88,100.0,0.0246,0.0041,0.0012
US1934,30,60/40 GK2.75,0.0275,0.0,0.636,1.087,2.15,2.72,13.02,40.18,95.79,0.0321,0.0281,0.0219
US1934,30,80/19 GK2.75,0.0275,0.0,0.648,1.271,2.97,3.22,13.24,37.6,91.77,0.0349,0.0289,0.0204
US1934,30,60/40 FIX3,0.03,0.79,0.879,0.886,2.34,0.45,0.47,0.48,100.0,0.0283,0.0056,0.0014
US1934,30,100/0 FIX3,0.03,1.71,0.879,0.886,4.65,1.27,1.28,1.31,100.0,0.0251,0.0035,0.0011
US1934,30,60/40 GK3,0.03,0.0,0.675,1.149,2.0,2.08,9.53,28.19,85.51,0.0342,0.0299,0.0231
US1934,30,80/19 GK3,0.03,0.0,0.688,1.344,2.77,2.39,9.66,26.6,77.9,0.0372,0.0307,0.0214
US1934,30,60/40 FIX3.25,0.0325,1.49,0.952,0.96,2.16,0.91,0.97,0.99,0.99,0.029,0.0042,0.0013
US1934,30,100/0 FIX3.25,0.0325,2.53,0.952,0.96,4.39,1.93,1.97,2.0,2.03,0.0246,0.003,0.0011
US1934,30,60/40 GK3.25,0.0325,0.0,0.71,1.206,1.86,1.6,7.37,21.63,46.55,0.0361,0.0316,0.0241
US1934,30,80/19 GK3.25,0.0325,0.0,0.725,1.41,2.58,1.97,7.55,20.42,42.87,0.0393,0.0324,0.0222
US1934,30,60/40 FIX3.5,0.035,2.51,1.025,1.034,1.99,1.58,1.62,1.66,1.75,0.0284,0.0034,0.0011
US1934,30,100/0 FIX3.5,0.035,3.58,1.024,1.034,4.14,2.75,2.78,2.83,2.86,0.0232,0.0026,0.001
US1934,30,60/40 GK3.5,0.035,0.0,0.746,1.258,1.73,1.24,6.19,17.08,37.09,0.0379,0.0331,0.0249
US1934,30,80/19 GK3.5,0.035,0.0,0.759,1.47,2.4,1.68,6.31,16.24,33.93,0.0413,0.034,0.0229
US1934,30,60/40 FIX3.75,0.0375,3.95,1.097,1.107,1.81,2.63,2.71,2.79,2.85,0.0265,0.0029,0.0011
US1934,30,100/0 FIX3.75,0.0375,4.84,1.094,1.107,3.87,3.86,3.92,3.96,4.01,0.0211,0.0023,0.001
US1934,30,60/40 GK3.75,0.0375,0.0,0.778,1.306,1.6,1.1,5.3,14.55,30.6,0.0395,0.0345,0.0256
US1934,30,80/19 GK3.75,0.0375,0.0,0.793,1.527,2.23,1.45,5.35,13.71,27.92,0.0431,0.0355,0.0235
US1934,30,60/40 FIX4,0.04,6.23,1.121,1.181,1.63,4.11,4.15,4.26,4.31,0.0233,0.0024,0.001
US1934,30,100/0 FIX4,0.04,6.45,1.065,1.181,3.6,5.12,5.17,5.24,5.35,0.0187,0.0021,0.0009
US1934,30,60/40 GK4,0.04,0.0,0.806,1.35,1.48,1.0,4.6,12.88,26.39,0.0411,0.0357,0.0263
US1934,30,80/19 GK4,0.04,0.0,0.822,1.578,2.06,1.38,4.75,11.91,23.44,0.0449,0.0368,0.0241
US1934,30,60/40 FIX4.25,0.0425,9.01,1.088,1.255,1.46,6.4,6.47,6.61,6.74,0.0194,0.0021,0.0009
US1934,30,100/0 FIX4.25,0.0425,8.54,1.019,1.255,3.36,6.8,6.9,6.97,7.04,0.0161,0.0019,0.0009
US1934,30,60/40 GK4.25,0.0425,0.0,0.836,1.393,1.36,0.9,4.05,11.51,23.37,0.0424,0.0368,0.0268
US1934,30,80/19 GK4.25,0.0425,0.01,0.847,1.623,1.91,1.23,4.31,10.51,20.56,0.0464,0.0379,0.0242
US1934,30,60/40 FIX4.5,0.045,12.18,1.055,1.329,1.28,9.03,9.18,9.3,9.42,0.0157,0.0018,0.0009
US1934,30,100/0 FIX4.5,0.045,10.58,0.985,1.329,3.12,8.87,8.93,8.99,9.06,0.0137,0.0017,0.0008
US1934,30,60/40 GK4.5,0.045,0.0,0.862,1.43,1.25,0.76,3.8,10.36,21.23,0.0437,0.0378,0.0273
US1934,30,80/19 GK4.5,0.045,0.04,0.877,1.665,1.76,1.23,3.87,9.55,18.42,0.0479,0.0283,0.003
US1934,30,60/40 FIX4.75,0.0475,16.19,1.033,1.402,1.1,12.26,12.4,12.53,12.65,0.0126,0.0016,0.0008
US1934,30,100/0 FIX4.75,0.0475,12.98,0.965,1.402,2.86,10.85,10.92,11.04,11.15,0.0116,0.0016,0.0008
US1934,30,60/40 GK4.75,0.0475,0.01,0.887,1.467,1.14,0.79,3.6,9.68,19.97,0.0449,0.0387,0.0278
US1934,30,80/19 GK4.75,0.0475,0.07,0.901,1.707,1.62,1.12,3.7,9.05,17.09,0.0491,0.0163,0.0023
US1934,30,60/40 FIX5,0.05,20.66,1.017,1.476,0.94,15.89,16.13,16.36,16.54,0.01,0.0015,0.0008
US1934,30,100/0 FIX5,0.05,15.71,0.948,1.476,2.61,13.31,13.38,13.46,13.58,0.0099,0.0015,0.0008
US1934,30,60/40 GK5,0.05,0.04,0.909,1.499,1.04,0.65,3.35,9.1,18.62,0.0459,0.0285,0.003
US1934,30,80/19 GK5,0.05,0.15,0.922,1.739,1.5,1.11,3.56,8.61,16.26,0.05,0.0126,0.002
US1934,30,60/40 VPW3,,20.88,1.165,2.104,0.0,0.11,0.9,2.85,6.79,0.0611,0.051,0.0325
US1934,30,80/19 VPW3,,23.16,1.21,2.52,0.01,0.32,1.29,3.22,6.96,0.067,0.0515,0.0229
US1934,30,60/40 RMD,,20.88,1.226,2.371,0.01,0.0,0.35,2.35,12.13,0.0587,0.0469,0.0369
US1934,30,80/19 RMD,,23.16,1.285,2.89,0.01,0.1,0.84,3.74,14.76,0.0633,0.0472,0.0329
US1934,30,60/40 VG4,,0.0,0.762,1.2,1.67,2.55,8.11,18.01,33.25,0.0368,0.0323,0.0211
US1934,50,60/40 FIX2,0.02,0.36,0.979,0.984,7.29,0.3,100.0,100.0,100.0,0.0192,0.0059,0.0015
US1934,50,100/0 FIX2,0.02,0.9,0.979,0.984,20.04,0.84,100.0,100.0,100.0,0.0181,0.0038,0.0012
US1934,50,60/40 GK2,0.02,0.0,0.94,2.125,5.02,12.72,82.16,100.0,100.0,0.0307,0.0238,0.0164
US1934,50,80/19 GK2,0.02,0.0,1.031,2.865,8.43,14.0,74.83,100.0,100.0,0.0344,0.0245,0.0147
US1934,50,60/40 FIX2.25,0.0225,0.93,1.101,1.107,6.7,0.79,0.79,100.0,100.0,0.0207,0.0043,0.0013
US1934,50,100/0 FIX2.25,0.0225,1.51,1.101,1.107,18.87,1.34,1.34,100.0,100.0,0.0188,0.0031,0.0011
US1934,50,60/40 GK2.25,0.0225,0.0,1.001,2.245,4.47,8.44,34.16,98.55,100.0,0.0332,0.0258,0.0173
US1934,50,80/19 GK2.25,0.0225,0.0,1.096,3.027,7.54,9.11,32.66,96.2,100.0,0.0374,0.0266,0.0153
US1934,50,60/40 FIX2.5,0.025,1.89,1.223,1.23,6.13,1.61,1.63,100.0,100.0,0.021,0.0033,0.0011
US1934,50,100/0 FIX2.5,0.025,2.38,1.223,1.23,17.8,2.18,2.2,100.0,100.0,0.0186,0.0027,0.001
US1934,50,60/40 GK2.5,0.025,0.0,1.052,2.343,3.99,6.17,21.9,84.36,99.65,0.0354,0.0275,0.0178
US1934,50,80/19 GK2.5,0.025,0.0,1.151,3.163,6.72,6.84,22.25,77.3,99.04,0.04,0.0284,0.016
US1934,50,60/40 FIX2.75,0.0275,3.36,1.344,1.354,5.57,2.92,2.97,3.02,100.0,0.0198,0.0026,0.001
US1934,50,100/0 FIX2.75,0.0275,3.52,1.344,1.353,16.63,3.29,3.3,3.34,100.0,0.0173,0.0023,0.001
US1934,50,60/40 GK2.75,0.0275,0.0,1.094,2.419,3.55,5.23,16.54,43.27,96.46,0.0372,0.0289,0.018
US1934,50,80/19 GK2.75,0.0275,0.0,1.197,3.27,5.99,5.38,16.62,40.33,92.91,0.0423,0.0299,0.0161
US1934,50,60/40 FIX3,0.03,5.66,1.395,1.476,5.02,5.06,5.08,5.14,100.0,0.0171,0.0022,0.0009
US1934,50,100/0 FIX3,0.03,5.0,1.461,1.476,15.56,4.68,4.68,4.71,100.0,0.0154,0.002,0.0009
US1934,50,60/40 GK3,0.03,0.0,1.131,2.48,3.14,4.54,14.06,32.34,86.47,0.0388,0.0301,0.0182
US1934,50,80/19 GK3,0.03,0.0,1.232,3.346,5.35,4.61,13.82,29.88,79.3,0.0443,0.0312,0.016
US1934,50,60/40 FIX3.25,0.0325,8.22,1.27,1.599,4.47,7.4,7.45,7.52,7.53,0.014,0.0018,0.0009
US1934,50,100/0 FIX3.25,0.0325,6.74,1.244,1.599,14.33,6.36,6.37,6.41,6.49,0.0132,0.0018,0.0009
US1934,50,60/40 GK3.25,0.0325,0.0,1.162,2.521,2.78,4.4,12.55,26.67,50.49,0.0401,0.0308,0.0179
US1934,50,80/19 GK3.25,0.0325,0.0,1.26,3.402,4.73,4.14,11.66,24.44,46.15,0.046,0.0321,0.016
US1934,50,60/40 FIX3.5,0.035,11.48,1.187,1.722,3.93,10.61,10.64,10.71,10.78,0.0111,0.0016,0.0008
US1934,50,100/0 FIX3.5,0.035,9.08,1.13,1.722,13.21,8.67,8.72,8.74,8.76,0.011,0.0016,0.0008
US1934,50,60/40 GK3.5,0.035,0.0,1.187,2.554,2.45,4.21,11.64,23.79,42.4,0.0411,0.0314,0.0178
US1934,50,80/19 GK3.5,0.035,0.0,1.282,3.44,4.19,4.01,10.68,21.25,38.04,0.0474,0.0328,0.0158
US1934,50,60/40 FIX3.75,0.0375,15.66,1.136,1.845,3.36,14.29,14.39,14.48,14.54,0.0087,0.0014,0.0008
US1934,50,100/0 FIX3.75,0.0375,11.38,1.058,1.845,12.14,10.98,11.01,11.04,11.04,0.0092,0.0014,0.0008
US1934,50,60/40 GK3.75,0.0375,0.0,1.202,2.571,2.15,4.38,11.49,22.12,37.62,0.0419,0.0316,0.0175
US1934,50,80/19 GK3.75,0.0375,0.01,1.304,3.462,3.7,3.99,10.01,19.58,32.88,0.0485,0.0284,0.0033
US1934,50,60/40 FIX4,0.04,20.02,1.096,1.968,2.81,18.83,18.88,18.91,18.92,0.0069,0.0013,0.0007
US1934,50,100/0 FIX4,0.04,13.77,1.014,1.968,11.02,13.28,13.31,13.35,13.35,0.0077,0.0013,0.0008
US1934,50,60/40 GK4,0.04,0.0,1.212,2.582,1.88,4.63,11.55,21.39,34.84,0.0424,0.0315,0.017
US1934,50,80/19 GK4,0.04,0.03,1.316,3.464,3.26,4.1,9.66,18.41,29.85,0.0493,0.033,0.0127
US1934,50,60/40 FIX4.25,0.0425,25.47,1.062,2.09,2.26,23.77,23.84,23.87,23.93,0.0055,0.0012,0.0007
US1934,50,100/0 FIX4.25,0.0425,16.58,0.984,2.091,9.93,15.91,15.93,15.99,16.01,0.0065,0.0012,0.0007
US1934,50,60/40 GK4.25,0.0425,0.0,1.22,2.581,1.65,4.87,11.73,21.31,33.59,0.0427,0.0311,0.0163
US1934,50,80/19 GK4.25,0.0425,0.04,1.326,3.451,2.87,4.33,9.76,17.93,28.06,0.0497,0.0221,0.0027
US1934,50,60/40 FIX4.5,0.045,31.3,1.034,2.212,1.72,29.67,29.72,29.81,29.87,0.0044,0.0011,0.0007
US1934,50,100/0 FIX4.5,0.045,19.38,0.948,2.213,8.87,18.72,18.73,18.73,18.76,0.0055,0.0012,0.0007
US1934,50,60/40 GK4.5,0.045,0.01,1.234,2.573,1.43,5.32,12.44,21.94,33.45,0.0427,0.0306,0.0157
US1934,50,80/19 GK4.5,0.045,0.09,1.327,3.427,2.51,4.54,10.0,17.43,27.34,0.0499,0.0169,0.0023
US1934,50,60/40 FIX4.75,0.0475,36.89,1.015,2.334,1.19,35.24,35.36,35.44,35.54,0.0036,0.001,0.0007
US1934,50,100/0 FIX4.75,0.0475,22.3,0.928,2.336,7.77,21.67,21.7,21.7,21.73,0.0047,0.0011,0.0007
US1934,50,60/40 GK4.75,0.0475,0.02,1.235,2.555,1.24,6.04,13.34,22.85,33.73,0.0424,0.0227,0.0028
US1934,50,80/19 GK4.75,0.0475,0.14,1.329,3.393,2.19,5.05,10.36,17.65,27.04,0.0498,0.0136,0.0021
US1934,50,60/40 FIX5,0.05,42.64,0.998,2.455,0.67,40.95,41.01,41.11,41.17,0.003,0.0009,0.0007
US1934,50,100/0 FIX5,0.05,25.9,0.912,2.458,6.71,25.12,25.13,25.16,25.2,0.0041,0.001,0.0007
US1934,50,60/40 GK5,0.05,0.07,1.236,2.528,1.06,6.9,14.41,23.96,34.69,0.042,0.0186,0.0025
US1934,50,80/19 GK5,0.05,0.24,1.326,3.354,1.91,5.46,11.0,18.37,26.98,0.0494,0.012,0.002
US1934,50,60/40 VPW3,,22.44,1.515,3.369,0.0,1.75,5.68,13.28,25.43,0.0524,0.0394,0.0207
US1934,50,80/19 VPW3,,24.81,1.674,4.601,0.01,1.87,5.63,12.42,23.08,0.0604,0.0404,0.016
US1934,50,60/40 RMD,,22.44,1.797,4.571,0.01,2.71,31.01,84.26,97.97,0.0477,0.0325,0.0235
US1934,50,80/19 RMD,,24.81,2.043,6.554,0.02,4.42,30.01,75.78,95.54,0.0529,0.0328,0.0215
US1934,50,60/40 VG4,,0.0,1.14,2.141,2.73,5.62,13.51,24.38,39.04,0.0371,0.0289,0.0141
TW1983,30,60/40 FIX2,0.02,0.0,0.593,0.596,6.09,0.0,99.9,100.0,100.0,0.0199,0.0199,0.0199
TW1983,30,100/0 FIX2,0.02,0.03,0.593,0.596,9.62,0.03,99.9,100.0,100.0,0.0198,0.0124,0.0021
TW1983,30,60/40 GK2,0.02,0.0,0.719,1.186,5.0,0.31,56.03,99.99,100.0,0.0317,0.027,0.0234
TW1983,30,80/19 GK2,0.02,0.0,0.711,1.344,6.33,1.4,55.35,99.99,100.0,0.0331,0.0272,0.0224
TW1983,30,60/40 FIX2.25,0.0225,0.0,0.667,0.67,5.83,0.0,0.0,100.0,100.0,0.0223,0.0223,0.0223
TW1983,30,100/0 FIX2.25,0.0225,0.04,0.667,0.67,9.26,0.04,0.04,100.0,100.0,0.0222,0.0105,0.0019
TW1983,30,60/40 GK2.25,0.0225,0.0,0.785,1.292,4.68,0.09,5.89,94.49,100.0,0.0349,0.03,0.0261
TW1983,30,80/19 GK2.25,0.0225,0.0,0.776,1.466,5.95,0.53,11.25,93.15,100.0,0.0366,0.0302,0.0249
TW1983,30,60/40 FIX2.5,0.025,0.0,0.741,0.745,5.57,0.0,0.0,99.9,100.0,0.0248,0.0248,0.0248
TW1983,30,100/0 FIX2.5,0.025,0.11,0.741,0.745,8.91,0.11,0.11,99.9,100.0,0.0245,0.008,0.0016
TW1983,30,60/40 GK2.5,0.025,0.0,0.844,1.386,4.38,0.04,1.21,58.62,96.98,0.038,0.0329,0.0286
TW1983,30,80/19 GK2.5,0.025,0.0,0.836,1.579,5.56,0.25,3.79,56.96,96.68,0.0399,0.0331,0.0271
TW1983,30,60/40 FIX2.75,0.0275,0.0,0.815,0.819,5.31,0.0,0.0,0.0,100.0,0.0273,0.0273,0.0273
TW1983,30,100/0 FIX2.75,0.0275,0.21,0.815,0.819,8.55,0.13,0.14,0.17,100.0,0.0267,0.0067,0.0015
TW1983,30,60/40 GK2.75,0.0275,0.0,0.902,1.477,4.1,0.01,0.51,8.99,89.52,0.041,0.0356,0.0311
TW1983,30,80/19 GK2.75,0.0275,0.0,0.889,1.68,5.2,0.12,1.86,17.68,86.02,0.043,0.0359,0.0292
TW1983,30,60/40 FIX3,0.03,0.0,0.889,0.894,5.05,0.0,0.0,0.0,99.9,0.0298,0.0298,0.0298
TW1983,30,100/0 FIX3,0.03,0.33,0.889,0.894,8.21,0.24,0.24,0.24,99.9,0.0287,0.0058,0.0014
TW1983,30,60/40 GK3,0.03,0.0,0.953,1.554,3.83,0.01,0.19,2.99,60.78,0.0438,0.0383,0.0335
TW1983,30,80/19 GK3,0.03,0.0,0.941,1.77,4.86,0.06,1.01,6.87,58.85,0.046,0.0385,0.0311
TW1983,30,60/40 FIX3.25,0.0325,0.0,0.964,0.968,4.79,0.0,0.0,0.0,0.0,0.0323,0.0323,0.0323
TW1983,30,100/0 FIX3.25,0.0325,0.58,0.963,0.968,7.82,0.42,0.42,0.43,0.45,0.0302,0.0049,0.0013
TW1983,30,60/40 GK3.25,0.0325,0.0,1.003,1.629,3.57,0.01,0.13,1.6,12.82,0.0464,0.0408,0.0357
TW1983,30,80/19 GK3.25,0.0325,0.0,0.988,1.856,4.54,0.06,0.62,3.72,21.48,0.0488,0.041,0.0329
TW1983,30,60/40 FIX3.5,0.035,0.03,1.038,1.043,4.52,0.01,0.01,0.01,0.01,0.0347,0.0197,0.0025
TW1983,30,100/0 FIX3.5,0.035,0.89,1.037,1.043,7.48,0.67,0.7,0.73,0.74,0.0311,0.0042,0.0012
TW1983,30,60/40 GK3.5,0.035,0.0,1.049,1.695,3.33,0.0,0.1,0.77,5.71,0.0488,0.0432,0.0378
TW1983,30,80/19 GK3.5,0.035,0.0,1.03,1.94,4.23,0.04,0.44,2.85,10.06,0.0515,0.0434,0.0343
TW1983,30,60/40 FIX3.75,0.0375,0.11,1.112,1.117,4.26,0.04,0.04,0.04,0.04,0.037,0.012,0.002
TW1983,30,100/0 FIX3.75,0.0375,1.53,1.111,1.117,7.11,1.1,1.11,1.16,1.16,0.031,0.0036,0.0012
TW1983,30,60/40 GK3.75,0.0375,0.0,1.092,1.755,3.09,0.0,0.07,0.56,4.12,0.0512,0.0454,0.0397
TW1983,30,80/19 GK3.75,0.0375,0.0,1.073,2.006,3.94,0.04,0.37,2.0,7.83,0.054,0.0457,0.0357
TW1983,30,60/40 FIX4,0.04,0.18,1.186,1.192,3.99,0.12,0.12,0.12,0.12,0.0391,0.0085,0.0017
TW1983,30,100/0 FIX4,0.04,2.17,1.185,1.192,6.75,1.76,1.78,1.78,1.78,0.0298,0.0031,0.0011
TW1983,30,60/40 GK4,0.04,0.0,1.13,1.809,2.87,0.0,0.06,0.31,2.53,0.0533,0.0475,0.0414
TW1983,30,80/19 GK4,0.04,0.0,1.109,2.068,3.67,0.04,0.24,1.54,5.23,0.0563,0.0478,0.0369
TW1983,30,60/40 FIX4.25,0.0425,0.43,1.26,1.266,3.72,0.25,0.25,0.26,0.26,0.0407,0.0066,0.0015
TW1983,30,100/0 FIX4.25,0.0425,2.95,1.258,1.266,6.38,2.38,2.4,2.44,2.46,0.0278,0.0027,0.001
TW1983,30,60/40 GK4.25,0.0425,0.0,1.165,1.86,2.66,0.0,0.04,0.29,2.11,0.0553,0.0495,0.0431
TW1983,30,80/19 GK4.25,0.0425,0.01,1.138,2.125,3.41,0.04,0.23,1.3,4.35,0.0585,0.0498,0.0375
TW1983,30,60/40 FIX4.5,0.045,0.88,1.334,1.341,3.46,0.5,0.52,0.52,0.52,0.0413,0.0051,0.0014
TW1983,30,100/0 FIX4.5,0.045,3.9,1.332,1.34,6.02,3.26,3.28,3.31,3.31,0.0252,0.0024,0.001
TW1983,30,60/40 GK4.5,0.045,0.01,1.201,1.902,2.46,0.0,0.04,0.26,1.54,0.0572,0.0512,0.0223
TW1983,30,80/19 GK4.5,0.045,0.04,1.171,2.177,3.17,0.04,0.18,0.98,3.76,0.0604,0.0192,0.0024
TW1983,30,60/40 FIX4.75,0.0475,1.67,1.407,1.415,3.2,0.98,1.01,1.02,1.04,0.04,0.004,0.0012
TW1983,30,100/0 FIX4.75,0.0475,5.38,1.366,1.415,5.66,4.29,4.36,4.46,4.52,0.0222,0.0022,0.0009
TW1983,30,60/40 GK4.75,0.0475,0.02,1.229,1.942,2.27,0.0,0.05,0.23,1.36,0.0589,0.0311,0.003
TW1983,30,80/19 GK4.75,0.0475,0.04,1.201,2.223,2.92,0.05,0.18,0.99,3.15,0.0623,0.0182,0.0023
TW1983,30,60/40 FIX5,0.05,2.86,1.481,1.489,2.94,1.84,1.88,1.92,1.96,0.0367,0.0033,0.0011
TW1983,30,100/0 FIX5,0.05,6.72,1.28,1.489,5.3,5.69,5.74,5.78,5.82,0.0191,0.002,0.0009
TW1983,30,60/40 GK5,0.05,0.03,1.257,1.974,2.08,0.0,0.02,0.17,1.24,0.0604,0.0207,0.0025
TW1983,30,80/19 GK5,0.05,0.06,1.23,2.26,2.7,0.06,0.18,0.78,2.93,0.0639,0.0154,0.0022
TW1983,30,60/40 VPW3,,17.2,1.701,2.983,0.01,0.0,0.0,0.02,0.14,0.0816,0.0688,0.0565
TW1983,30,80/19 VPW3,,17.69,1.676,3.478,0.01,0.0,0.06,0.19,0.84,0.0861,0.0681,0.0496
TW1983,30,60/40 RMD,,17.2,1.886,3.524,0.01,0.0,0.0,0.07,2.11,0.0746,0.0556,0.0437
TW1983,30,80/19 RMD,,17.69,1.86,4.157,0.01,0.0,0.04,0.42,4.67,0.078,0.0553,0.0416
TW1983,30,60/40 VG4,,0.0,1.099,1.638,3.1,0.0,0.15,0.96,4.1,0.0495,0.046,0.0401
TW1983,50,60/40 FIX2,0.02,0.0,0.989,0.993,24.29,0.0,100.0,100.0,100.0,0.0199,0.0199,0.0199
TW1983,50,100/0 FIX2,0.02,0.07,0.989,0.993,51.48,0.07,100.0,100.0,100.0,0.0197,0.0086,0.0017
TW1983,50,60/40 GK2,0.02,0.0,1.839,4.074,15.08,0.35,55.71,99.98,100.0,0.0442,0.0317,0.0251
TW1983,50,80/19 GK2,0.02,0.0,1.91,5.197,22.82,1.76,55.04,99.98,100.0,0.0469,0.0317,0.0238
TW1983,50,60/40 FIX2.25,0.0225,0.0,1.113,1.117,23.08,0.0,0.0,100.0,100.0,0.0223,0.0223,0.0223
TW1983,50,100/0 FIX2.25,0.0225,0.25,1.113,1.117,49.16,0.22,0.22,100.0,100.0,0.0218,0.0061,0.0015
TW1983,50,60/40 GK2.25,0.0225,0.0,1.941,4.291,13.54,0.11,5.89,94.0,100.0,0.0482,0.0351,0.0279
TW1983,50,80/19 GK2.25,0.0225,0.0,2.004,5.485,20.56,0.84,11.71,92.68,100.0,0.0513,0.0351,0.0263
TW1983,50,60/40 FIX2.5,0.025,0.0,1.237,1.241,21.86,0.0,0.0,100.0,100.0,0.0248,0.0248,0.0248
TW1983,50,100/0 FIX2.5,0.025,0.42,1.237,1.241,47.08,0.41,0.41,100.0,100.0,0.0234,0.0047,0.0013
TW1983,50,60/40 GK2.5,0.025,0.0,2.022,4.45,12.14,0.08,1.46,58.01,97.07,0.0519,0.0383,0.0306
TW1983,50,80/19 GK2.5,0.025,0.0,2.078,5.704,18.44,0.5,4.63,56.99,96.72,0.0554,0.0383,0.0285
TW1983,50,60/40 FIX2.75,0.0275,0.01,1.36,1.365,20.59,0.01,0.01,0.01,100.0,0.0273,0.0178,0.0024
TW1983,50,100/0 FIX2.75,0.0275,0.65,1.36,1.365,44.86,0.62,0.62,0.62,100.0,0.0245,0.0039,0.0012
TW1983,50,60/40 GK2.75,0.0275,0.0,2.089,4.575,10.83,0.02,0.59,9.35,88.6,0.0553,0.0414,0.0332
TW1983,50,80/19 GK2.75,0.0275,0.0,2.145,5.872,16.52,0.33,2.73,18.35,85.05,0.0591,0.0413,0.0302
TW1983,50,60/40 FIX3,0.03,0.02,1.484,1.489,19.4,0.01,0.01,0.01,100.0,0.0297,0.0153,0.0022
TW1983,50,100/0 FIX3,0.03,1.05,1.484,1.489,42.73,1.01,1.01,1.01,100.0,0.0248,0.0033,0.0011
TW1983,50,60/40 GK3,0.03,0.0,2.136,4.66,9.68,0.02,0.28,3.47,60.19,0.0584,0.0442,0.0355
TW1983,50,80/19 GK3,0.03,0.0,2.187,5.999,14.82,0.24,1.77,8.1,59.17,0.0625,0.0441,0.032
TW1983,50,60/40 FIX3.25,0.0325,0.15,1.608,1.614,18.1,0.14,0.15,0.15,0.15,0.0317,0.0077,0.0016
TW1983,50,100/0 FIX3.25,0.0325,1.81,1.607,1.614,40.39,1.72,1.73,1.74,1.74,0.0236,0.0028,0.001
TW1983,50,60/40 GK3.25,0.0325,0.0,2.164,4.716,8.63,0.02,0.24,2.17,13.32,0.0611,0.0468,0.0375
TW1983,50,80/19 GK3.25,0.0325,0.0,2.214,6.084,13.23,0.21,1.42,5.18,22.84,0.0656,0.0466,0.0329
TW1983,50,60/40 FIX3.5,0.035,0.4,1.731,1.738,16.93,0.35,0.35,0.35,0.36,0.033,0.0054,0.0014
TW1983,50,100/0 FIX3.5,0.035,2.51,1.73,1.738,38.37,2.47,2.47,2.47,2.47,0.0215,0.0024,0.001
TW1983,50,60/40 GK3.5,0.035,0.0,2.183,4.745,7.7,0.01,0.18,1.6,7.27,0.0634,0.0492,0.0393
TW1983,50,80/19 GK3.5,0.035,0.0,2.235,6.105,11.78,0.17,1.16,4.11,11.8,0.0683,0.0488,0.0338
TW1983,50,60/40 FIX3.75,0.0375,0.79,1.855,1.862,15.73,0.62,0.63,0.63,0.64,0.0334,0.0043,0.0013
TW1983,50,100/0 FIX3.75,0.0375,3.49,1.853,1.862,36.15,3.32,3.32,3.32,3.32,0.0192,0.0021,0.0009
TW1983,50,60/40 GK3.75,0.0375,0.0,2.193,4.749,6.82,0.03,0.21,1.3,5.6,0.0654,0.0512,0.0403
TW1983,50,80/19 GK3.75,0.0375,0.0,2.245,6.096,10.47,0.18,1.12,3.52,9.57,0.0706,0.0508,0.0339
TW1983,50,60/40 FIX4,0.04,1.65,1.978,1.986,14.54,1.43,1.44,1.46,1.46,0.0313,0.0033,0.0011
TW1983,50,100/0 FIX4,0.04,4.59,1.974,1.986,34.01,4.4,4.44,4.44,4.45,0.0168,0.0019,0.0009
TW1983,50,60/40 GK4,0.04,0.0,2.192,4.728,6.02,0.02,0.17,1.23,4.46,0.0671,0.053,0.0411
TW1983,50,80/19 GK4,0.04,0.0,2.242,6.081,9.3,0.21,0.94,3.11,7.37,0.0726,0.0524,0.0335
TW1983,50,60/40 FIX4.25,0.0425,2.83,2.101,2.11,13.36,2.58,2.58,2.59,2.61,0.0271,0.0027,0.001
TW1983,50,100/0 FIX4.25,0.0425,5.92,1.74,2.11,31.83,5.72,5.73,5.73,5.75,0.0144,0.0018,0.0009
TW1983,50,60/40 GK4.25,0.0425,0.0,2.188,4.695,5.28,0.02,0.24,1.11,4.11,0.0684,0.0544,0.0412
TW1983,50,80/19 GK4.25,0.0425,0.01,2.233,6.033,8.18,0.22,1.04,2.94,6.64,0.0742,0.0536,0.0327
TW1983,50,60/40 FIX4.5,0.045,4.45,2.222,2.234,12.15,4.14,4.17,4.18,4.18,0.022,0.0022,0.0009
TW1983,50,100/0 FIX4.5,0.045,7.58,1.481,2.234,29.68,7.35,7.36,7.37,7.37,0.0121,0.0016,0.0008
TW1983,50,60/40 GK4.5,0.045,0.0,2.166,4.634,4.65,0.03,0.3,1.29,3.84,0.0693,0.0554,0.0406
TW1983,50,80/19 GK4.5,0.045,0.02,2.218,5.96,7.25,0.27,1.03,2.97,6.17,0.0754,0.0297,0.003
TW1983,50,60/40 FIX4.75,0.0475,6.56,1.968,2.358,10.95,5.97,6.0,6.01,6.04,0.0174,0.0019,0.0009
TW1983,50,100/0 FIX4.75,0.0475,9.48,1.349,2.358,27.5,9.17,9.17,9.21,9.22,0.0101,0.0015,0.0008
TW1983,50,60/40 GK4.75,0.0475,0.0,2.152,4.571,4.04,0.03,0.39,1.45,3.94,0.07,0.0561,0.0402
TW1983,50,80/19 GK4.75,0.0475,0.06,2.197,5.854,6.38,0.32,1.21,3.02,6.12,0.0762,0.0242,0.0027
TW1983,50,60/40 FIX5,0.05,9.35,1.743,2.482,9.71,8.78,8.79,8.84,8.86,0.0133,0.0017,0.0008
TW1983,50,100/0 FIX5,0.05,11.56,1.263,2.481,25.43,11.22,11.24,11.25,11.27,0.0085,0.0014,0.0008
TW1983,50,60/40 GK5,0.05,0.01,2.121,4.482,3.53,0.07,0.53,1.69,4.31,0.0702,0.0562,0.0387
TW1983,50,80/19 GK5,0.05,0.08,2.162,5.757,5.57,0.42,1.34,3.19,6.32,0.0766,0.0195,0.0024
TW1983,50,60/40 VPW3,,17.34,2.909,6.464,0.01,0.0,0.03,0.34,2.67,0.0821,0.0606,0.0465
TW1983,50,80/19 VPW3,,17.99,3.043,8.48,0.02,0.05,0.39,1.93,6.19,0.0888,0.0599,0.0404
TW1983,50,60/40 RMD,,17.34,3.984,9.795,0.03,0.08,11.47,78.58,94.09,0.0663,0.0394,0.0282
TW1983,50,80/19 RMD,,17.99,4.211,13.29,0.04,0.62,14.95,71.38,92.35,0.0702,0.0391,0.0269
TW1983,50,60/40 VG4,,0.0,2.062,3.752,8.23,0.05,0.29,1.34,4.87,0.0598,0.0511,0.0398
