engine,acc_glide,acc_horizon,c,k,wT_p5,wT_med,wd_alloc,rule,wd_horizon,draw,ruin_pct,spend_p5,spend_med,sfabs50,sfabs80,ce_g4,endw_med
US1934,A1,30,1.0,1,36.74,71.36,60/40,FIX4,30,fresh,0.12,29.32,29.54,0.1,0.1,0.233,260.6
US1934,A1,30,1.0,1,36.74,71.36,60/40,GK4,30,fresh,0.0,26.57,47.4,0.57,12.15,1.148,230.8
US1934,A1,30,1.0,1,36.74,71.36,60/40,VPW3,30,fresh,0.0,62.73,155.25,0.04,0.3,2.897,0.2
US1934,A1,30,1.0,1,36.74,71.36,60/40,FIX4,30,continuous,0.02,29.32,29.54,0.0,0.0,0.607,258.7
US1934,A1,30,1.0,1,36.74,71.36,60/40,GK4,30,continuous,0.0,26.82,47.66,0.43,11.49,1.156,229.3
US1934,A1,30,1.0,1,36.74,71.36,60/40,VPW3,30,continuous,0.0,64.89,156.06,0.01,0.23,2.991,0.2
US1934,A3,30,1.0,1,39.75,107.76,60/40,FIX4,30,fresh,0.19,29.32,29.54,0.15,0.16,0.191,423.6
US1934,A3,30,1.0,1,39.75,107.76,60/40,GK4,30,fresh,0.0,27.64,49.82,0.39,10.25,1.181,388.4
US1934,A3,30,1.0,1,39.75,107.76,60/40,VPW3,30,fresh,0.0,73.74,233.07,0.04,0.28,3.287,0.4
US1934,A3,30,1.0,1,39.75,107.76,60/40,FIX4,30,continuous,0.11,29.32,29.54,0.07,0.09,0.221,423.1
US1934,A3,30,1.0,1,39.75,107.76,60/40,GK4,30,continuous,0.0,27.89,50.12,0.35,9.71,1.187,388.7
US1934,A3,30,1.0,1,39.75,107.76,60/40,VPW3,30,continuous,0.0,74.52,234.4,0.02,0.3,3.404,0.3
US1934,A5,30,1.0,1,38.59,82.26,60/40,FIX4,30,fresh,0.12,29.32,29.54,0.1,0.1,0.234,311.2
US1934,A5,30,1.0,1,38.59,82.26,60/40,GK4,30,fresh,0.0,27.09,48.46,0.42,11.4,1.163,278.2
US1934,A5,30,1.0,1,38.59,82.26,60/40,VPW3,30,fresh,0.0,67.85,179.46,0.04,0.25,3.118,0.3
US1934,A5,30,1.0,1,38.59,82.26,60/40,FIX4,30,continuous,0.0,29.32,29.54,0.0,0.0,0.971,311.5
US1934,A5,30,1.0,1,38.59,82.26,60/40,GK4,30,continuous,0.0,27.36,48.63,0.34,10.61,1.172,279.0
US1934,A5,30,1.0,1,38.59,82.26,60/40,VPW3,30,continuous,0.0,69.94,180.59,0.01,0.13,3.251,0.3
US1934,A1,30,1.0,4,36.64,71.17,60/40,FIX4,30,fresh,0.14,29.32,29.54,0.11,0.12,0.225,258.6
US1934,A1,30,1.0,4,36.64,71.17,60/40,GK4,30,fresh,0.0,26.53,47.36,0.59,12.18,1.147,229.3
US1934,A1,30,1.0,4,36.64,71.17,60/40,VPW3,30,fresh,0.0,62.62,154.93,0.04,0.31,2.884,0.2
US1934,A1,30,1.0,4,36.64,71.17,60/40,FIX4,30,continuous,0.02,29.32,29.54,0.0,0.0,0.607,257.8
US1934,A1,30,1.0,4,36.64,71.17,60/40,GK4,30,continuous,0.0,26.8,47.65,0.44,11.51,1.156,228.7
US1934,A1,30,1.0,4,36.64,71.17,60/40,VPW3,30,continuous,0.0,64.56,155.58,0.01,0.23,2.979,0.2
US1934,A3,30,1.0,4,39.48,107.46,60/40,FIX4,30,fresh,0.19,29.32,29.54,0.15,0.16,0.189,422.2
US1934,A3,30,1.0,4,39.48,107.46,60/40,GK4,30,fresh,0.0,27.62,49.81,0.4,10.29,1.18,386.1
US1934,A3,30,1.0,4,39.48,107.46,60/40,VPW3,30,fresh,0.0,73.36,232.29,0.04,0.34,3.268,0.4
US1934,A3,30,1.0,4,39.48,107.46,60/40,FIX4,30,continuous,0.11,29.32,29.54,0.07,0.09,0.22,421.9
US1934,A3,30,1.0,4,39.48,107.46,60/40,GK4,30,continuous,0.0,27.88,50.08,0.35,9.76,1.187,387.2
US1934,A3,30,1.0,4,39.48,107.46,60/40,VPW3,30,continuous,0.0,74.27,233.8,0.02,0.31,3.385,0.3
US1934,A5,30,1.0,4,38.46,82.12,60/40,FIX4,30,fresh,0.12,29.32,29.54,0.1,0.1,0.229,309.8
US1934,A5,30,1.0,4,38.46,82.12,60/40,GK4,30,fresh,0.0,27.06,48.42,0.42,11.43,1.162,277.5
US1934,A5,30,1.0,4,38.46,82.12,60/40,VPW3,30,fresh,0.0,67.72,179.09,0.04,0.27,3.101,0.3
US1934,A5,30,1.0,4,38.46,82.12,60/40,FIX4,30,continuous,0.01,29.32,29.54,0.0,0.01,0.605,310.2
US1934,A5,30,1.0,4,38.46,82.12,60/40,GK4,30,continuous,0.0,27.29,48.59,0.35,10.64,1.171,278.2
US1934,A5,30,1.0,4,38.46,82.12,60/40,VPW3,30,continuous,0.0,69.78,179.62,0.01,0.14,3.234,0.3
TW1983,A1,30,1.0,1,59.33,108.53,60/40,FIX4,30,fresh,0.0,29.65,29.78,0.0,0.0,0.993,886.7
TW1983,A1,30,1.0,1,59.33,108.53,60/40,GK4,30,fresh,0.0,42.48,71.5,0.0,0.37,1.438,799.5
TW1983,A1,30,1.0,1,59.33,108.53,60/40,VPW3,30,fresh,0.0,147.41,350.68,0.0,0.0,6.283,0.7
TW1983,A1,30,1.0,1,59.33,108.53,60/40,FIX4,30,continuous,0.0,29.64,29.78,0.0,0.0,0.993,884.5
TW1983,A1,30,1.0,1,59.33,108.53,60/40,GK4,30,continuous,0.0,42.71,71.6,0.0,0.2,1.44,798.3
TW1983,A1,30,1.0,1,59.33,108.53,60/40,VPW3,30,continuous,0.0,151.19,352.6,0.0,0.0,6.383,0.7
TW1983,A3,30,1.0,1,58.88,160.43,60/40,FIX4,30,fresh,0.0,29.65,29.78,0.0,0.0,0.993,1344.2
TW1983,A3,30,1.0,1,58.88,160.43,60/40,GK4,30,fresh,0.0,43.39,73.63,0.0,0.3,1.45,1253.6
TW1983,A3,30,1.0,1,58.88,160.43,60/40,VPW3,30,fresh,0.0,157.41,517.24,0.0,0.0,6.616,1.0
TW1983,A3,30,1.0,1,58.88,160.43,60/40,FIX4,30,continuous,0.0,29.64,29.78,0.0,0.0,0.993,1348.4
TW1983,A3,30,1.0,1,58.88,160.43,60/40,GK4,30,continuous,0.0,44.03,73.97,0.0,0.16,1.452,1259.4
TW1983,A3,30,1.0,1,58.88,160.43,60/40,VPW3,30,continuous,0.0,163.29,515.66,0.0,0.0,6.743,1.0
TW1983,A5,30,1.0,1,60.53,126.05,60/40,FIX4,30,fresh,0.0,29.65,29.78,0.0,0.0,0.993,1035.5
TW1983,A5,30,1.0,1,60.53,126.05,60/40,GK4,30,fresh,0.0,43.02,72.45,0.0,0.3,1.444,949.1
TW1983,A5,30,1.0,1,60.53,126.05,60/40,VPW3,30,fresh,0.0,155.85,402.77,0.0,0.0,6.669,0.8
TW1983,A5,30,1.0,1,60.53,126.05,60/40,FIX4,30,continuous,0.0,29.64,29.78,0.0,0.0,0.993,1041.0
TW1983,A5,30,1.0,1,60.53,126.05,60/40,GK4,30,continuous,0.0,43.39,72.7,0.0,0.18,1.446,952.3
TW1983,A5,30,1.0,1,60.53,126.05,60/40,VPW3,30,continuous,0.0,159.67,407.66,0.0,0.0,6.808,0.8
TW1983,A1,30,1.0,4,59.03,108.26,60/40,FIX4,30,fresh,0.0,29.65,29.78,0.0,0.0,0.993,882.5
TW1983,A1,30,1.0,4,59.03,108.26,60/40,GK4,30,fresh,0.0,42.39,71.43,0.0,0.37,1.437,795.1
TW1983,A1,30,1.0,4,59.03,108.26,60/40,VPW3,30,fresh,0.0,146.47,349.06,0.0,0.0,6.247,0.7
TW1983,A1,30,1.0,4,59.03,108.26,60/40,FIX4,30,continuous,0.0,29.64,29.78,0.0,0.0,0.993,881.0
TW1983,A1,30,1.0,4,59.03,108.26,60/40,GK4,30,continuous,0.0,42.69,71.57,0.0,0.2,1.44,793.7
TW1983,A1,30,1.0,4,59.03,108.26,60/40,VPW3,30,continuous,0.0,150.96,351.39,0.0,0.0,6.35,0.7
TW1983,A3,30,1.0,4,58.26,159.65,60/40,FIX4,30,fresh,0.0,29.65,29.78,0.0,0.0,0.993,1338.8
TW1983,A3,30,1.0,4,58.26,159.65,60/40,GK4,30,fresh,0.0,43.38,73.6,0.0,0.31,1.45,1248.0
TW1983,A3,30,1.0,4,58.26,159.65,60/40,VPW3,30,fresh,0.0,156.31,514.09,0.0,0.0,6.564,1.0
TW1983,A3,30,1.0,4,58.26,159.65,60/40,FIX4,30,continuous,0.0,29.64,29.78,0.0,0.0,0.993,1342.9
TW1983,A3,30,1.0,4,58.26,159.65,60/40,GK4,30,continuous,0.0,43.96,73.94,0.0,0.16,1.452,1251.6
TW1983,A3,30,1.0,4,58.26,159.65,60/40,VPW3,30,continuous,0.0,161.06,514.54,0.0,0.0,6.696,1.0
TW1983,A5,30,1.0,4,59.99,125.56,60/40,FIX4,30,fresh,0.0,29.65,29.78,0.0,0.0,0.993,1028.9
TW1983,A5,30,1.0,4,59.99,125.56,60/40,GK4,30,fresh,0.0,42.98,72.42,0.0,0.31,1.443,942.0
TW1983,A5,30,1.0,4,59.99,125.56,60/40,VPW3,30,fresh,0.0,154.5,401.07,0.0,0.0,6.626,0.8
TW1983,A5,30,1.0,4,59.99,125.56,60/40,FIX4,30,continuous,0.0,29.64,29.78,0.0,0.0,0.993,1037.1
TW1983,A5,30,1.0,4,59.99,125.56,60/40,GK4,30,continuous,0.0,43.35,72.67,0.0,0.18,1.446,950.2
TW1983,A5,30,1.0,4,59.99,125.56,60/40,VPW3,30,continuous,0.0,158.77,406.28,0.0,0.0,6.767,0.8
