sample,age,rate,alloc,strategy,ruin_fixed50,ruin_alive,breach_alive,life_spend_med
us_annual,40,0.03,60/40,固定提領,3.73,2.92,2.5,1.35
us_annual,40,0.03,80/20,固定提領,3.06,2.34,2.15,1.35
us_annual,40,0.03,100/0,固定提領,3.5,2.7,2.43,1.35
us_annual,40,0.035,60/40,固定提領,8.85,6.59,5.95,1.54
us_annual,40,0.035,80/20,固定提領,6.94,5.35,4.86,1.54
us_annual,40,0.035,100/0,固定提領,7.41,5.77,5.37,1.54
us_annual,40,0.04,60/40,固定提領,17.26,13.16,12.01,1.703
us_annual,40,0.04,60/40,VPW,0.0,0.0,5.69,2.504
us_annual,40,0.04,80/20,固定提領,13.3,10.44,9.55,1.72
us_annual,40,0.04,80/20,VPW,0.0,0.0,4.62,3.004
us_annual,40,0.04,100/0,固定提領,12.97,10.53,9.82,1.72
us_annual,40,0.04,100/0,VPW,0.0,0.0,6.49,3.488
us_annual,50,0.03,60/40,固定提領,4.02,1.65,1.38,1.08
us_annual,50,0.03,80/20,固定提領,3.36,1.44,1.2,1.08
us_annual,50,0.03,100/0,固定提領,4.01,1.93,1.67,1.066
us_annual,50,0.035,60/40,固定提領,9.49,4.47,3.6,1.225
us_annual,50,0.035,80/20,固定提領,7.61,3.92,3.35,1.225
us_annual,50,0.035,100/0,固定提領,7.83,4.33,3.76,1.225
us_annual,50,0.04,60/40,固定提領,17.44,8.77,7.74,1.36
us_annual,50,0.04,60/40,VPW,0.0,0.0,4.07,1.827
us_annual,50,0.04,80/20,固定提領,13.66,7.19,6.44,1.36
us_annual,50,0.04,80/20,VPW,0.0,0.0,3.64,2.098
us_annual,50,0.04,100/0,固定提領,13.37,7.78,6.89,1.36
us_annual,50,0.04,100/0,VPW,0.0,0.0,4.95,2.346
us_annual,65,0.03,60/40,固定提領,2.83,0.37,0.24,0.66
us_annual,65,0.03,80/20,固定提領,2.33,0.4,0.27,0.66
us_annual,65,0.03,100/0,固定提領,2.99,0.65,0.5,0.66
us_annual,65,0.035,60/40,固定提領,7.11,0.91,0.62,0.77
us_annual,65,0.035,80/20,固定提領,5.78,0.96,0.74,0.77
us_annual,65,0.035,100/0,固定提領,6.31,1.38,1.12,0.77
us_annual,65,0.04,60/40,固定提領,14.33,2.49,1.52,0.88
us_annual,65,0.04,60/40,VPW,0.0,0.0,1.19,1.075
us_annual,65,0.04,80/20,固定提領,11.64,2.26,1.63,0.88
us_annual,65,0.04,80/20,VPW,0.0,0.0,1.26,1.157
us_annual,65,0.04,100/0,固定提領,11.61,2.7,1.93,0.88
us_annual,65,0.04,100/0,VPW,0.0,0.0,1.94,1.228
global_rgdp,40,0.03,60/40,固定提領,6.29,4.62,4.01,1.35
global_rgdp,40,0.03,80/20,固定提領,3.24,2.43,2.09,1.35
global_rgdp,40,0.03,100/0,固定提領,2.25,1.84,1.65,1.35
global_rgdp,40,0.035,60/40,固定提領,13.91,10.52,9.54,1.505
global_rgdp,40,0.035,80/20,固定提領,7.79,5.87,5.21,1.54
global_rgdp,40,0.035,100/0,固定提領,5.38,4.15,3.8,1.575
global_rgdp,40,0.04,60/40,固定提領,23.36,18.18,16.75,1.64
global_rgdp,40,0.04,60/40,VPW,0.0,0.0,9.75,2.187
global_rgdp,40,0.04,80/20,固定提領,15.22,11.91,10.81,1.72
global_rgdp,40,0.04,80/20,VPW,0.0,0.0,5.62,2.669
global_rgdp,40,0.04,100/0,固定提領,11.18,8.62,7.96,1.76
global_rgdp,40,0.04,100/0,VPW,0.0,0.0,3.98,3.198
global_rgdp,50,0.03,60/40,固定提領,6.45,2.62,2.15,1.05
global_rgdp,50,0.03,80/20,固定提領,3.43,1.37,1.17,1.08
global_rgdp,50,0.03,100/0,固定提領,2.57,1.17,1.0,1.08
global_rgdp,50,0.035,60/40,固定提領,14.12,6.45,5.48,1.225
global_rgdp,50,0.035,80/20,固定提領,7.94,3.65,3.15,1.225
global_rgdp,50,0.035,100/0,固定提領,5.67,2.62,2.26,1.225
global_rgdp,50,0.04,60/40,固定提領,23.34,12.13,10.51,1.32
global_rgdp,50,0.04,60/40,VPW,0.0,0.0,6.95,1.643
global_rgdp,50,0.04,80/20,固定提領,15.34,7.75,6.46,1.36
global_rgdp,50,0.04,80/20,VPW,0.0,0.0,3.45,1.908
global_rgdp,50,0.04,100/0,固定提領,11.08,5.81,4.84,1.4
global_rgdp,50,0.04,100/0,VPW,0.0,0.0,2.74,2.186
global_rgdp,65,0.03,60/40,固定提領,4.84,0.44,0.26,0.66
global_rgdp,65,0.03,80/20,固定提領,2.47,0.21,0.16,0.66
global_rgdp,65,0.03,100/0,固定提領,1.58,0.21,0.09,0.66
global_rgdp,65,0.035,60/40,固定提領,11.15,1.36,0.88,0.77
global_rgdp,65,0.035,80/20,固定提領,6.3,0.81,0.52,0.77
global_rgdp,65,0.035,100/0,固定提領,4.51,0.69,0.52,0.77
global_rgdp,65,0.04,60/40,固定提領,19.55,3.49,2.33,0.88
global_rgdp,65,0.04,60/40,VPW,0.0,0.0,2.04,1.013
global_rgdp,65,0.04,80/20,固定提領,12.84,2.14,1.4,0.88
global_rgdp,65,0.04,80/20,VPW,0.0,0.0,1.13,1.099
global_rgdp,65,0.04,100/0,固定提領,9.26,1.63,1.17,0.88
global_rgdp,65,0.04,100/0,VPW,0.0,0.0,0.99,1.188
pooled16_mb10,40,0.03,60/40,固定提領,24.36,20.12,18.93,1.23
pooled16_mb10,40,0.03,80/20,固定提領,23.38,19.36,18.17,1.23
pooled16_mb10,40,0.03,100/0,固定提領,24.37,20.31,19.22,1.23
pooled16_mb10,40,0.035,60/40,固定提領,32.41,26.86,25.02,1.365
pooled16_mb10,40,0.035,80/20,固定提領,30.52,25.35,23.74,1.365
pooled16_mb10,40,0.035,100/0,固定提領,30.65,25.98,24.44,1.365
pooled16_mb10,40,0.04,60/40,固定提領,41.21,34.26,32.25,1.449
pooled16_mb10,40,0.04,60/40,VPW,0.0,0.0,30.03,1.788
pooled16_mb10,40,0.04,80/20,固定提領,38.23,32.18,30.42,1.48
pooled16_mb10,40,0.04,80/20,VPW,0.0,0.0,29.73,1.967
pooled16_mb10,40,0.04,100/0,固定提領,37.71,32.16,30.3,1.48
pooled16_mb10,40,0.04,100/0,VPW,0.0,0.0,31.75,2.109
pooled16_mb10,50,0.03,60/40,固定提領,24.39,14.71,13.34,0.99
pooled16_mb10,50,0.03,80/20,固定提領,23.11,14.1,12.8,0.99
pooled16_mb10,50,0.03,100/0,固定提領,24.09,15.08,13.74,0.99
pooled16_mb10,50,0.035,60/40,固定提領,32.56,19.41,17.58,1.12
pooled16_mb10,50,0.035,80/20,固定提領,30.52,18.87,17.02,1.12
pooled16_mb10,50,0.035,100/0,固定提領,31.08,19.75,18.03,1.107
pooled16_mb10,50,0.04,60/40,固定提領,41.51,25.7,23.13,1.206
pooled16_mb10,50,0.04,60/40,VPW,0.0,0.0,23.32,1.419
pooled16_mb10,50,0.04,80/20,固定提領,38.73,24.73,22.26,1.218
pooled16_mb10,50,0.04,80/20,VPW,0.0,0.0,23.39,1.515
pooled16_mb10,50,0.04,100/0,固定提領,38.08,24.86,22.93,1.2
pooled16_mb10,50,0.04,100/0,VPW,0.0,0.0,25.78,1.592
pooled16_mb10,65,0.03,60/40,固定提領,20.73,6.46,5.32,0.63
pooled16_mb10,65,0.03,80/20,固定提領,20.03,6.36,5.26,0.63
pooled16_mb10,65,0.03,100/0,固定提領,20.85,7.0,5.82,0.63
pooled16_mb10,65,0.035,60/40,固定提領,28.13,8.92,7.1,0.735
pooled16_mb10,65,0.035,80/20,固定提領,26.56,8.99,7.12,0.735
pooled16_mb10,65,0.035,100/0,固定提領,27.18,9.88,7.94,0.735
pooled16_mb10,65,0.04,60/40,固定提領,37.09,11.69,9.46,0.84
pooled16_mb10,65,0.04,60/40,VPW,0.0,0.0,12.38,0.916
pooled16_mb10,65,0.04,80/20,固定提領,34.18,11.87,9.61,0.839
pooled16_mb10,65,0.04,80/20,VPW,0.0,0.0,12.47,0.948
pooled16_mb10,65,0.04,100/0,固定提領,34.39,13.03,10.76,0.8
pooled16_mb10,65,0.04,100/0,VPW,0.0,0.0,14.23,0.97
pooled16_exHyper_mb10,40,0.03,60/40,固定提領,16.41,13.2,12.17,1.29
pooled16_exHyper_mb10,40,0.03,80/20,固定提領,15.79,13.08,12.13,1.268
pooled16_exHyper_mb10,40,0.03,100/0,固定提領,18.12,14.9,13.92,1.26
pooled16_exHyper_mb10,40,0.035,60/40,固定提領,24.48,19.79,18.39,1.435
pooled16_exHyper_mb10,40,0.035,80/20,固定提領,23.23,19.0,17.74,1.435
pooled16_exHyper_mb10,40,0.035,100/0,固定提領,24.72,20.54,19.35,1.421
pooled16_exHyper_mb10,40,0.04,60/40,固定提領,34.35,28.19,26.19,1.541
pooled16_exHyper_mb10,40,0.04,60/40,VPW,0.0,0.0,21.38,1.964
pooled16_exHyper_mb10,40,0.04,80/20,固定提領,31.86,26.18,24.66,1.56
pooled16_exHyper_mb10,40,0.04,80/20,VPW,0.0,0.0,22.03,2.162
pooled16_exHyper_mb10,40,0.04,100/0,固定提領,32.33,26.95,25.35,1.534
pooled16_exHyper_mb10,40,0.04,100/0,VPW,0.0,0.0,24.88,2.32
pooled16_exHyper_mb10,50,0.03,60/40,固定提領,16.1,8.51,7.43,1.02
pooled16_exHyper_mb10,50,0.03,80/20,固定提領,15.79,8.78,7.79,1.02
pooled16_exHyper_mb10,50,0.03,100/0,固定提領,17.66,10.26,9.22,1.02
pooled16_exHyper_mb10,50,0.035,60/40,固定提領,24.29,13.34,11.61,1.155
pooled16_exHyper_mb10,50,0.035,80/20,固定提領,22.85,13.08,11.55,1.155
pooled16_exHyper_mb10,50,0.035,100/0,固定提領,24.43,14.84,13.25,1.155
pooled16_exHyper_mb10,50,0.04,60/40,固定提領,34.22,19.42,17.42,1.28
pooled16_exHyper_mb10,50,0.04,60/40,VPW,0.0,0.0,16.17,1.52
pooled16_exHyper_mb10,50,0.04,80/20,固定提領,31.66,18.66,16.6,1.28
pooled16_exHyper_mb10,50,0.04,80/20,VPW,0.0,0.0,16.69,1.642
pooled16_exHyper_mb10,50,0.04,100/0,固定提領,32.02,20.21,18.32,1.257
pooled16_exHyper_mb10,50,0.04,100/0,VPW,0.0,0.0,19.34,1.717
pooled16_exHyper_mb10,65,0.03,60/40,固定提領,13.88,3.14,2.34,0.66
pooled16_exHyper_mb10,65,0.03,80/20,固定提領,13.72,3.4,2.68,0.66
pooled16_exHyper_mb10,65,0.03,100/0,固定提領,15.58,4.6,3.49,0.66
pooled16_exHyper_mb10,65,0.035,60/40,固定提領,21.65,5.12,3.89,0.763
pooled16_exHyper_mb10,65,0.035,80/20,固定提領,20.62,5.68,4.17,0.735
pooled16_exHyper_mb10,65,0.035,100/0,固定提領,21.48,6.92,5.61,0.735
pooled16_exHyper_mb10,65,0.04,60/40,固定提領,30.56,7.8,6.0,0.84
pooled16_exHyper_mb10,65,0.04,60/40,VPW,0.0,0.0,7.62,0.949
pooled16_exHyper_mb10,65,0.04,80/20,固定提領,28.59,8.32,6.63,0.84
pooled16_exHyper_mb10,65,0.04,80/20,VPW,0.0,0.0,8.16,0.991
pooled16_exHyper_mb10,65,0.04,100/0,固定提領,29.14,9.87,7.88,0.84
pooled16_exHyper_mb10,65,0.04,100/0,VPW,0.0,0.0,10.09,1.014
