sample,horizon,alloc,expected_real,label,first_year_rate,ruin_pct,spend_p5,spend_med,endw_med,sfabs20,sfabs25,ce_g2,ce_g4,ce_g8
pooled16_mb10,30,60/40,0.03,3%,0.051,0.0,0.745,1.834,0.0,14.88,19.79,0.0381,0.0065,0.0016
pooled16_mb10,30,60/40,0.04,4%,0.0578,0.0,0.755,1.772,0.0,16.88,22.53,0.0362,0.0061,0.0016
pooled16_mb10,30,60/40,0.05,5% (VPW default),0.0651,0.0,0.763,1.715,0.0,19.53,26.72,0.0339,0.0057,0.0015
pooled16_mb10,30,60/40,0.046,pooled geometric mean,0.0621,0.0,0.759,1.738,0.0,18.34,24.91,0.0348,0.0059,0.0015
pooled16_mb10,30,60/40,0.0628,pooled median (arithmetic),0.0748,0.0,0.772,1.649,0.0,25.76,34.41,0.0303,0.0051,0.0015
pooled16_mb10,30,80/20,0.03,3%,0.051,0.0,0.763,1.96,0.0,14.8,19.63,0.039,0.0063,0.0016
pooled16_mb10,30,80/20,0.04,4%,0.0578,0.0,0.771,1.892,0.0,16.49,22.05,0.0371,0.0059,0.0015
pooled16_mb10,30,80/20,0.05,5% (VPW default),0.0651,0.0,0.776,1.826,0.0,19.17,25.99,0.0348,0.0055,0.0015
pooled16_mb10,30,80/20,0.046,pooled geometric mean,0.0621,0.0,0.772,1.853,0.0,18.11,24.02,0.0358,0.0057,0.0015
pooled16_mb10,30,80/20,0.0628,pooled median (arithmetic),0.0748,0.0,0.785,1.747,0.0,24.67,32.5,0.0313,0.005,0.0014
pooled16_mb10,30,100/0,0.03,3%,0.051,0.0,0.739,2.07,0.0,16.03,21.36,0.0377,0.0055,0.0015
pooled16_mb10,30,100/0,0.04,4%,0.0578,0.0,0.748,1.996,0.0,17.7,23.76,0.0359,0.0052,0.0015
pooled16_mb10,30,100/0,0.05,5% (VPW default),0.0651,0.0,0.753,1.917,0.0,20.52,27.27,0.0337,0.0049,0.0014
pooled16_mb10,30,100/0,0.046,pooled geometric mean,0.0621,0.0,0.751,1.947,0.0,19.29,25.69,0.0346,0.005,0.0014
pooled16_mb10,30,100/0,0.0628,pooled median (arithmetic),0.0748,0.0,0.754,1.832,0.0,25.68,33.19,0.0303,0.0045,0.0014
pooled16_mb10,50,60/40,0.03,3%,0.0389,0.0,0.813,2.621,0.0,30.41,38.94,0.0257,0.0047,0.0014
pooled16_mb10,50,60/40,0.04,4%,0.0466,0.0,0.82,2.404,0.0,34.88,43.78,0.023,0.0041,0.0013
pooled16_mb10,50,60/40,0.05,5% (VPW default),0.0548,0.0,0.821,2.213,0.0,42.64,51.83,0.0198,0.0036,0.0013
pooled16_mb10,50,60/40,0.046,pooled geometric mean,0.0514,0.0,0.819,2.288,0.0,39.27,47.99,0.0211,0.0038,0.0013
pooled16_mb10,50,60/40,0.0628,pooled median (arithmetic),0.0659,0.0,0.818,2.012,0.0,56.61,65.65,0.0156,0.003,0.0011
pooled16_mb10,50,80/20,0.03,3%,0.0389,0.0,0.84,2.93,0.0,29.47,38.3,0.0272,0.0047,0.0014
pooled16_mb10,50,80/20,0.04,4%,0.0466,0.0,0.839,2.663,0.0,33.14,41.4,0.0244,0.0042,0.0013
pooled16_mb10,50,80/20,0.05,5% (VPW default),0.0548,0.0,0.838,2.432,0.0,39.33,48.1,0.0211,0.0036,0.0013
pooled16_mb10,50,80/20,0.046,pooled geometric mean,0.0514,0.0,0.841,2.52,0.0,36.74,44.77,0.0224,0.0039,0.0013
pooled16_mb10,50,80/20,0.0628,pooled median (arithmetic),0.0659,0.0,0.832,2.182,0.0,51.8,60.22,0.0167,0.003,0.0012
pooled16_mb10,50,100/0,0.03,3%,0.0389,0.0,0.822,3.171,0.0,31.24,40.42,0.0264,0.0042,0.0013
pooled16_mb10,50,100/0,0.04,4%,0.0466,0.0,0.821,2.87,0.0,34.15,42.45,0.0237,0.0038,0.0013
pooled16_mb10,50,100/0,0.05,5% (VPW default),0.0548,0.0,0.818,2.621,0.0,39.82,48.06,0.0206,0.0034,0.0012
pooled16_mb10,50,100/0,0.046,pooled geometric mean,0.0514,0.0,0.822,2.722,0.0,37.03,45.51,0.0219,0.0036,0.0012
pooled16_mb10,50,100/0,0.0628,pooled median (arithmetic),0.0659,0.0,0.811,2.343,0.0,50.09,58.57,0.0164,0.0029,0.0011
us_annual,30,60/40,0.03,3%,0.051,0.0,1.21,2.228,0.0,0.72,2.1,0.0634,0.0526,0.0303
us_annual,30,60/40,0.04,4%,0.0578,0.0,1.187,2.131,0.0,1.24,3.47,0.0619,0.0505,0.0272
us_annual,30,60/40,0.05,5% (VPW default),0.0651,0.0,1.162,2.039,0.0,2.48,6.22,0.0594,0.0468,0.0236
us_annual,30,60/40,0.0682,pooled geometric mean,0.0791,0.0,1.127,1.892,0.0,8.22,16.87,0.0526,0.0372,0.0168
us_annual,30,60/40,0.098,pooled median (arithmetic),0.1043,0.0,1.07,1.682,0.0,36.43,52.2,0.0381,0.0212,0.0082
us_annual,30,80/20,0.03,3%,0.051,0.0,1.256,2.519,0.0,0.74,2.13,0.0679,0.0537,0.0274
us_annual,30,80/20,0.04,4%,0.0578,0.0,1.224,2.395,0.0,1.2,2.99,0.0666,0.0519,0.0249
us_annual,30,80/20,0.05,5% (VPW default),0.0651,0.0,1.199,2.281,0.0,2.27,5.09,0.0642,0.0485,0.0221
us_annual,30,80/20,0.0682,pooled geometric mean,0.0791,0.0,1.148,2.092,0.0,6.23,12.49,0.0574,0.0391,0.0164
us_annual,30,80/20,0.098,pooled median (arithmetic),0.1043,0.0,1.084,1.837,0.0,28.57,41.07,0.0422,0.0225,0.0083
us_annual,30,100/0,0.03,3%,0.051,0.0,1.253,2.795,0.0,1.13,3.15,0.0703,0.0515,0.0233
us_annual,30,100/0,0.04,4%,0.0578,0.0,1.22,2.65,0.0,1.77,4.01,0.0692,0.0498,0.0213
us_annual,30,100/0,0.05,5% (VPW default),0.0651,0.0,1.188,2.519,0.0,2.73,5.8,0.0669,0.0464,0.0189
us_annual,30,100/0,0.0682,pooled geometric mean,0.0791,0.0,1.134,2.289,0.0,6.42,11.21,0.0602,0.0374,0.0143
us_annual,30,100/0,0.098,pooled median (arithmetic),0.1043,0.0,1.06,1.985,0.0,24.77,35.86,0.0446,0.0216,0.0074
us_annual,50,60/40,0.03,3%,0.0389,0.0,1.683,3.687,0.0,4.0,12.41,0.0564,0.0422,0.0224
us_annual,50,60/40,0.04,4%,0.0466,0.0,1.574,3.306,0.0,6.53,13.89,0.0535,0.0386,0.0172
us_annual,50,60/40,0.05,5% (VPW default),0.0548,0.0,1.483,2.956,0.0,11.78,20.57,0.0485,0.0323,0.0124
us_annual,50,60/40,0.0682,pooled geometric mean,0.0708,0.0,1.339,2.461,0.0,33.82,46.67,0.0364,0.0194,0.0062
us_annual,50,60/40,0.098,pooled median (arithmetic),0.0989,0.0,1.174,1.931,0.0,91.02,95.7,0.0173,0.0063,0.002
us_annual,50,80/20,0.03,3%,0.0389,0.0,1.859,4.565,0.0,3.38,10.01,0.0631,0.0442,0.0229
us_annual,50,80/20,0.04,4%,0.0466,0.0,1.715,4.027,0.0,4.64,10.44,0.0605,0.0414,0.0182
us_annual,50,80/20,0.05,5% (VPW default),0.0548,0.0,1.594,3.564,0.0,8.31,14.15,0.0556,0.0355,0.0133
us_annual,50,80/20,0.0682,pooled geometric mean,0.0708,0.0,1.416,2.9,0.0,23.55,33.78,0.0427,0.0219,0.0066
us_annual,50,80/20,0.098,pooled median (arithmetic),0.0989,0.0,1.217,2.177,0.0,76.64,85.26,0.021,0.0072,0.0021
us_annual,50,100/0,0.03,3%,0.0389,0.0,1.941,5.479,0.0,4.25,10.81,0.0669,0.0426,0.0198
us_annual,50,100/0,0.04,4%,0.0466,0.0,1.781,4.77,0.0,5.4,10.98,0.0646,0.0399,0.0161
us_annual,50,100/0,0.05,5% (VPW default),0.0548,0.0,1.648,4.177,0.0,8.11,13.75,0.0599,0.0342,0.0118
us_annual,50,100/0,0.0682,pooled geometric mean,0.0708,0.0,1.445,3.322,0.0,19.91,28.22,0.0467,0.0213,0.0059
us_annual,50,100/0,0.098,pooled median (arithmetic),0.0989,0.0,1.22,2.433,0.0,64.75,73.9,0.0234,0.0071,0.002
pooled_exUSA_mb10,30,60/40,0.03,3%,0.051,0.0,0.72,1.797,0.0,16.31,21.78,0.0374,0.0073,0.0017
pooled_exUSA_mb10,30,60/40,0.04,4%,0.0578,0.0,0.727,1.74,0.0,18.63,24.39,0.0355,0.0067,0.0017
pooled_exUSA_mb10,30,60/40,0.05,5% (VPW default),0.0651,0.0,0.74,1.685,0.0,21.58,28.6,0.0331,0.0061,0.0016
pooled_exUSA_mb10,30,60/40,0.0444,pooled geometric mean,0.061,0.0,0.732,1.714,0.0,19.92,25.95,0.0345,0.0065,0.0017
pooled_exUSA_mb10,30,60/40,0.0607,pooled median (arithmetic),0.0732,0.0,0.754,1.627,0.0,26.46,35.01,0.0302,0.0055,0.0015
pooled_exUSA_mb10,30,80/20,0.03,3%,0.051,0.0,0.728,1.906,0.0,16.34,21.9,0.0382,0.0072,0.0017
pooled_exUSA_mb10,30,80/20,0.04,4%,0.0578,0.0,0.737,1.839,0.0,18.19,24.4,0.0364,0.0067,0.0017
pooled_exUSA_mb10,30,80/20,0.05,5% (VPW default),0.0651,0.0,0.745,1.775,0.0,21.42,28.16,0.034,0.0061,0.0016
pooled_exUSA_mb10,30,80/20,0.0444,pooled geometric mean,0.061,0.0,0.741,1.81,0.0,19.49,25.9,0.0354,0.0064,0.0017
pooled_exUSA_mb10,30,80/20,0.0607,pooled median (arithmetic),0.0732,0.0,0.754,1.713,0.0,26.07,33.41,0.031,0.0055,0.0015
pooled_exUSA_mb10,30,100/0,0.03,3%,0.051,0.0,0.708,1.993,0.0,17.9,24.17,0.0369,0.0064,0.0016
pooled_exUSA_mb10,30,100/0,0.04,4%,0.0578,0.0,0.714,1.92,0.0,19.87,26.52,0.035,0.0059,0.0016
pooled_exUSA_mb10,30,100/0,0.05,5% (VPW default),0.0651,0.0,0.719,1.851,0.0,22.82,29.73,0.0327,0.0054,0.0015
pooled_exUSA_mb10,30,100/0,0.0444,pooled geometric mean,0.061,0.0,0.717,1.89,0.0,21.07,27.71,0.0341,0.0057,0.0016
pooled_exUSA_mb10,30,100/0,0.0607,pooled median (arithmetic),0.0732,0.0,0.727,1.781,0.0,27.0,34.64,0.0299,0.0049,0.0015
pooled_exUSA_mb10,50,60/40,0.03,3%,0.0389,0.0,0.76,2.582,0.0,33.04,41.6,0.0227,0.0038,0.0013
pooled_exUSA_mb10,50,60/40,0.04,4%,0.0466,0.0,0.771,2.369,0.0,37.51,46.02,0.0202,0.0035,0.0012
pooled_exUSA_mb10,50,60/40,0.05,5% (VPW default),0.0548,0.0,0.778,2.192,0.0,45.11,53.72,0.0174,0.0031,0.0012
pooled_exUSA_mb10,50,60/40,0.0444,pooled geometric mean,0.0501,0.0,0.777,2.285,0.0,40.35,49.23,0.019,0.0033,0.0012
pooled_exUSA_mb10,50,60/40,0.0607,pooled median (arithmetic),0.0641,0.0,0.779,2.025,0.0,56.03,64.89,0.0143,0.0027,0.0011
pooled_exUSA_mb10,50,80/20,0.03,3%,0.0389,0.0,0.789,2.865,0.0,32.15,40.65,0.0238,0.0039,0.0013
pooled_exUSA_mb10,50,80/20,0.04,4%,0.0466,0.0,0.798,2.622,0.0,35.78,44.01,0.0212,0.0035,0.0012
pooled_exUSA_mb10,50,80/20,0.05,5% (VPW default),0.0548,0.0,0.803,2.403,0.0,42.21,50.25,0.0184,0.0031,0.0012
pooled_exUSA_mb10,50,80/20,0.0444,pooled geometric mean,0.0501,0.0,0.8,2.52,0.0,38.35,46.44,0.02,0.0033,0.0012
pooled_exUSA_mb10,50,80/20,0.0607,pooled median (arithmetic),0.0641,0.0,0.801,2.206,0.0,51.6,60.45,0.0152,0.0027,0.0011
pooled_exUSA_mb10,50,100/0,0.03,3%,0.0389,0.0,0.771,3.086,0.0,33.9,42.53,0.0228,0.0036,0.0012
pooled_exUSA_mb10,50,100/0,0.04,4%,0.0466,0.0,0.772,2.805,0.0,36.86,45.05,0.0204,0.0032,0.0012
pooled_exUSA_mb10,50,100/0,0.05,5% (VPW default),0.0548,0.0,0.773,2.559,0.0,42.31,50.51,0.0177,0.0029,0.0011
pooled_exUSA_mb10,50,100/0,0.0444,pooled geometric mean,0.0501,0.0,0.776,2.695,0.0,38.84,47.0,0.0192,0.0031,0.0012
pooled_exUSA_mb10,50,100/0,0.0607,pooled median (arithmetic),0.0641,0.0,0.778,2.338,0.0,50.48,58.65,0.0148,0.0026,0.0011
