sample,horizon,alloc,strategy,rate,ruin_pct,spend_p5,spend_med,endw_med,sfabs20,sfabs25,ce_g2,ce_g4,ce_g8
pooled16_mb10,30,60/40,FIX3,0.03,11.24,0.58,0.9,1.59,10.26,10.38,0.0093,0.0015,0.0008
pooled16_mb10,30,60/40,FIX4,0.04,21.14,0.608,1.2,0.97,18.93,19.17,0.0063,0.0012,0.0007
pooled16_mb10,30,60/40,GK4,0.04,0.32,0.507,1.231,1.07,22.68,32.38,0.0234,0.0038,0.0013
pooled16_mb10,30,60/40,GK5,0.05,1.08,0.584,1.379,0.7,20.55,28.1,0.0245,0.0034,0.0012
pooled16_mb10,30,60/40,VPW3,,0.0,0.745,1.834,0.0,14.88,19.79,0.0381,0.0065,0.0016
pooled16_mb10,30,60/40,VPW5,,0.0,0.763,1.715,0.0,19.53,26.72,0.0339,0.0057,0.0015
pooled16_mb10,30,80/20,FIX3,0.03,11.21,0.582,0.9,1.88,10.29,10.41,0.0094,0.0015,0.0008
pooled16_mb10,30,80/20,FIX4,0.04,20.75,0.609,1.2,1.17,18.9,19.03,0.0063,0.0012,0.0007
pooled16_mb10,30,80/20,GK4,0.04,0.75,0.509,1.296,1.22,22.56,31.73,0.0232,0.0034,0.0012
pooled16_mb10,30,80/20,GK5,0.05,2.14,0.585,1.441,0.8,20.43,27.89,0.0232,0.0029,0.0011
pooled16_mb10,30,80/20,VPW3,,0.0,0.763,1.96,0.0,14.8,19.63,0.039,0.0063,0.0016
pooled16_mb10,30,80/20,VPW5,,0.0,0.776,1.826,0.0,19.17,25.99,0.0348,0.0055,0.0015
pooled16_mb10,30,100/0,FIX3,0.03,12.29,0.553,0.9,2.03,11.34,11.45,0.0088,0.0015,0.0008
pooled16_mb10,30,100/0,FIX4,0.04,22.07,0.582,1.2,1.3,20.5,20.64,0.0058,0.0012,0.0007
pooled16_mb10,30,100/0,GK4,0.04,1.5,0.496,1.34,1.3,23.69,33.32,0.0216,0.0029,0.0011
pooled16_mb10,30,100/0,GK5,0.05,4.17,0.57,1.485,0.87,22.12,29.61,0.0199,0.0024,0.001
pooled16_mb10,30,100/0,VPW3,,0.0,0.739,2.07,0.0,16.03,21.36,0.0377,0.0055,0.0015
pooled16_mb10,30,100/0,VPW5,,0.0,0.753,1.917,0.0,20.52,27.27,0.0337,0.0049,0.0014
pooled16_mb10,30,100/0,S1-fl2+VPW3,,0.0,1.339,2.67,0.0,0.0,3.3,0.0747,0.0578,0.0396
pooled16_mb10,30,100/0,S2L15-fl2+VPW3,,0.0,0.834,1.796,0.0,21.16,28.31,0.0344,0.0049,0.0014
pooled16_mb10,50,60/40,FIX3,0.03,24.65,0.575,1.5,2.24,23.97,24.07,0.0044,0.0011,0.0007
pooled16_mb10,50,60/40,FIX4,0.04,41.93,0.621,2.0,0.59,40.86,40.95,0.0027,0.0009,0.0006
pooled16_mb10,50,60/40,GK4,0.04,0.21,0.682,2.065,1.07,37.77,47.55,0.0179,0.0031,0.0012
pooled16_mb10,50,60/40,GK5,0.05,1.22,0.745,2.046,0.55,41.3,50.21,0.0162,0.0027,0.0011
pooled16_mb10,50,60/40,VPW3,,0.0,0.813,2.621,0.0,30.41,38.94,0.0257,0.0047,0.0014
pooled16_mb10,50,60/40,VPW5,,0.0,0.821,2.213,0.0,42.64,51.83,0.0198,0.0036,0.0013
pooled16_mb10,50,80/20,FIX3,0.03,23.08,0.579,1.5,3.0,22.56,22.66,0.0045,0.0011,0.0007
pooled16_mb10,50,80/20,FIX4,0.04,38.7,0.611,2.0,1.02,38.01,38.08,0.0028,0.0009,0.0006
pooled16_mb10,50,80/20,GK4,0.04,0.74,0.691,2.265,1.34,36.38,45.56,0.018,0.0029,0.0011
pooled16_mb10,50,80/20,GK5,0.05,2.69,0.741,2.228,0.7,38.83,47.23,0.0158,0.0024,0.001
pooled16_mb10,50,80/20,VPW3,,0.0,0.84,2.93,0.0,29.47,38.3,0.0272,0.0047,0.0014
pooled16_mb10,50,80/20,VPW5,,0.0,0.838,2.432,0.0,39.33,48.1,0.0211,0.0036,0.0013
pooled16_mb10,50,100/0,FIX3,0.03,23.98,0.552,1.5,3.39,23.49,23.52,0.0042,0.0011,0.0007
pooled16_mb10,50,100/0,FIX4,0.04,38.62,0.58,2.0,1.25,37.82,37.88,0.0027,0.0009,0.0006
pooled16_mb10,50,100/0,GK4,0.04,1.97,0.653,2.387,1.52,37.5,46.47,0.0164,0.0024,0.001
pooled16_mb10,50,100/0,GK5,0.05,5.19,0.699,2.364,0.79,40.05,47.93,0.0139,0.0021,0.0009
pooled16_mb10,50,100/0,VPW3,,0.0,0.822,3.171,0.0,31.24,40.42,0.0264,0.0042,0.0013
pooled16_mb10,50,100/0,VPW5,,0.0,0.818,2.621,0.0,39.82,48.06,0.0206,0.0034,0.0012
pooled16_mb10,50,100/0,S1-fl2+VPW3,,0.0,1.822,4.171,0.0,0.0,7.43,0.0659,0.0495,0.0358
pooled16_mb10,50,100/0,S2L15-fl2+VPW3,,0.0,0.894,2.592,0.0,38.67,47.49,0.022,0.0036,0.0012
pooled16_mb5,50,60/40,FIX3,0.03,24.05,0.595,1.5,2.18,23.31,23.42,0.0045,0.0011,0.0007
pooled16_mb5,50,60/40,FIX4,0.04,41.9,0.626,2.0,0.56,40.82,40.95,0.0027,0.0009,0.0006
pooled16_mb5,50,60/40,GK4,0.04,0.23,0.676,2.073,1.05,37.55,47.44,0.0195,0.0034,0.0012
pooled16_mb5,50,60/40,GK5,0.05,1.32,0.734,2.046,0.54,40.84,50.37,0.0175,0.0029,0.0011
pooled16_mb5,50,60/40,VPW3,,0.0,0.8,2.613,0.0,29.34,38.79,0.0268,0.0049,0.0014
pooled16_mb5,50,60/40,VPW5,,0.0,0.807,2.214,0.0,42.77,51.97,0.0207,0.0038,0.0013
pooled16_mb5,50,80/20,FIX3,0.03,23.27,0.58,1.5,2.81,22.69,22.76,0.0045,0.0011,0.0007
pooled16_mb5,50,80/20,FIX4,0.04,39.7,0.604,2.0,0.92,38.88,38.95,0.0028,0.0009,0.0006
pooled16_mb5,50,80/20,GK4,0.04,0.86,0.685,2.254,1.29,36.67,46.26,0.0192,0.003,0.0011
pooled16_mb5,50,80/20,GK5,0.05,2.71,0.735,2.241,0.67,39.49,48.2,0.0168,0.0025,0.001
pooled16_mb5,50,80/20,VPW3,,0.0,0.821,2.933,0.0,29.16,38.8,0.0278,0.0047,0.0014
pooled16_mb5,50,80/20,VPW5,,0.0,0.821,2.449,0.0,39.95,48.79,0.0217,0.0038,0.0013
pooled16_mb5,50,100/0,FIX3,0.03,24.64,0.544,1.5,3.16,24.02,24.1,0.0042,0.0011,0.0007
pooled16_mb5,50,100/0,FIX4,0.04,39.53,0.57,2.0,1.1,38.8,38.84,0.0026,0.0009,0.0006
pooled16_mb5,50,100/0,GK4,0.04,2.08,0.648,2.388,1.45,38.53,47.69,0.0171,0.0025,0.001
pooled16_mb5,50,100/0,GK5,0.05,6.19,0.697,2.359,0.74,41.11,49.31,0.0139,0.0021,0.0009
pooled16_mb5,50,100/0,VPW3,,0.0,0.804,3.162,0.0,32.05,41.55,0.0265,0.0042,0.0013
pooled16_mb5,50,100/0,VPW5,,0.0,0.795,2.634,0.0,40.97,49.21,0.0207,0.0034,0.0012
pooled16_mb5,50,100/0,S1-fl2+VPW3,,0.0,1.804,4.162,0.0,0.0,6.83,0.0656,0.0494,0.036
pooled16_mb5,50,100/0,S2L15-fl2+VPW3,,0.0,0.881,2.585,0.0,40.37,49.23,0.0222,0.0037,0.0012
global_rgdp,30,60/40,FIX3,0.03,0.81,0.9,0.9,2.26,0.64,0.65,0.0282,0.0049,0.0013
global_rgdp,30,60/40,FIX4,0.04,7.76,1.048,1.2,1.54,6.14,6.31,0.0197,0.0021,0.0009
global_rgdp,30,60/40,GK4,0.04,0.0,0.703,1.3,1.49,19.57,28.96,0.0358,0.023,0.0092
global_rgdp,30,60/40,GK5,0.05,0.0,0.81,1.47,1.04,16.43,24.53,0.0403,0.0255,0.0105
global_rgdp,30,60/40,VPW3,,0.0,1.145,2.053,0.0,1.15,3.66,0.0593,0.0493,0.0299
global_rgdp,30,60/40,VPW5,,0.0,1.11,1.896,0.0,4.09,9.24,0.0551,0.0427,0.0215
global_rgdp,30,80/20,FIX3,0.03,0.45,0.9,0.9,3.04,0.34,0.35,0.0289,0.0059,0.0014
global_rgdp,30,80/20,FIX4,0.04,4.42,1.193,1.2,2.21,3.39,3.45,0.0251,0.0026,0.001
global_rgdp,30,80/20,GK4,0.04,0.0,0.724,1.434,1.94,17.56,25.42,0.0382,0.0239,0.0095
global_rgdp,30,80/20,GK5,0.05,0.01,0.846,1.589,1.38,15.07,21.79,0.0432,0.0233,0.003
global_rgdp,30,80/20,VPW3,,0.0,1.254,2.32,0.0,0.58,2.02,0.0654,0.0538,0.0336
global_rgdp,30,80/20,VPW5,,0.0,1.202,2.112,0.0,2.11,5.28,0.0615,0.0483,0.0248
global_rgdp,30,100/0,FIX3,0.03,0.53,0.9,0.9,3.87,0.44,0.45,0.0286,0.0054,0.0014
global_rgdp,30,100/0,FIX4,0.04,3.36,1.2,1.2,2.89,2.83,2.86,0.0261,0.0026,0.001
global_rgdp,30,100/0,GK4,0.04,0.0,0.735,1.562,2.4,16.47,23.81,0.0404,0.0221,0.003
global_rgdp,30,100/0,GK5,0.05,0.1,0.86,1.726,1.73,14.02,20.31,0.0453,0.0115,0.0019
global_rgdp,30,100/0,VPW3,,0.0,1.331,2.58,0.0,0.51,1.72,0.0703,0.056,0.0345
global_rgdp,30,100/0,VPW5,,0.0,1.264,2.34,0.0,1.55,3.94,0.0668,0.0514,0.0261
global_rgdp,30,100/0,S1-fl2+VPW3,,0.0,1.931,3.18,0.0,0.0,0.0,0.0942,0.0828,0.0689
global_rgdp,30,100/0,S2L15-fl2+VPW3,,0.0,1.262,2.165,0.0,2.02,5.21,0.0632,0.0496,0.0257
global_rgdp,50,60/40,FIX3,0.03,6.38,1.338,1.5,4.64,5.97,6.07,0.0157,0.002,0.0009
global_rgdp,50,60/40,FIX4,0.04,23.03,1.052,2.0,2.44,22.27,22.32,0.0058,0.0012,0.0007
global_rgdp,50,60/40,GK4,0.04,0.0,1.167,2.462,1.99,31.21,41.29,0.0364,0.0192,0.0061
global_rgdp,50,60/40,GK5,0.05,0.0,1.214,2.433,1.08,31.64,42.34,0.0363,0.0181,0.0057
global_rgdp,50,60/40,VPW3,,0.0,1.496,3.196,0.0,7.08,17.99,0.0506,0.0371,0.012
global_rgdp,50,60/40,VPW5,,0.0,1.351,2.614,0.0,18.34,29.55,0.0425,0.0262,0.0061
global_rgdp,50,80/20,FIX3,0.03,3.51,1.5,1.5,7.9,3.3,3.3,0.02,0.0025,0.001
global_rgdp,50,80/20,FIX4,0.04,15.19,1.198,2.0,4.91,14.74,14.81,0.0084,0.0014,0.0008
global_rgdp,50,80/20,GK4,0.04,0.0,1.294,3.006,3.1,26.12,34.96,0.0416,0.0216,0.0068
global_rgdp,50,80/20,GK5,0.05,0.01,1.347,2.934,1.8,26.08,34.74,0.0425,0.0193,0.0029
global_rgdp,50,80/20,VPW3,,0.0,1.758,3.996,0.0,3.86,11.08,0.0591,0.043,0.0157
global_rgdp,50,80/20,VPW5,,0.0,1.535,3.169,0.0,10.21,17.36,0.0513,0.0329,0.008
global_rgdp,50,100/0,FIX3,0.03,2.29,1.5,1.5,12.05,2.18,2.22,0.0217,0.0027,0.001
global_rgdp,50,100/0,FIX4,0.04,10.73,1.293,2.0,8.19,10.36,10.37,0.0107,0.0015,0.0008
global_rgdp,50,100/0,GK4,0.04,0.0,1.379,3.555,4.57,23.13,31.7,0.0457,0.0233,0.0073
global_rgdp,50,100/0,GK5,0.05,0.09,1.436,3.479,2.71,22.61,30.83,0.0469,0.0108,0.0019
global_rgdp,50,100/0,VPW3,,0.0,1.991,4.929,0.0,2.86,8.19,0.0663,0.0462,0.0198
global_rgdp,50,100/0,VPW5,,0.0,1.687,3.782,0.0,6.77,12.06,0.0591,0.0375,0.0103
global_rgdp,50,100/0,S1-fl2+VPW3,,0.0,2.991,5.929,0.0,0.0,0.01,0.0931,0.076,0.0607
global_rgdp,50,100/0,S2L15-fl2+VPW3,,0.0,1.739,3.862,0.0,7.86,15.52,0.0579,0.039,0.0143
us_annual,30,60/40,FIX3,0.03,0.56,0.9,0.9,2.73,0.41,0.44,0.0288,0.0057,0.0014
us_annual,30,60/40,FIX4,0.04,5.4,1.139,1.2,1.94,4.24,4.35,0.0237,0.0024,0.001
us_annual,30,60/40,GK4,0.04,0.0,0.844,1.471,1.62,4.73,13.65,0.0435,0.0374,0.0259
us_annual,30,60/40,GK5,0.05,0.03,0.943,1.62,1.1,3.29,9.01,0.0484,0.0164,0.0023
us_annual,30,60/40,VPW3,,0.0,1.21,2.228,0.0,0.72,2.1,0.0634,0.0526,0.0303
us_annual,30,60/40,VPW5,,0.0,1.162,2.039,0.0,2.48,6.22,0.0594,0.0468,0.0236
us_annual,30,80/20,FIX3,0.03,0.65,0.9,0.9,3.53,0.49,0.49,0.0284,0.0051,0.0013
us_annual,30,80/20,FIX4,0.04,4.88,1.169,1.2,2.64,4.04,4.17,0.0234,0.0024,0.001
us_annual,30,80/20,GK4,0.04,0.01,0.863,1.646,2.0,4.36,12.61,0.0465,0.0283,0.003
us_annual,30,80/20,GK5,0.05,0.13,0.959,1.808,1.38,3.08,8.64,0.0515,0.0107,0.0019
us_annual,30,80/20,VPW3,,0.0,1.256,2.519,0.0,0.74,2.13,0.0679,0.0537,0.0274
us_annual,30,80/20,VPW5,,0.0,1.199,2.281,0.0,2.27,5.09,0.0642,0.0485,0.0221
us_annual,30,100/0,FIX3,0.03,1.18,0.9,0.9,4.28,0.93,0.97,0.0265,0.0038,0.0012
us_annual,30,100/0,FIX4,0.04,6.11,1.096,1.2,3.26,5.03,5.1,0.0198,0.0021,0.0009
us_annual,30,100/0,GK4,0.04,0.09,0.848,1.799,2.37,5.44,14.63,0.0479,0.0118,0.0019
us_annual,30,100/0,GK5,0.05,0.72,0.932,1.982,1.65,4.19,10.55,0.0496,0.0053,0.0014
us_annual,30,100/0,VPW3,,0.0,1.253,2.795,0.0,1.13,3.15,0.0703,0.0515,0.0233
us_annual,30,100/0,VPW5,,0.0,1.188,2.519,0.0,2.73,5.8,0.0669,0.0464,0.0189
us_annual,30,100/0,S1-fl2+VPW3,,0.0,1.853,3.395,0.0,0.0,0.0,0.0956,0.0811,0.0646
us_annual,30,100/0,S2L15-fl2+VPW3,,0.0,1.205,2.32,0.0,3.41,6.93,0.0637,0.0451,0.017
us_annual,50,60/40,FIX3,0.03,3.86,1.5,1.5,6.59,3.55,3.57,0.0196,0.0024,0.001
us_annual,50,60/40,FIX4,0.04,17.23,1.141,2.0,3.89,16.7,16.76,0.0075,0.0013,0.0008
us_annual,50,60/40,GK4,0.04,0.0,1.355,2.906,2.19,9.89,19.89,0.0465,0.0342,0.0153
us_annual,50,60/40,GK5,0.05,0.09,1.362,2.807,1.18,11.81,20.32,0.0459,0.0169,0.0023
us_annual,50,60/40,VPW3,,0.0,1.683,3.687,0.0,4.0,12.41,0.0564,0.0422,0.0224
us_annual,50,60/40,VPW5,,0.0,1.483,2.956,0.0,11.78,20.57,0.0485,0.0323,0.0124
us_annual,50,80/20,FIX3,0.03,3.04,1.5,1.5,10.32,2.89,2.93,0.0201,0.0025,0.001
us_annual,50,80/20,FIX4,0.04,13.34,1.156,2.0,6.78,12.85,12.9,0.0088,0.0014,0.0008
us_annual,50,80/20,GK4,0.04,0.03,1.462,3.554,3.15,8.59,17.77,0.0521,0.0227,0.0027
us_annual,50,80/20,GK5,0.05,0.27,1.447,3.398,1.7,9.58,16.76,0.0512,0.0085,0.0017
us_annual,50,80/20,VPW3,,0.0,1.859,4.565,0.0,3.38,10.01,0.0631,0.0442,0.0229
us_annual,50,80/20,VPW5,,0.0,1.594,3.564,0.0,8.31,14.15,0.0556,0.0355,0.0133
us_annual,50,100/0,FIX3,0.03,3.59,1.5,1.5,14.19,3.47,3.5,0.0178,0.0022,0.0009
us_annual,50,100/0,FIX4,0.04,12.9,1.101,2.0,9.87,12.57,12.59,0.0084,0.0014,0.0008
us_annual,50,100/0,GK4,0.04,0.18,1.496,4.175,4.2,9.11,18.87,0.0539,0.0086,0.0017
us_annual,50,100/0,GK5,0.05,0.89,1.476,3.96,2.3,10.13,17.75,0.0497,0.0049,0.0013
us_annual,50,100/0,VPW3,,0.0,1.941,5.479,0.0,4.25,10.81,0.0669,0.0426,0.0198
us_annual,50,100/0,VPW5,,0.0,1.648,4.177,0.0,8.11,13.75,0.0599,0.0342,0.0118
us_annual,50,100/0,S1-fl2+VPW3,,0.0,2.941,6.479,0.0,0.0,0.0,0.0955,0.0749,0.0577
us_annual,50,100/0,S2L15-fl2+VPW3,,0.0,1.703,4.26,0.0,9.36,16.79,0.0588,0.0355,0.0144
pooled_exUSA_mb10,30,60/40,FIX3,0.03,12.58,0.557,0.9,1.47,11.51,11.68,0.0088,0.0015,0.0008
pooled_exUSA_mb10,30,60/40,FIX4,0.04,23.03,0.598,1.2,0.86,20.8,20.99,0.0059,0.0012,0.0007
pooled_exUSA_mb10,30,60/40,GK4,0.04,0.37,0.504,1.211,1.0,24.69,34.46,0.0236,0.004,0.0013
pooled_exUSA_mb10,30,60/40,GK5,0.05,1.13,0.585,1.362,0.65,22.59,30.52,0.0246,0.0035,0.0012
pooled_exUSA_mb10,30,60/40,VPW3,,0.0,0.72,1.797,0.0,16.31,21.78,0.0374,0.0073,0.0017
pooled_exUSA_mb10,30,60/40,VPW5,,0.0,0.74,1.685,0.0,21.58,28.6,0.0331,0.0061,0.0016
pooled_exUSA_mb10,30,80/20,FIX3,0.03,12.62,0.557,0.9,1.68,11.58,11.69,0.0087,0.0014,0.0008
pooled_exUSA_mb10,30,80/20,FIX4,0.04,22.81,0.592,1.2,1.03,20.75,20.95,0.0058,0.0012,0.0007
pooled_exUSA_mb10,30,80/20,GK4,0.04,0.77,0.504,1.263,1.12,24.63,33.9,0.0234,0.0036,0.0012
pooled_exUSA_mb10,30,80/20,GK5,0.05,2.47,0.585,1.409,0.74,22.41,30.14,0.0231,0.003,0.0011
pooled_exUSA_mb10,30,80/20,VPW3,,0.0,0.728,1.906,0.0,16.34,21.9,0.0382,0.0072,0.0017
pooled_exUSA_mb10,30,80/20,VPW5,,0.0,0.745,1.775,0.0,21.42,28.16,0.034,0.0061,0.0016
pooled_exUSA_mb10,30,100/0,FIX3,0.03,13.95,0.526,0.9,1.81,12.82,13.04,0.0081,0.0014,0.0008
pooled_exUSA_mb10,30,100/0,FIX4,0.04,24.02,0.565,1.2,1.1,22.44,22.57,0.0053,0.0011,0.0007
pooled_exUSA_mb10,30,100/0,GK4,0.04,1.77,0.484,1.297,1.19,25.72,35.21,0.0216,0.003,0.0011
pooled_exUSA_mb10,30,100/0,GK5,0.05,5.23,0.555,1.444,0.78,24.39,31.88,0.0191,0.0023,0.001
pooled_exUSA_mb10,30,100/0,VPW3,,0.0,0.708,1.993,0.0,17.9,24.17,0.0369,0.0064,0.0016
pooled_exUSA_mb10,30,100/0,VPW5,,0.0,0.719,1.851,0.0,22.82,29.73,0.0327,0.0054,0.0015
pooled_exUSA_mb10,30,100/0,S1-fl2+VPW3,,0.0,1.308,2.593,0.0,0.0,3.65,0.0729,0.0565,0.0393
pooled_exUSA_mb10,30,100/0,S2L15-fl2+VPW3,,0.0,0.812,1.741,0.0,23.69,30.46,0.0332,0.0054,0.0015
pooled_exUSA_mb10,50,60/40,FIX3,0.03,26.6,0.554,1.5,1.97,25.91,26.05,0.004,0.001,0.0007
pooled_exUSA_mb10,50,60/40,FIX4,0.04,43.28,0.595,2.0,0.45,42.42,42.53,0.0025,0.0009,0.0006
pooled_exUSA_mb10,50,60/40,GK4,0.04,0.36,0.642,2.043,0.98,40.3,49.62,0.016,0.0028,0.0011
pooled_exUSA_mb10,50,60/40,GK5,0.05,1.33,0.703,2.033,0.51,43.41,52.34,0.0144,0.0025,0.001
pooled_exUSA_mb10,50,60/40,VPW3,,0.0,0.76,2.582,0.0,33.04,41.6,0.0227,0.0038,0.0013
pooled_exUSA_mb10,50,60/40,VPW5,,0.0,0.778,2.192,0.0,45.11,53.72,0.0174,0.0031,0.0012
pooled_exUSA_mb10,50,80/20,FIX3,0.03,25.45,0.55,1.5,2.64,24.69,24.77,0.0041,0.0011,0.0007
pooled_exUSA_mb10,50,80/20,FIX4,0.04,40.56,0.589,2.0,0.85,39.76,39.88,0.0026,0.0009,0.0006
pooled_exUSA_mb10,50,80/20,GK4,0.04,0.96,0.638,2.216,1.24,39.0,47.95,0.0159,0.0026,0.0011
pooled_exUSA_mb10,50,80/20,GK5,0.05,2.98,0.7,2.2,0.64,41.5,49.5,0.0139,0.0022,0.001
pooled_exUSA_mb10,50,80/20,VPW3,,0.0,0.789,2.865,0.0,32.15,40.65,0.0238,0.0039,0.0013
pooled_exUSA_mb10,50,80/20,VPW5,,0.0,0.803,2.403,0.0,42.21,50.25,0.0184,0.0031,0.0012
pooled_exUSA_mb10,50,100/0,FIX3,0.03,26.42,0.522,1.5,2.95,25.86,25.91,0.0039,0.001,0.0007
pooled_exUSA_mb10,50,100/0,FIX4,0.04,40.58,0.556,2.0,1.03,39.84,39.88,0.0025,0.0009,0.0006
pooled_exUSA_mb10,50,100/0,GK4,0.04,2.11,0.616,2.318,1.38,40.05,48.58,0.0144,0.0022,0.001
pooled_exUSA_mb10,50,100/0,GK5,0.05,5.95,0.667,2.301,0.7,42.44,50.14,0.0121,0.0019,0.0009
pooled_exUSA_mb10,50,100/0,VPW3,,0.0,0.771,3.086,0.0,33.9,42.53,0.0228,0.0036,0.0012
pooled_exUSA_mb10,50,100/0,VPW5,,0.0,0.773,2.559,0.0,42.31,50.51,0.0177,0.0029,0.0011
pooled_exUSA_mb10,50,100/0,S1-fl2+VPW3,,0.0,1.771,4.086,0.0,0.0,9.09,0.064,0.0477,0.0346
pooled_exUSA_mb10,50,100/0,S2L15-fl2+VPW3,,0.0,0.857,2.53,0.0,40.76,49.32,0.019,0.0031,0.0012
pooled16_exHyper_mb10,30,60/40,FIX3,0.03,5.95,0.818,0.9,1.85,5.18,5.26,0.0158,0.002,0.0009
pooled16_exHyper_mb10,30,60/40,FIX4,0.04,15.36,0.789,1.2,1.19,13.37,13.61,0.0096,0.0015,0.0008
pooled16_exHyper_mb10,30,60/40,GK4,0.04,0.24,0.668,1.287,1.17,14.68,24.87,0.0349,0.0068,0.0015
pooled16_exHyper_mb10,30,60/40,GK5,0.05,0.81,0.759,1.441,0.78,12.52,20.57,0.0364,0.0046,0.0013
pooled16_exHyper_mb10,30,60/40,VPW3,,0.0,0.935,1.922,0.0,8.18,12.67,0.0504,0.017,0.0027
pooled16_exHyper_mb10,30,60/40,VPW5,,0.0,0.927,1.789,0.0,12.85,19.82,0.0459,0.0139,0.0023
pooled16_exHyper_mb10,30,80/20,FIX3,0.03,6.67,0.784,0.9,2.17,5.93,6.0,0.0145,0.0019,0.0009
pooled16_exHyper_mb10,30,80/20,FIX4,0.04,15.5,0.756,1.2,1.44,13.92,14.07,0.009,0.0014,0.0008
pooled16_exHyper_mb10,30,80/20,GK4,0.04,0.55,0.66,1.365,1.35,14.38,24.05,0.0341,0.0048,0.0013
pooled16_exHyper_mb10,30,80/20,GK5,0.05,1.91,0.743,1.518,0.9,12.45,20.02,0.0331,0.0034,0.0011
pooled16_exHyper_mb10,30,80/20,VPW3,,0.0,0.917,2.064,0.0,8.85,13.15,0.0507,0.0132,0.0023
pooled16_exHyper_mb10,30,80/20,VPW5,,0.0,0.907,1.91,0.0,13.12,19.39,0.0463,0.0116,0.0022
pooled16_exHyper_mb10,30,100/0,FIX3,0.03,8.23,0.697,0.9,2.4,7.56,7.69,0.0124,0.0017,0.0009
pooled16_exHyper_mb10,30,100/0,FIX4,0.04,17.71,0.693,1.2,1.63,16.03,16.21,0.0076,0.0013,0.0008
pooled16_exHyper_mb10,30,100/0,GK4,0.04,1.4,0.625,1.424,1.47,15.74,25.5,0.031,0.0036,0.0012
pooled16_exHyper_mb10,30,100/0,GK5,0.05,4.35,0.704,1.581,0.98,14.4,21.9,0.0268,0.0026,0.001
pooled16_exHyper_mb10,30,100/0,VPW3,,0.0,0.867,2.184,0.0,10.55,15.98,0.0488,0.0101,0.002
pooled16_exHyper_mb10,30,100/0,VPW5,,0.0,0.862,2.007,0.0,14.73,21.21,0.0444,0.0089,0.002
pooled16_exHyper_mb10,30,100/0,S1-fl2+VPW3,,0.0,1.467,2.784,0.0,0.0,1.07,0.0797,0.0641,0.0449
pooled16_exHyper_mb10,30,100/0,S2L15-fl2+VPW3,,0.0,0.927,1.878,0.0,15.75,22.23,0.044,0.009,0.0019
pooled16_exHyper_mb10,50,60/40,FIX3,0.03,16.48,0.819,1.5,3.18,15.93,15.93,0.007,0.0013,0.0008
pooled16_exHyper_mb10,50,60/40,FIX4,0.04,34.53,0.789,2.0,1.21,33.54,33.67,0.0035,0.001,0.0007
pooled16_exHyper_mb10,50,60/40,GK4,0.04,0.35,0.93,2.267,1.31,27.06,38.4,0.03,0.0054,0.0014
pooled16_exHyper_mb10,50,60/40,GK5,0.05,1.17,0.967,2.235,0.67,31.11,41.73,0.0266,0.0038,0.0012
pooled16_exHyper_mb10,50,60/40,VPW3,,0.0,1.1,2.858,0.0,20.54,29.96,0.0381,0.0091,0.002
pooled16_exHyper_mb10,50,60/40,VPW5,,0.0,1.044,2.383,0.0,33.62,43.62,0.0305,0.0064,0.0016
pooled16_exHyper_mb10,50,80/20,FIX3,0.03,16.14,0.778,1.5,4.22,15.53,15.64,0.0067,0.0013,0.0007
pooled16_exHyper_mb10,50,80/20,FIX4,0.04,31.56,0.751,2.0,1.87,30.67,30.73,0.0036,0.001,0.0007
pooled16_exHyper_mb10,50,80/20,GK4,0.04,0.87,0.921,2.52,1.63,25.76,36.41,0.0286,0.0039,0.0012
pooled16_exHyper_mb10,50,80/20,GK5,0.05,2.72,0.954,2.475,0.85,28.9,38.23,0.0239,0.0029,0.0011
pooled16_exHyper_mb10,50,80/20,VPW3,,0.0,1.115,3.215,0.0,20.79,30.28,0.0384,0.0072,0.0017
pooled16_exHyper_mb10,50,80/20,VPW5,,0.0,1.048,2.633,0.0,31.11,39.98,0.0309,0.0055,0.0015
pooled16_exHyper_mb10,50,100/0,FIX3,0.03,18.09,0.685,1.5,4.95,17.54,17.59,0.0058,0.0012,0.0007
pooled16_exHyper_mb10,50,100/0,FIX4,0.04,31.72,0.677,2.0,2.34,30.97,31.04,0.0034,0.001,0.0007
pooled16_exHyper_mb10,50,100/0,GK4,0.04,2.04,0.851,2.711,1.84,27.29,37.42,0.024,0.0029,0.0011
pooled16_exHyper_mb10,50,100/0,GK5,0.05,5.33,0.874,2.632,0.95,30.31,38.8,0.0188,0.0022,0.001
pooled16_exHyper_mb10,50,100/0,VPW3,,0.0,1.06,3.526,0.0,23.3,32.93,0.0359,0.0056,0.0015
pooled16_exHyper_mb10,50,100/0,VPW5,,0.0,0.994,2.854,0.0,31.96,40.26,0.0289,0.0045,0.0014
pooled16_exHyper_mb10,50,100/0,S1-fl2+VPW3,,0.0,2.06,4.526,0.0,0.0,3.19,0.072,0.0553,0.0397
pooled16_exHyper_mb10,50,100/0,S2L15-fl2+VPW3,,0.0,1.066,2.848,0.0,31.07,40.16,0.0303,0.0048,0.0014
