sample,horizon,alloc,rate,ruin_pct,sfabs20,spend_p5,spend_med
pooled16_mb10,30,60/40,0.02,5.68,60.47,0.548,0.6
pooled16_mb10,30,60/40,0.0225,6.86,6.36,0.556,0.675
pooled16_mb10,30,60/40,0.025,8.13,7.52,0.568,0.75
pooled16_mb10,30,60/40,0.0275,9.54,8.96,0.575,0.825
pooled16_mb10,30,60/40,0.03,11.24,10.26,0.58,0.9
pooled16_mb10,30,60/40,0.0325,13.11,12.04,0.589,0.975
pooled16_mb10,30,60/40,0.035,15.31,13.88,0.593,1.05
pooled16_mb10,30,60/40,0.0375,17.87,16.09,0.599,1.125
pooled16_mb10,30,60/40,0.04,21.14,18.93,0.608,1.2
pooled16_mb10,30,60/40,0.0425,24.42,22.17,0.616,1.275
pooled16_mb10,30,60/40,0.045,28.36,25.54,0.622,1.35
pooled16_mb10,30,60/40,0.0475,32.44,29.49,0.627,1.425
pooled16_mb10,30,60/40,0.05,37.05,33.77,0.634,1.5
pooled16_mb10,30,80/20,0.02,5.34,60.45,0.558,0.6
pooled16_mb10,30,80/20,0.0225,6.51,6.15,0.561,0.675
pooled16_mb10,30,80/20,0.025,7.83,7.34,0.564,0.75
pooled16_mb10,30,80/20,0.0275,9.47,8.74,0.575,0.825
pooled16_mb10,30,80/20,0.03,11.21,10.29,0.582,0.9
pooled16_mb10,30,80/20,0.0325,13.1,12.07,0.585,0.975
pooled16_mb10,30,80/20,0.035,15.24,13.9,0.591,1.05
pooled16_mb10,30,80/20,0.0375,17.93,16.36,0.598,1.125
pooled16_mb10,30,80/20,0.04,20.75,18.9,0.609,1.2
pooled16_mb10,30,80/20,0.0425,23.81,21.86,0.617,1.275
pooled16_mb10,30,80/20,0.045,27.23,24.78,0.626,1.35
pooled16_mb10,30,80/20,0.0475,30.96,28.36,0.632,1.425
pooled16_mb10,30,80/20,0.05,35.37,32.09,0.638,1.5
pooled16_mb10,30,100/0,0.02,5.84,60.64,0.532,0.6
pooled16_mb10,30,100/0,0.0225,7.16,6.7,0.529,0.675
pooled16_mb10,30,100/0,0.025,8.67,8.04,0.54,0.75
pooled16_mb10,30,100/0,0.0275,10.33,9.49,0.547,0.825
pooled16_mb10,30,100/0,0.03,12.29,11.34,0.553,0.9
pooled16_mb10,30,100/0,0.0325,14.34,13.15,0.558,0.975
pooled16_mb10,30,100/0,0.035,16.84,15.38,0.564,1.05
pooled16_mb10,30,100/0,0.0375,19.54,18.0,0.57,1.125
pooled16_mb10,30,100/0,0.04,22.07,20.5,0.582,1.2
pooled16_mb10,30,100/0,0.0425,25.03,23.14,0.592,1.275
pooled16_mb10,30,100/0,0.045,28.44,26.16,0.595,1.35
pooled16_mb10,30,100/0,0.0475,31.9,29.49,0.601,1.425
pooled16_mb10,30,100/0,0.05,35.28,33.05,0.606,1.5
pooled16_mb10,50,60/40,0.02,12.65,71.45,0.53,1.0
pooled16_mb10,50,60/40,0.0225,15.29,14.79,0.542,1.125
pooled16_mb10,50,60/40,0.025,17.96,17.53,0.561,1.25
pooled16_mb10,50,60/40,0.0275,21.03,20.47,0.57,1.375
pooled16_mb10,50,60/40,0.03,24.65,23.97,0.575,1.5
pooled16_mb10,50,60/40,0.0325,28.49,27.77,0.589,1.625
pooled16_mb10,50,60/40,0.035,32.56,31.71,0.597,1.75
pooled16_mb10,50,60/40,0.0375,37.14,36.25,0.612,1.875
pooled16_mb10,50,60/40,0.04,41.93,40.86,0.621,2.0
pooled16_mb10,50,60/40,0.0425,46.73,45.61,0.631,2.125
pooled16_mb10,50,60/40,0.045,51.76,50.56,0.632,2.097
pooled16_mb10,50,60/40,0.0475,56.59,55.57,0.641,1.95
pooled16_mb10,50,60/40,0.05,60.94,59.96,0.652,1.835
pooled16_mb10,50,80/20,0.02,11.93,71.19,0.54,1.0
pooled16_mb10,50,80/20,0.0225,14.31,14.04,0.549,1.125
pooled16_mb10,50,80/20,0.025,17.1,16.67,0.559,1.25
pooled16_mb10,50,80/20,0.0275,20.11,19.63,0.571,1.375
pooled16_mb10,50,80/20,0.03,23.08,22.56,0.579,1.5
pooled16_mb10,50,80/20,0.0325,26.96,26.22,0.59,1.625
pooled16_mb10,50,80/20,0.035,30.28,29.58,0.592,1.75
pooled16_mb10,50,80/20,0.0375,34.37,33.52,0.602,1.875
pooled16_mb10,50,80/20,0.04,38.7,38.01,0.611,2.0
pooled16_mb10,50,80/20,0.0425,43.08,42.12,0.617,2.125
pooled16_mb10,50,80/20,0.045,47.98,46.95,0.624,2.25
pooled16_mb10,50,80/20,0.0475,52.06,51.1,0.629,2.15
pooled16_mb10,50,80/20,0.05,56.4,55.44,0.636,2.005
pooled16_mb10,50,100/0,0.02,12.68,71.41,0.519,1.0
pooled16_mb10,50,100/0,0.0225,15.16,14.79,0.521,1.125
pooled16_mb10,50,100/0,0.025,17.81,17.45,0.53,1.25
pooled16_mb10,50,100/0,0.0275,21.03,20.54,0.541,1.375
pooled16_mb10,50,100/0,0.03,23.98,23.49,0.552,1.5
pooled16_mb10,50,100/0,0.0325,27.46,26.76,0.559,1.625
pooled16_mb10,50,100/0,0.035,30.67,30.11,0.563,1.75
pooled16_mb10,50,100/0,0.0375,34.6,33.67,0.572,1.875
pooled16_mb10,50,100/0,0.04,38.62,37.82,0.58,2.0
pooled16_mb10,50,100/0,0.0425,42.55,41.72,0.586,2.125
pooled16_mb10,50,100/0,0.045,46.62,45.62,0.597,2.25
pooled16_mb10,50,100/0,0.0475,50.2,49.47,0.602,2.31
pooled16_mb10,50,100/0,0.05,54.18,53.27,0.607,2.102
pooled16_mb5,50,60/40,0.02,11.44,70.63,0.566,1.0
pooled16_mb5,50,60/40,0.0225,14.03,13.62,0.569,1.125
pooled16_mb5,50,60/40,0.025,16.86,16.41,0.579,1.25
pooled16_mb5,50,60/40,0.0275,20.23,19.67,0.588,1.375
pooled16_mb5,50,60/40,0.03,24.05,23.31,0.595,1.5
pooled16_mb5,50,60/40,0.0325,27.9,27.16,0.602,1.625
pooled16_mb5,50,60/40,0.035,32.21,31.27,0.613,1.75
pooled16_mb5,50,60/40,0.0375,36.95,35.95,0.623,1.875
pooled16_mb5,50,60/40,0.04,41.9,40.82,0.626,2.0
pooled16_mb5,50,60/40,0.0425,46.72,45.65,0.633,2.125
pooled16_mb5,50,60/40,0.045,51.61,50.47,0.641,2.102
pooled16_mb5,50,60/40,0.0475,56.64,55.66,0.646,1.945
pooled16_mb5,50,60/40,0.05,61.13,59.87,0.655,1.832
pooled16_mb5,50,80/20,0.02,11.38,70.45,0.563,1.0
pooled16_mb5,50,80/20,0.0225,13.77,13.42,0.57,1.125
pooled16_mb5,50,80/20,0.025,16.73,16.22,0.574,1.25
pooled16_mb5,50,80/20,0.0275,19.81,19.24,0.576,1.375
pooled16_mb5,50,80/20,0.03,23.27,22.69,0.58,1.5
pooled16_mb5,50,80/20,0.0325,26.88,26.12,0.59,1.625
pooled16_mb5,50,80/20,0.035,30.5,29.62,0.596,1.75
pooled16_mb5,50,80/20,0.0375,35.18,34.29,0.6,1.875
pooled16_mb5,50,80/20,0.04,39.7,38.88,0.604,2.0
pooled16_mb5,50,80/20,0.0425,43.93,42.99,0.614,2.125
pooled16_mb5,50,80/20,0.045,48.13,47.26,0.618,2.25
pooled16_mb5,50,80/20,0.0475,52.03,51.2,0.625,2.162
pooled16_mb5,50,80/20,0.05,56.16,55.24,0.629,2.002
pooled16_mb5,50,100/0,0.02,12.63,70.83,0.522,1.0
pooled16_mb5,50,100/0,0.0225,15.3,14.95,0.525,1.125
pooled16_mb5,50,100/0,0.025,18.31,17.84,0.53,1.25
pooled16_mb5,50,100/0,0.0275,21.37,20.9,0.536,1.375
pooled16_mb5,50,100/0,0.03,24.64,24.02,0.544,1.5
pooled16_mb5,50,100/0,0.0325,28.36,27.71,0.552,1.625
pooled16_mb5,50,100/0,0.035,31.86,31.29,0.557,1.75
pooled16_mb5,50,100/0,0.0375,35.66,34.84,0.562,1.875
pooled16_mb5,50,100/0,0.04,39.53,38.8,0.57,2.0
pooled16_mb5,50,100/0,0.0425,43.48,42.79,0.577,2.125
pooled16_mb5,50,100/0,0.045,46.98,46.27,0.585,2.25
pooled16_mb5,50,100/0,0.0475,50.73,49.9,0.589,2.261
pooled16_mb5,50,100/0,0.05,54.28,53.45,0.595,2.075
global_rgdp,30,60/40,0.02,0.01,57.53,0.6,0.6
global_rgdp,30,60/40,0.0225,0.1,0.08,0.675,0.675
global_rgdp,30,60/40,0.025,0.14,0.11,0.75,0.75
global_rgdp,30,60/40,0.0275,0.4,0.26,0.825,0.825
global_rgdp,30,60/40,0.03,0.81,0.64,0.9,0.9
global_rgdp,30,60/40,0.0325,1.55,1.19,0.975,0.975
global_rgdp,30,60/40,0.035,2.85,2.17,1.05,1.05
global_rgdp,30,60/40,0.0375,4.96,3.81,1.089,1.125
global_rgdp,30,60/40,0.04,7.76,6.14,1.048,1.2
global_rgdp,30,60/40,0.0425,11.05,9.1,1.017,1.275
global_rgdp,30,60/40,0.045,14.95,12.85,0.988,1.35
global_rgdp,30,60/40,0.0475,18.41,16.41,0.969,1.425
global_rgdp,30,60/40,0.05,21.95,19.38,0.953,1.5
global_rgdp,30,80/20,0.02,0.0,57.53,0.6,0.6
global_rgdp,30,80/20,0.0225,0.05,0.01,0.675,0.675
global_rgdp,30,80/20,0.025,0.1,0.08,0.75,0.75
global_rgdp,30,80/20,0.0275,0.22,0.19,0.825,0.825
global_rgdp,30,80/20,0.03,0.45,0.34,0.9,0.9
global_rgdp,30,80/20,0.0325,0.87,0.71,0.975,0.975
global_rgdp,30,80/20,0.035,1.58,1.26,1.05,1.05
global_rgdp,30,80/20,0.0375,2.67,2.14,1.125,1.125
global_rgdp,30,80/20,0.04,4.42,3.39,1.193,1.2
global_rgdp,30,80/20,0.0425,6.8,5.6,1.138,1.275
global_rgdp,30,80/20,0.045,9.88,8.18,1.094,1.35
global_rgdp,30,80/20,0.0475,13.62,11.39,1.061,1.425
global_rgdp,30,80/20,0.05,17.25,15.14,1.037,1.5
global_rgdp,30,100/0,0.02,0.0,57.53,0.6,0.6
global_rgdp,30,100/0,0.0225,0.02,0.02,0.675,0.675
global_rgdp,30,100/0,0.025,0.16,0.1,0.75,0.75
global_rgdp,30,100/0,0.0275,0.26,0.22,0.825,0.825
global_rgdp,30,100/0,0.03,0.53,0.44,0.9,0.9
global_rgdp,30,100/0,0.0325,0.83,0.74,0.975,0.975
global_rgdp,30,100/0,0.035,1.53,1.19,1.05,1.05
global_rgdp,30,100/0,0.0375,2.26,1.89,1.125,1.125
global_rgdp,30,100/0,0.04,3.36,2.83,1.2,1.2
global_rgdp,30,100/0,0.0425,5.19,4.08,1.222,1.275
global_rgdp,30,100/0,0.045,7.68,6.34,1.165,1.35
global_rgdp,30,100/0,0.0475,10.83,9.21,1.12,1.425
global_rgdp,30,100/0,0.05,14.21,12.4,1.081,1.5
global_rgdp,50,60/40,0.02,0.52,66.75,1.0,1.0
global_rgdp,50,60/40,0.0225,1.13,1.02,1.125,1.125
global_rgdp,50,60/40,0.025,2.2,2.0,1.25,1.25
global_rgdp,50,60/40,0.0275,3.89,3.75,1.375,1.375
global_rgdp,50,60/40,0.03,6.38,5.97,1.338,1.5
global_rgdp,50,60/40,0.0325,9.92,9.38,1.217,1.625
global_rgdp,50,60/40,0.035,13.86,13.22,1.148,1.75
global_rgdp,50,60/40,0.0375,18.35,17.77,1.092,1.875
global_rgdp,50,60/40,0.04,23.03,22.27,1.052,2.0
global_rgdp,50,60/40,0.0425,28.41,27.6,1.021,2.125
global_rgdp,50,60/40,0.045,33.82,32.84,0.994,2.25
global_rgdp,50,60/40,0.0475,39.11,38.09,0.977,2.375
global_rgdp,50,60/40,0.05,44.88,43.61,0.956,2.5
global_rgdp,50,80/20,0.02,0.23,66.64,1.0,1.0
global_rgdp,50,80/20,0.0225,0.51,0.47,1.125,1.125
global_rgdp,50,80/20,0.025,1.04,1.0,1.25,1.25
global_rgdp,50,80/20,0.0275,2.0,1.81,1.375,1.375
global_rgdp,50,80/20,0.03,3.51,3.3,1.5,1.5
global_rgdp,50,80/20,0.0325,5.26,4.98,1.566,1.625
global_rgdp,50,80/20,0.035,7.9,7.39,1.368,1.75
global_rgdp,50,80/20,0.0375,11.22,10.72,1.273,1.875
global_rgdp,50,80/20,0.04,15.19,14.74,1.198,2.0
global_rgdp,50,80/20,0.0425,19.68,19.07,1.139,2.125
global_rgdp,50,80/20,0.045,24.03,23.45,1.096,2.25
global_rgdp,50,80/20,0.0475,28.68,28.07,1.065,2.375
global_rgdp,50,80/20,0.05,33.4,32.66,1.038,2.5
global_rgdp,50,100/0,0.02,0.21,66.64,1.0,1.0
global_rgdp,50,100/0,0.0225,0.4,0.39,1.125,1.125
global_rgdp,50,100/0,0.025,0.83,0.78,1.25,1.25
global_rgdp,50,100/0,0.0275,1.48,1.43,1.375,1.375
global_rgdp,50,100/0,0.03,2.29,2.18,1.5,1.5
global_rgdp,50,100/0,0.0325,3.91,3.76,1.625,1.625
global_rgdp,50,100/0,0.035,5.69,5.42,1.577,1.75
global_rgdp,50,100/0,0.0375,7.71,7.45,1.394,1.875
global_rgdp,50,100/0,0.04,10.73,10.36,1.293,2.0
global_rgdp,50,100/0,0.0425,14.51,13.98,1.212,2.125
global_rgdp,50,100/0,0.045,18.7,18.2,1.157,2.25
global_rgdp,50,100/0,0.0475,22.86,22.31,1.121,2.375
global_rgdp,50,100/0,0.05,27.02,26.49,1.084,2.5
us_annual,30,60/40,0.02,0.01,57.58,0.6,0.6
us_annual,30,60/40,0.0225,0.03,0.02,0.675,0.675
us_annual,30,60/40,0.025,0.09,0.06,0.75,0.75
us_annual,30,60/40,0.0275,0.23,0.14,0.825,0.825
us_annual,30,60/40,0.03,0.56,0.41,0.9,0.9
us_annual,30,60/40,0.0325,1.03,0.84,0.975,0.975
us_annual,30,60/40,0.035,1.68,1.23,1.05,1.05
us_annual,30,60/40,0.0375,3.15,2.37,1.125,1.125
us_annual,30,60/40,0.04,5.4,4.24,1.139,1.2
us_annual,30,60/40,0.0425,8.12,6.6,1.09,1.275
us_annual,30,60/40,0.045,11.21,9.63,1.053,1.35
us_annual,30,60/40,0.0475,14.74,12.97,1.028,1.425
us_annual,30,60/40,0.05,18.18,16.31,1.006,1.5
us_annual,30,80/20,0.02,0.03,57.58,0.6,0.6
us_annual,30,80/20,0.0225,0.06,0.05,0.675,0.675
us_annual,30,80/20,0.025,0.12,0.1,0.75,0.75
us_annual,30,80/20,0.0275,0.32,0.25,0.825,0.825
us_annual,30,80/20,0.03,0.65,0.49,0.9,0.9
us_annual,30,80/20,0.0325,1.24,1.02,0.975,0.975
us_annual,30,80/20,0.035,1.86,1.6,1.05,1.05
us_annual,30,80/20,0.0375,3.03,2.33,1.125,1.125
us_annual,30,80/20,0.04,4.88,4.04,1.169,1.2
us_annual,30,80/20,0.0425,7.08,5.98,1.111,1.275
us_annual,30,80/20,0.045,9.93,8.52,1.064,1.35
us_annual,30,80/20,0.0475,12.99,11.47,1.028,1.425
us_annual,30,80/20,0.05,16.83,14.79,1.002,1.5
us_annual,30,100/0,0.02,0.08,57.62,0.6,0.6
us_annual,30,100/0,0.0225,0.19,0.18,0.675,0.675
us_annual,30,100/0,0.025,0.37,0.34,0.75,0.75
us_annual,30,100/0,0.0275,0.67,0.58,0.825,0.825
us_annual,30,100/0,0.03,1.18,0.93,0.9,0.9
us_annual,30,100/0,0.0325,1.88,1.52,0.975,0.975
us_annual,30,100/0,0.035,2.66,2.4,1.05,1.05
us_annual,30,100/0,0.0375,3.94,3.24,1.125,1.125
us_annual,30,100/0,0.04,6.11,5.03,1.096,1.2
us_annual,30,100/0,0.0425,8.14,7.25,1.041,1.275
us_annual,30,100/0,0.045,10.73,9.56,0.992,1.35
us_annual,30,100/0,0.0475,13.53,12.19,0.962,1.425
us_annual,30,100/0,0.05,16.68,15.19,0.936,1.5
us_annual,50,60/40,0.02,0.25,65.43,1.0,1.0
us_annual,50,60/40,0.0225,0.58,0.58,1.125,1.125
us_annual,50,60/40,0.025,1.16,1.09,1.25,1.25
us_annual,50,60/40,0.0275,2.15,1.98,1.375,1.375
us_annual,50,60/40,0.03,3.86,3.55,1.5,1.5
us_annual,50,60/40,0.0325,6.37,5.89,1.443,1.625
us_annual,50,60/40,0.035,9.41,9.0,1.285,1.75
us_annual,50,60/40,0.0375,13.02,12.57,1.21,1.875
us_annual,50,60/40,0.04,17.23,16.7,1.141,2.0
us_annual,50,60/40,0.0425,21.39,20.82,1.095,2.125
us_annual,50,60/40,0.045,26.18,25.47,1.055,2.25
us_annual,50,60/40,0.0475,31.38,30.73,1.029,2.375
us_annual,50,60/40,0.05,36.87,35.9,1.0,2.5
us_annual,50,80/20,0.02,0.28,65.42,1.0,1.0
us_annual,50,80/20,0.0225,0.62,0.55,1.125,1.125
us_annual,50,80/20,0.025,1.07,1.02,1.25,1.25
us_annual,50,80/20,0.0275,1.9,1.84,1.375,1.375
us_annual,50,80/20,0.03,3.04,2.89,1.5,1.5
us_annual,50,80/20,0.0325,4.98,4.75,1.606,1.625
us_annual,50,80/20,0.035,7.47,7.14,1.379,1.75
us_annual,50,80/20,0.0375,10.22,9.85,1.237,1.875
us_annual,50,80/20,0.04,13.34,12.85,1.156,2.0
us_annual,50,80/20,0.0425,17.03,16.58,1.103,2.125
us_annual,50,80/20,0.045,21.43,20.9,1.067,2.25
us_annual,50,80/20,0.0475,25.35,24.82,1.03,2.375
us_annual,50,80/20,0.05,29.47,28.89,1.002,2.5
us_annual,50,100/0,0.02,0.44,65.49,1.0,1.0
us_annual,50,100/0,0.0225,0.89,0.86,1.125,1.125
us_annual,50,100/0,0.025,1.63,1.6,1.25,1.25
us_annual,50,100/0,0.0275,2.47,2.34,1.375,1.375
us_annual,50,100/0,0.03,3.59,3.47,1.5,1.5
us_annual,50,100/0,0.0325,5.24,5.14,1.524,1.625
us_annual,50,100/0,0.035,7.27,7.09,1.304,1.75
us_annual,50,100/0,0.0375,10.05,9.72,1.189,1.875
us_annual,50,100/0,0.04,12.9,12.57,1.101,2.0
us_annual,50,100/0,0.0425,16.2,15.79,1.04,2.125
us_annual,50,100/0,0.045,19.87,19.41,0.993,2.25
us_annual,50,100/0,0.0475,23.71,23.12,0.961,2.375
us_annual,50,100/0,0.05,27.3,26.93,0.941,2.5
pooled_exUSA_mb10,30,60/40,0.02,6.42,59.91,0.512,0.6
pooled_exUSA_mb10,30,60/40,0.0225,7.67,7.16,0.525,0.675
pooled_exUSA_mb10,30,60/40,0.025,9.23,8.47,0.538,0.75
pooled_exUSA_mb10,30,60/40,0.0275,10.76,9.83,0.547,0.825
pooled_exUSA_mb10,30,60/40,0.03,12.58,11.51,0.557,0.9
pooled_exUSA_mb10,30,60/40,0.0325,14.78,13.49,0.566,0.975
pooled_exUSA_mb10,30,60/40,0.035,17.22,15.63,0.578,1.05
pooled_exUSA_mb10,30,60/40,0.0375,19.89,17.91,0.588,1.125
pooled_exUSA_mb10,30,60/40,0.04,23.03,20.8,0.598,1.2
pooled_exUSA_mb10,30,60/40,0.0425,26.59,24.02,0.607,1.275
pooled_exUSA_mb10,30,60/40,0.045,30.73,27.69,0.617,1.35
pooled_exUSA_mb10,30,60/40,0.0475,34.68,31.59,0.624,1.425
pooled_exUSA_mb10,30,60/40,0.05,38.91,35.86,0.636,1.5
pooled_exUSA_mb10,30,80/20,0.02,6.13,59.78,0.52,0.6
pooled_exUSA_mb10,30,80/20,0.0225,7.6,7.0,0.528,0.675
pooled_exUSA_mb10,30,80/20,0.025,9.18,8.43,0.539,0.75
pooled_exUSA_mb10,30,80/20,0.0275,10.49,9.97,0.543,0.825
pooled_exUSA_mb10,30,80/20,0.03,12.62,11.58,0.557,0.9
pooled_exUSA_mb10,30,80/20,0.0325,14.87,13.55,0.564,0.975
pooled_exUSA_mb10,30,80/20,0.035,17.23,15.85,0.573,1.05
pooled_exUSA_mb10,30,80/20,0.0375,19.78,18.04,0.585,1.125
pooled_exUSA_mb10,30,80/20,0.04,22.81,20.75,0.592,1.2
pooled_exUSA_mb10,30,80/20,0.0425,26.03,23.96,0.603,1.275
pooled_exUSA_mb10,30,80/20,0.045,29.49,26.99,0.614,1.35
pooled_exUSA_mb10,30,80/20,0.0475,33.29,30.54,0.62,1.425
pooled_exUSA_mb10,30,80/20,0.05,37.5,34.38,0.623,1.5
pooled_exUSA_mb10,30,100/0,0.02,6.84,60.05,0.501,0.6
pooled_exUSA_mb10,30,100/0,0.0225,8.37,7.77,0.504,0.675
pooled_exUSA_mb10,30,100/0,0.025,10.06,9.31,0.511,0.75
pooled_exUSA_mb10,30,100/0,0.0275,11.84,11.0,0.519,0.825
pooled_exUSA_mb10,30,100/0,0.03,13.95,12.82,0.526,0.9
pooled_exUSA_mb10,30,100/0,0.0325,16.19,14.94,0.537,0.975
pooled_exUSA_mb10,30,100/0,0.035,18.75,17.38,0.546,1.05
pooled_exUSA_mb10,30,100/0,0.0375,21.41,19.76,0.554,1.125
pooled_exUSA_mb10,30,100/0,0.04,24.02,22.44,0.565,1.2
pooled_exUSA_mb10,30,100/0,0.0425,27.32,25.16,0.572,1.275
pooled_exUSA_mb10,30,100/0,0.045,30.64,28.36,0.577,1.35
pooled_exUSA_mb10,30,100/0,0.0475,34.23,31.6,0.584,1.425
pooled_exUSA_mb10,30,100/0,0.05,37.78,35.3,0.589,1.5
pooled_exUSA_mb10,50,60/40,0.02,14.45,71.21,0.505,1.0
pooled_exUSA_mb10,50,60/40,0.0225,17.0,16.52,0.519,1.125
pooled_exUSA_mb10,50,60/40,0.025,20.12,19.56,0.53,1.25
pooled_exUSA_mb10,50,60/40,0.0275,23.21,22.51,0.544,1.375
pooled_exUSA_mb10,50,60/40,0.03,26.6,25.91,0.554,1.5
pooled_exUSA_mb10,50,60/40,0.0325,30.53,29.76,0.568,1.625
pooled_exUSA_mb10,50,60/40,0.035,34.88,33.95,0.582,1.75
pooled_exUSA_mb10,50,60/40,0.0375,39.08,38.23,0.589,1.875
pooled_exUSA_mb10,50,60/40,0.04,43.28,42.42,0.595,2.0
pooled_exUSA_mb10,50,60/40,0.0425,47.79,46.78,0.597,2.125
pooled_exUSA_mb10,50,60/40,0.045,52.52,51.55,0.609,2.047
pooled_exUSA_mb10,50,60/40,0.0475,57.19,56.26,0.61,1.909
pooled_exUSA_mb10,50,60/40,0.05,61.47,60.6,0.621,1.809
pooled_exUSA_mb10,50,80/20,0.02,13.69,71.02,0.505,1.0
pooled_exUSA_mb10,50,80/20,0.0225,16.16,15.77,0.514,1.125
pooled_exUSA_mb10,50,80/20,0.025,19.09,18.6,0.527,1.25
pooled_exUSA_mb10,50,80/20,0.0275,21.89,21.35,0.535,1.375
pooled_exUSA_mb10,50,80/20,0.03,25.45,24.69,0.55,1.5
pooled_exUSA_mb10,50,80/20,0.0325,29.35,28.55,0.563,1.625
pooled_exUSA_mb10,50,80/20,0.035,32.97,32.23,0.57,1.75
pooled_exUSA_mb10,50,80/20,0.0375,36.69,36.05,0.579,1.875
pooled_exUSA_mb10,50,80/20,0.04,40.56,39.76,0.589,2.0
pooled_exUSA_mb10,50,80/20,0.0425,44.61,43.7,0.596,2.125
pooled_exUSA_mb10,50,80/20,0.045,48.83,47.93,0.606,2.25
pooled_exUSA_mb10,50,80/20,0.0475,53.13,51.98,0.611,2.103
pooled_exUSA_mb10,50,80/20,0.05,56.89,55.88,0.62,1.962
pooled_exUSA_mb10,50,100/0,0.02,14.52,71.15,0.476,1.0
pooled_exUSA_mb10,50,100/0,0.0225,17.11,16.89,0.488,1.125
pooled_exUSA_mb10,50,100/0,0.025,20.04,19.66,0.496,1.25
pooled_exUSA_mb10,50,100/0,0.0275,22.97,22.48,0.51,1.375
pooled_exUSA_mb10,50,100/0,0.03,26.42,25.86,0.522,1.5
pooled_exUSA_mb10,50,100/0,0.0325,29.76,29.22,0.53,1.625
pooled_exUSA_mb10,50,100/0,0.035,32.85,32.19,0.54,1.75
pooled_exUSA_mb10,50,100/0,0.0375,36.82,36.09,0.547,1.875
pooled_exUSA_mb10,50,100/0,0.04,40.58,39.84,0.556,2.0
pooled_exUSA_mb10,50,100/0,0.0425,44.18,43.4,0.564,2.125
pooled_exUSA_mb10,50,100/0,0.045,47.84,46.83,0.571,2.25
pooled_exUSA_mb10,50,100/0,0.0475,51.6,50.6,0.579,2.21
pooled_exUSA_mb10,50,100/0,0.05,55.38,54.52,0.584,2.041
pooled16_exHyper_mb10,30,60/40,0.02,1.73,58.73,0.6,0.6
pooled16_exHyper_mb10,30,60/40,0.0225,2.42,2.15,0.675,0.675
pooled16_exHyper_mb10,30,60/40,0.025,3.38,3.01,0.75,0.75
pooled16_exHyper_mb10,30,60/40,0.0275,4.5,4.07,0.825,0.825
pooled16_exHyper_mb10,30,60/40,0.03,5.95,5.18,0.818,0.9
pooled16_exHyper_mb10,30,60/40,0.0325,7.76,6.76,0.811,0.975
pooled16_exHyper_mb10,30,60/40,0.035,9.67,8.64,0.8,1.05
pooled16_exHyper_mb10,30,60/40,0.0375,12.32,10.64,0.793,1.125
pooled16_exHyper_mb10,30,60/40,0.04,15.36,13.37,0.789,1.2
pooled16_exHyper_mb10,30,60/40,0.0425,18.76,16.45,0.784,1.275
pooled16_exHyper_mb10,30,60/40,0.045,22.43,19.87,0.788,1.35
pooled16_exHyper_mb10,30,60/40,0.0475,26.71,23.58,0.785,1.425
pooled16_exHyper_mb10,30,60/40,0.05,31.32,28.3,0.785,1.5
pooled16_exHyper_mb10,30,80/20,0.02,2.22,58.92,0.6,0.6
pooled16_exHyper_mb10,30,80/20,0.0225,2.9,2.68,0.675,0.675
pooled16_exHyper_mb10,30,80/20,0.025,3.89,3.45,0.75,0.75
pooled16_exHyper_mb10,30,80/20,0.0275,4.98,4.51,0.798,0.825
pooled16_exHyper_mb10,30,80/20,0.03,6.67,5.93,0.784,0.9
pooled16_exHyper_mb10,30,80/20,0.0325,8.35,7.51,0.771,0.975
pooled16_exHyper_mb10,30,80/20,0.035,10.37,9.25,0.764,1.05
pooled16_exHyper_mb10,30,80/20,0.0375,12.86,11.36,0.757,1.125
pooled16_exHyper_mb10,30,80/20,0.04,15.5,13.92,0.756,1.2
pooled16_exHyper_mb10,30,80/20,0.0425,18.59,16.6,0.755,1.275
pooled16_exHyper_mb10,30,80/20,0.045,21.87,19.8,0.757,1.35
pooled16_exHyper_mb10,30,80/20,0.0475,25.68,23.02,0.754,1.425
pooled16_exHyper_mb10,30,80/20,0.05,29.52,26.8,0.755,1.5
pooled16_exHyper_mb10,30,100/0,0.02,3.01,59.3,0.6,0.6
pooled16_exHyper_mb10,30,100/0,0.0225,3.97,3.71,0.675,0.675
pooled16_exHyper_mb10,30,100/0,0.025,5.11,4.66,0.719,0.75
pooled16_exHyper_mb10,30,100/0,0.0275,6.58,6.01,0.711,0.825
pooled16_exHyper_mb10,30,100/0,0.03,8.23,7.56,0.697,0.9
pooled16_exHyper_mb10,30,100/0,0.0325,9.99,9.07,0.694,0.975
pooled16_exHyper_mb10,30,100/0,0.035,12.19,11.05,0.689,1.05
pooled16_exHyper_mb10,30,100/0,0.0375,15.0,13.46,0.689,1.125
pooled16_exHyper_mb10,30,100/0,0.04,17.71,16.03,0.693,1.2
pooled16_exHyper_mb10,30,100/0,0.0425,20.32,18.68,0.694,1.275
pooled16_exHyper_mb10,30,100/0,0.045,23.32,21.36,0.695,1.35
pooled16_exHyper_mb10,30,100/0,0.0475,26.61,24.43,0.696,1.425
pooled16_exHyper_mb10,30,100/0,0.05,30.11,27.73,0.7,1.5
pooled16_exHyper_mb10,50,60/40,0.02,5.35,67.94,0.945,1.0
pooled16_exHyper_mb10,50,60/40,0.0225,7.34,7.09,0.888,1.125
pooled16_exHyper_mb10,50,60/40,0.025,9.77,9.34,0.858,1.25
pooled16_exHyper_mb10,50,60/40,0.0275,12.9,12.33,0.837,1.375
pooled16_exHyper_mb10,50,60/40,0.03,16.48,15.93,0.819,1.5
pooled16_exHyper_mb10,50,60/40,0.0325,20.35,19.59,0.805,1.625
pooled16_exHyper_mb10,50,60/40,0.035,24.66,24.02,0.797,1.75
pooled16_exHyper_mb10,50,60/40,0.0375,29.19,28.26,0.793,1.875
pooled16_exHyper_mb10,50,60/40,0.04,34.53,33.54,0.789,2.0
pooled16_exHyper_mb10,50,60/40,0.0425,40.35,39.22,0.786,2.125
pooled16_exHyper_mb10,50,60/40,0.045,45.44,44.33,0.788,2.25
pooled16_exHyper_mb10,50,60/40,0.0475,50.63,49.69,0.787,2.277
pooled16_exHyper_mb10,50,60/40,0.05,55.39,54.39,0.787,2.082
pooled16_exHyper_mb10,50,80/20,0.02,5.82,68.08,0.874,1.0
pooled16_exHyper_mb10,50,80/20,0.0225,7.62,7.33,0.832,1.125
pooled16_exHyper_mb10,50,80/20,0.025,10.14,9.82,0.81,1.25
pooled16_exHyper_mb10,50,80/20,0.0275,12.97,12.59,0.789,1.375
pooled16_exHyper_mb10,50,80/20,0.03,16.14,15.53,0.778,1.5
pooled16_exHyper_mb10,50,80/20,0.0325,19.5,18.96,0.765,1.625
pooled16_exHyper_mb10,50,80/20,0.035,23.34,22.74,0.753,1.75
pooled16_exHyper_mb10,50,80/20,0.0375,27.32,26.73,0.754,1.875
pooled16_exHyper_mb10,50,80/20,0.04,31.56,30.67,0.751,2.0
pooled16_exHyper_mb10,50,80/20,0.0425,35.92,35.21,0.749,2.125
pooled16_exHyper_mb10,50,80/20,0.045,41.0,40.12,0.747,2.25
pooled16_exHyper_mb10,50,80/20,0.0475,46.13,45.29,0.749,2.375
pooled16_exHyper_mb10,50,80/20,0.05,50.82,49.77,0.752,2.387
pooled16_exHyper_mb10,50,100/0,0.02,7.43,68.42,0.745,1.0
pooled16_exHyper_mb10,50,100/0,0.0225,9.48,9.26,0.716,1.125
pooled16_exHyper_mb10,50,100/0,0.025,11.9,11.55,0.701,1.25
pooled16_exHyper_mb10,50,100/0,0.0275,14.91,14.43,0.693,1.375
pooled16_exHyper_mb10,50,100/0,0.03,18.09,17.54,0.685,1.5
pooled16_exHyper_mb10,50,100/0,0.0325,20.98,20.55,0.684,1.625
pooled16_exHyper_mb10,50,100/0,0.035,24.4,23.89,0.684,1.75
pooled16_exHyper_mb10,50,100/0,0.0375,27.83,27.17,0.679,1.875
pooled16_exHyper_mb10,50,100/0,0.04,31.72,30.97,0.677,2.0
pooled16_exHyper_mb10,50,100/0,0.0425,35.84,35.11,0.679,2.125
pooled16_exHyper_mb10,50,100/0,0.045,40.06,39.35,0.678,2.25
pooled16_exHyper_mb10,50,100/0,0.0475,44.33,43.54,0.681,2.375
pooled16_exHyper_mb10,50,100/0,0.05,48.56,47.79,0.684,2.5
