engine,pension_mult,alloc,rule,lr_mode,feasible_pct,invest0,ladder_cost,ann_prem,ruin_alive_pct,breach1_pct,breach3_pct,life_p5,life_med,avg_p5,avg_med,ce_g4,spend_vol,spend_dd_max,spend_dd_yrs,bequest_med,capit_pct
US1934,1.0,80/20,VPW,lump_sum_invested,100.0,1.0,0.0,0.0,0.0,0.0,0.0,0.386,2.401,0.0848,0.11,0.104,0.078,0.229,1.0,3.793,0.0
US1934,1.0,80/20,VPW,monthly_term,100.0,0.8,0.0,0.0,0.0,0.0,0.0,0.393,2.311,0.0842,0.1057,0.1012,0.066,0.218,1.0,3.035,0.0
US1934,1.0,80/20,VPW,monthly_lifetime(舊模型),100.0,1.0,0.0,0.0,0.0,0.0,0.0,0.427,2.646,0.0951,0.1203,0.1153,0.071,0.211,1.0,3.793,0.0
US1934,1.0,80/20,GK,lump_sum_invested,100.0,1.0,0.0,0.0,0.0,0.0,0.0,0.239,1.367,0.0585,0.0625,0.0621,0.023,0.047,0.0,12.551,0.0
US1934,1.0,80/20,GK,monthly_term,100.0,0.8,0.0,0.0,0.0,0.0,0.0,0.241,1.275,0.0552,0.058,0.0568,0.019,0.163,0.0,11.552,0.0
US1934,1.0,80/20,GK,monthly_lifetime(舊模型),100.0,1.0,0.0,0.0,0.0,0.0,0.0,0.24,1.317,0.0596,0.0599,0.0599,0.017,0.041,0.0,14.588,0.0
US1934,1.0,80/20,FIX,lump_sum_invested,100.0,1.0,0.0,0.0,0.0,0.0,0.0,0.239,1.319,0.0597,0.06,0.06,0.018,0.037,0.0,12.828,0.0
US1934,1.0,80/20,FIX,monthly_term,100.0,0.8,0.0,0.0,0.0,0.0,0.0,0.241,1.32,0.0598,0.06,0.06,0.017,0.04,0.0,11.277,0.0
US1934,1.0,80/20,FIX,monthly_lifetime(舊模型),100.0,1.0,0.0,0.0,0.0,0.0,0.0,0.24,1.323,0.0598,0.0601,0.0601,0.02,0.043,0.0,14.562,0.0
US1934,1.0,60/40,VPW,lump_sum_invested,100.0,1.0,0.0,0.0,0.0,0.0,0.0,0.384,2.285,0.0843,0.1038,0.1004,0.061,0.195,0.0,2.427,0.0
US1934,1.0,60/40,VPW,monthly_term,100.0,0.8,0.0,0.0,0.0,0.0,0.0,0.389,2.216,0.0836,0.1011,0.0975,0.052,0.195,0.0,1.942,0.0
US1934,1.0,60/40,VPW,monthly_lifetime(舊模型),100.0,1.0,0.0,0.0,0.0,0.0,0.0,0.426,2.528,0.0947,0.1141,0.1114,0.056,0.179,0.0,2.427,0.0
US1934,0.7,80/20,VPW,lump_sum_invested,100.0,1.0,0.0,0.0,0.0,0.0,0.0,0.327,2.06,0.07,0.0953,0.0875,0.09,0.26,2.0,3.793,0.0
US1934,0.7,80/20,VPW,monthly_term,100.0,0.8,0.0,0.0,0.0,0.0,0.0,0.334,1.966,0.0695,0.091,0.0849,0.077,0.249,2.0,3.035,0.0
US1934,0.7,80/20,VPW,monthly_lifetime(舊模型),100.0,1.0,0.0,0.0,0.0,0.0,0.0,0.327,2.06,0.07,0.0953,0.0876,0.09,0.26,2.0,3.793,0.0
US1934,0.7,80/20,GK,lump_sum_invested,100.0,1.0,0.0,0.0,0.0,0.0,0.0,0.239,1.402,0.0551,0.065,0.0632,0.024,0.04,0.0,9.616,0.0
US1934,0.7,80/20,GK,monthly_term,100.0,0.8,0.0,0.0,0.0,0.0,0.0,0.238,1.34,0.0539,0.0616,0.0607,0.021,0.05,0.0,8.57,0.0
US1934,0.7,80/20,GK,monthly_lifetime(舊模型),100.0,1.0,0.0,0.0,0.0,0.0,0.0,0.239,1.402,0.0552,0.065,0.0632,0.024,0.04,0.0,9.618,0.0
US1934,0.7,80/20,FIX,lump_sum_invested,100.0,1.0,0.0,0.0,0.17,0.15,0.06,0.239,1.32,0.0598,0.06,0.06,0.012,0.026,0.0,10.138,0.0
US1934,0.7,80/20,FIX,monthly_term,100.0,0.8,0.0,0.0,0.17,0.16,0.06,0.239,1.317,0.0596,0.0599,0.0598,0.013,0.027,0.0,8.679,0.0
US1934,0.7,80/20,FIX,monthly_lifetime(舊模型),100.0,1.0,0.0,0.0,0.17,0.15,0.06,0.239,1.32,0.0598,0.06,0.06,0.012,0.026,0.0,10.139,0.0
US1934,0.7,60/40,VPW,lump_sum_invested,100.0,1.0,0.0,0.0,0.0,0.0,0.0,0.325,1.947,0.0696,0.0891,0.0844,0.072,0.224,1.0,2.427,0.0
US1934,0.7,60/40,VPW,monthly_term,100.0,0.8,0.0,0.0,0.0,0.0,0.0,0.331,1.877,0.0689,0.0864,0.0816,0.061,0.224,1.0,1.942,0.0
US1934,0.7,60/40,VPW,monthly_lifetime(舊模型),100.0,1.0,0.0,0.0,0.0,0.0,0.0,0.325,1.947,0.0696,0.0891,0.0844,0.072,0.224,1.0,2.427,0.0
US1934,0.0,80/20,VPW,lump_sum_invested,100.0,1.0,0.0,0.0,4.85,4.51,3.38,0.192,1.277,0.0423,0.0609,0.0022,0.13,0.303,3.0,3.643,0.0
US1934,0.0,80/20,VPW,monthly_term,100.0,0.8,0.0,0.0,6.73,6.22,4.69,0.195,1.194,0.0414,0.0569,0.0021,0.114,0.286,3.0,2.9,0.0
US1934,0.0,80/20,VPW,monthly_lifetime(舊模型),100.0,1.0,0.0,0.0,1.59,1.49,1.02,0.23,1.505,0.047,0.0712,0.053,0.119,0.305,4.0,3.77,0.0
US1934,0.0,80/20,GK,lump_sum_invested,100.0,1.0,0.0,0.0,6.52,6.26,4.88,0.24,1.196,0.0432,0.06,0.002,0.044,0.19,0.0,4.302,0.0
US1934,0.0,80/20,GK,monthly_term,100.0,0.8,0.0,0.0,9.59,9.14,7.02,0.239,1.149,0.0392,0.0577,0.0018,0.039,0.238,2.0,3.167,0.0
US1934,0.0,80/20,GK,monthly_lifetime(舊模型),100.0,1.0,0.0,0.0,1.76,1.65,1.2,0.24,1.293,0.046,0.0622,0.0494,0.037,0.092,0.0,5.716,0.0
US1934,0.0,80/20,FIX,lump_sum_invested,100.0,1.0,0.0,0.0,18.32,17.43,14.46,0.24,1.2,0.0378,0.06,0.0013,0.0,0.0,0.0,4.231,0.0
US1934,0.0,80/20,FIX,monthly_term,100.0,0.8,0.0,0.0,23.76,22.86,19.44,0.239,1.137,0.0351,0.0599,0.0012,0.002,0.007,0.0,2.832,0.0
US1934,0.0,80/20,FIX,monthly_lifetime(舊模型),100.0,1.0,0.0,0.0,8.56,8.19,6.59,0.24,1.26,0.0516,0.06,0.0334,0.004,0.008,0.0,5.937,0.0
US1934,0.0,60/40,VPW,lump_sum_invested,100.0,1.0,0.0,0.0,5.12,4.79,3.54,0.188,1.178,0.0422,0.0549,0.0023,0.103,0.252,2.0,2.337,0.0
US1934,0.0,60/40,VPW,monthly_term,100.0,0.8,0.0,0.0,8.02,7.46,5.38,0.193,1.115,0.04,0.0523,0.002,0.089,0.244,2.0,1.851,0.0
US1934,0.0,60/40,VPW,monthly_lifetime(舊模型),100.0,1.0,0.0,0.0,1.47,1.34,0.9,0.228,1.396,0.0469,0.0651,0.0529,0.096,0.269,3.0,2.411,0.0
TW1983,1.0,80/20,VPW,lump_sum_invested,100.0,1.0,0.0,0.0,0.0,0.0,0.0,0.392,2.746,0.0929,0.1233,0.1159,0.079,0.181,0.0,9.054,0.0
TW1983,1.0,80/20,VPW,monthly_term,100.0,0.8,0.0,0.0,0.0,0.0,0.0,0.398,2.618,0.0942,0.1174,0.1135,0.068,0.163,0.0,7.244,0.0
TW1983,1.0,80/20,VPW,monthly_lifetime(舊模型),100.0,1.0,0.0,0.0,0.0,0.0,0.0,0.433,2.989,0.1034,0.1337,0.1274,0.073,0.168,0.0,9.054,0.0
TW1983,1.0,80/20,GK,lump_sum_invested,100.0,1.0,0.0,0.0,0.0,0.0,0.0,0.239,1.393,0.0597,0.0632,0.0629,0.022,0.046,0.0,29.171,0.0
TW1983,1.0,80/20,GK,monthly_term,100.0,0.8,0.0,0.0,0.0,0.0,0.0,0.243,1.312,0.057,0.0599,0.0587,0.018,0.107,0.0,26.395,0.0
TW1983,1.0,80/20,GK,monthly_lifetime(舊模型),100.0,1.0,0.0,0.0,0.0,0.0,0.0,0.241,1.328,0.0599,0.0604,0.0604,0.017,0.042,0.0,33.217,0.0
TW1983,1.0,80/20,FIX,lump_sum_invested,100.0,1.0,0.0,0.0,0.0,0.0,0.0,0.239,1.319,0.0597,0.06,0.06,0.016,0.039,0.0,29.801,0.0
TW1983,1.0,80/20,FIX,monthly_term,100.0,0.8,0.0,0.0,0.0,0.0,0.0,0.243,1.327,0.06,0.0603,0.0603,0.015,0.045,0.0,26.237,0.0
TW1983,1.0,80/20,FIX,monthly_lifetime(舊模型),100.0,1.0,0.0,0.0,0.0,0.0,0.0,0.241,1.328,0.06,0.0604,0.0604,0.017,0.043,0.0,33.213,0.0
TW1983,1.0,60/40,VPW,lump_sum_invested,100.0,1.0,0.0,0.0,0.0,0.0,0.0,0.389,2.64,0.0945,0.117,0.1137,0.068,0.14,0.0,6.431,0.0
TW1983,1.0,60/40,VPW,monthly_term,100.0,0.8,0.0,0.0,0.0,0.0,0.0,0.396,2.533,0.0952,0.1121,0.111,0.059,0.129,0.0,5.145,0.0
TW1983,1.0,60/40,VPW,monthly_lifetime(舊模型),100.0,1.0,0.0,0.0,0.0,0.0,0.0,0.43,2.878,0.1049,0.1274,0.1249,0.062,0.13,0.0,6.431,0.0
TW1983,0.7,80/20,VPW,lump_sum_invested,100.0,1.0,0.0,0.0,0.0,0.0,0.0,0.332,2.398,0.0781,0.1084,0.0992,0.09,0.204,1.0,9.054,0.0
TW1983,0.7,80/20,VPW,monthly_term,100.0,0.8,0.0,0.0,0.0,0.0,0.0,0.339,2.275,0.0793,0.1025,0.0972,0.078,0.184,0.0,7.244,0.0
TW1983,0.7,80/20,VPW,monthly_lifetime(舊模型),100.0,1.0,0.0,0.0,0.0,0.0,0.0,0.332,2.398,0.0781,0.1084,0.0992,0.09,0.204,1.0,9.054,0.0
TW1983,0.7,80/20,GK,lump_sum_invested,100.0,1.0,0.0,0.0,0.0,0.0,0.0,0.24,1.463,0.0588,0.067,0.0658,0.023,0.033,0.0,23.435,0.0
TW1983,0.7,80/20,GK,monthly_term,100.0,0.8,0.0,0.0,0.0,0.0,0.0,0.239,1.408,0.0588,0.0644,0.0639,0.021,0.033,0.0,20.605,0.0
TW1983,0.7,80/20,GK,monthly_lifetime(舊模型),100.0,1.0,0.0,0.0,0.0,0.0,0.0,0.24,1.463,0.0588,0.067,0.0658,0.023,0.033,0.0,23.439,0.0
TW1983,0.7,80/20,FIX,lump_sum_invested,100.0,1.0,0.0,0.0,0.0,0.0,0.0,0.24,1.32,0.0598,0.06,0.06,0.011,0.027,0.0,24.864,0.0
TW1983,0.7,80/20,FIX,monthly_term,100.0,0.8,0.0,0.0,0.0,0.0,0.0,0.239,1.318,0.0597,0.0599,0.0599,0.012,0.029,0.0,21.494,0.0
TW1983,0.7,80/20,FIX,monthly_lifetime(舊模型),100.0,1.0,0.0,0.0,0.0,0.0,0.0,0.24,1.32,0.0598,0.06,0.06,0.011,0.027,0.0,24.866,0.0
TW1983,0.7,60/40,VPW,lump_sum_invested,100.0,1.0,0.0,0.0,0.0,0.0,0.0,0.329,2.297,0.0796,0.1021,0.0975,0.078,0.158,0.0,6.431,0.0
TW1983,0.7,60/40,VPW,monthly_term,100.0,0.8,0.0,0.0,0.0,0.0,0.0,0.337,2.19,0.0803,0.0973,0.0951,0.067,0.146,0.0,5.145,0.0
TW1983,0.7,60/40,VPW,monthly_lifetime(舊模型),100.0,1.0,0.0,0.0,0.0,0.0,0.0,0.329,2.297,0.0796,0.1021,0.0975,0.078,0.158,0.0,6.431,0.0
TW1983,0.0,80/20,VPW,lump_sum_invested,100.0,1.0,0.0,0.0,0.57,0.5,0.29,0.195,1.588,0.0446,0.0737,0.0053,0.128,0.254,2.0,8.98,0.0
TW1983,0.0,80/20,VPW,monthly_term,100.0,0.8,0.0,0.0,0.73,0.65,0.4,0.201,1.469,0.0455,0.0679,0.0051,0.113,0.244,1.0,7.206,0.0
TW1983,0.0,80/20,VPW,monthly_lifetime(舊模型),100.0,1.0,0.0,0.0,0.05,0.04,0.01,0.235,1.834,0.0538,0.0841,0.0709,0.116,0.262,2.0,9.054,0.0
TW1983,0.0,80/20,GK,lump_sum_invested,100.0,1.0,0.0,0.0,1.13,0.99,0.63,0.24,1.364,0.0467,0.0658,0.0041,0.04,0.0,0.0,11.783,0.0
TW1983,0.0,80/20,GK,monthly_term,100.0,0.8,0.0,0.0,1.59,1.49,0.98,0.24,1.322,0.047,0.0631,0.0037,0.035,0.086,0.0,8.882,0.0
TW1983,0.0,80/20,GK,monthly_lifetime(舊模型),100.0,1.0,0.0,0.0,0.04,0.04,0.01,0.24,1.442,0.0511,0.0686,0.0634,0.034,0.01,0.0,15.019,0.0
TW1983,0.0,80/20,FIX,lump_sum_invested,100.0,1.0,0.0,0.0,6.63,6.24,5.08,0.24,1.26,0.0541,0.06,0.0019,0.0,0.0,0.0,13.117,0.0
TW1983,0.0,80/20,FIX,monthly_term,100.0,0.8,0.0,0.0,9.17,8.74,7.01,0.24,1.259,0.049,0.0599,0.0018,0.002,0.005,0.0,9.745,0.0
TW1983,0.0,80/20,FIX,monthly_lifetime(舊模型),100.0,1.0,0.0,0.0,1.88,1.71,1.29,0.24,1.32,0.0599,0.06,0.0497,0.003,0.008,0.0,16.742,0.0
TW1983,0.0,60/40,VPW,lump_sum_invested,100.0,1.0,0.0,0.0,0.1,0.08,0.07,0.191,1.487,0.0454,0.0675,0.009,0.114,0.218,1.0,6.399,0.0
TW1983,0.0,60/40,VPW,monthly_term,100.0,0.8,0.0,0.0,0.26,0.23,0.12,0.199,1.387,0.0462,0.0627,0.0075,0.1,0.204,1.0,5.123,0.0
TW1983,0.0,60/40,VPW,monthly_lifetime(舊模型),100.0,1.0,0.0,0.0,0.02,0.02,0.01,0.233,1.725,0.0554,0.0779,0.0703,0.102,0.205,1.0,6.431,0.0
