engine,age,mortality,shift,strategy,e_years,ruin_alive_pct,breach_alive_pct,breach1_alive_pct,life_spend_p5,life_spend_med,ce_g4_alive,yrs_med,p90_ruin_pct
US1934,40,single,0,FIX4 60/40,42.1,15.11,13.76,14.85,0.63,1.657,0.0014,45.0,23.27
US1934,40,joint,0,FIX4 60/40,49.4,18.76,17.55,18.5,1.02,1.928,0.0013,51.0,24.08
US1934,40,single,3,FIX4 60/40,45.0,16.24,15.13,15.98,0.714,1.77,0.0013,49.0,23.1
US1934,40,joint,3,FIX4 60/40,52.3,20.02,18.81,19.79,1.041,2.039,0.0012,54.0,22.18
US1934,40,single,6,FIX4 60/40,47.8,17.72,16.42,17.42,0.785,1.861,0.0013,51.0,22.16
US1934,40,joint,6,FIX4 60/40,55.3,21.3,20.34,21.14,1.058,2.135,0.0012,57.0,23.28
US1934,40,fixed50,0,FIX4 60/40,50.0,19.54,18.38,19.34,1.092,1.968,0.0013,50.0,
US1934,40,single,0,FIX4 100/0,42.1,10.52,9.71,10.35,0.6,1.696,0.0014,45.0,14.56
US1934,40,joint,0,FIX4 100/0,49.4,12.25,11.9,12.2,0.952,1.964,0.0014,51.0,14.55
US1934,40,single,3,FIX4 100/0,45.0,11.04,10.51,10.97,0.672,1.812,0.0014,49.0,13.39
US1934,40,joint,3,FIX4 100/0,52.3,12.85,12.41,12.79,0.985,2.074,0.0013,54.0,13.08
US1934,40,single,6,FIX4 100/0,47.8,11.65,11.08,11.53,0.713,1.929,0.0014,51.0,13.27
US1934,40,joint,6,FIX4 100/0,55.3,13.19,12.83,13.11,0.996,2.197,0.0013,57.0,13.44
US1934,40,fixed50,0,FIX4 100/0,50.0,12.73,12.34,12.62,1.042,1.968,0.0014,50.0,
US1934,40,single,0,FIX3 60/40,42.1,3.57,3.15,3.54,0.473,1.326,0.0024,45.0,6.48
US1934,40,joint,0,FIX3 60/40,49.4,5.02,4.51,4.95,0.972,1.484,0.0021,51.0,6.95
US1934,40,single,3,FIX3 60/40,45.0,4.34,3.91,4.28,0.559,1.414,0.0022,49.0,6.41
US1934,40,joint,3,FIX3 60/40,52.3,5.68,5.22,5.62,1.031,1.569,0.002,54.0,6.55
US1934,40,single,6,FIX3 60/40,47.8,4.63,4.19,4.56,0.617,1.485,0.0021,51.0,6.42
US1934,40,joint,6,FIX3 60/40,55.3,6.23,5.75,6.18,1.082,1.658,0.0019,57.0,6.85
US1934,40,fixed50,0,FIX3 60/40,50.0,5.27,4.82,5.22,1.435,1.477,0.0022,50.0,
US1934,40,single,0,GK4 60/40,42.1,0.0,10.42,11.45,0.601,2.012,0.0305,45.0,0.0
US1934,40,joint,0,GK4 60/40,49.4,0.0,12.19,13.19,1.087,2.538,0.029,51.0,0.0
US1934,40,single,3,GK4 60/40,45.0,0.0,10.91,11.84,0.69,2.217,0.0297,49.0,0.0
US1934,40,joint,3,GK4 60/40,52.3,0.0,12.73,13.6,1.166,2.731,0.0283,54.0,0.0
US1934,40,single,6,GK4 60/40,47.8,0.0,11.61,12.59,0.756,2.414,0.0291,51.0,0.0
US1934,40,joint,6,GK4 60/40,55.3,0.0,13.09,14.03,1.252,2.953,0.0278,57.0,0.0
US1934,40,fixed50,0,GK4 60/40,50.0,0.0,12.47,13.37,1.229,2.606,0.0295,50.0,
US1934,40,single,0,GK5 80/20,42.1,0.0,10.64,11.52,0.711,2.507,0.0254,45.0,0.0
US1934,40,joint,0,GK5 80/20,49.4,0.0,12.46,13.32,1.197,3.257,0.0232,51.0,0.0
US1934,40,single,3,GK5 80/20,45.0,0.0,11.2,11.99,0.812,2.791,0.0234,49.0,0.0
US1934,40,joint,3,GK5 80/20,52.3,0.0,12.83,13.72,1.282,3.512,0.0219,54.0,0.0
US1934,40,single,6,GK5 80/20,47.8,0.0,12.01,12.85,0.875,3.04,0.0235,51.0,0.0
US1934,40,joint,6,GK5 80/20,55.3,0.0,13.34,14.13,1.362,3.79,0.021,57.0,0.0
US1934,40,fixed50,0,GK5 80/20,50.0,0.0,12.7,13.58,1.327,3.341,0.0244,50.0,
US1934,40,single,0,GK4-fl70 60/40,42.1,4.06,3.48,3.97,0.621,2.009,0.0023,45.0,7.97
US1934,40,joint,0,GK4-fl70 60/40,49.4,5.44,4.91,5.34,1.134,2.533,0.0021,51.0,8.09
US1934,40,single,3,GK4-fl70 60/40,45.0,4.85,4.28,4.78,0.713,2.213,0.0022,49.0,7.73
US1934,40,joint,3,GK4-fl70 60/40,52.3,6.42,5.73,6.3,1.189,2.725,0.002,54.0,7.89
US1934,40,single,6,GK4-fl70 60/40,47.8,5.31,4.78,5.23,0.792,2.41,0.0021,51.0,7.78
US1934,40,joint,6,GK4-fl70 60/40,55.3,7.1,6.53,7.04,1.244,2.943,0.0019,57.0,8.18
US1934,40,fixed50,0,GK4-fl70 60/40,50.0,5.75,5.2,5.68,1.398,2.599,0.0022,50.0,
US1934,40,single,0,VPW3 60/40,42.1,0.0,7.16,12.03,0.615,2.359,0.0348,45.0,0.0
US1934,40,joint,0,VPW3 60/40,49.4,0.0,8.69,14.36,1.218,3.002,0.0327,51.0,0.0
US1934,40,single,3,VPW3 60/40,45.0,0.0,8.09,13.38,0.72,2.596,0.0338,49.0,0.0
US1934,40,joint,3,VPW3 60/40,52.3,0.0,10.15,15.91,1.327,3.205,0.0319,54.0,0.0
US1934,40,single,6,VPW3 60/40,47.8,0.0,9.45,15.09,0.794,2.812,0.0304,51.0,0.0
US1934,40,joint,6,VPW3 60/40,55.3,0.0,12.04,18.32,1.421,3.398,0.0291,57.0,0.0
US1934,40,fixed50,0,VPW3 60/40,50.0,0.0,7.33,11.76,1.438,3.169,0.0363,50.0,
US1934,40,single,0,VPW3 80/20,42.1,0.0,6.66,12.26,0.648,2.999,0.0351,45.0,0.0
US1934,40,joint,0,VPW3 80/20,49.4,0.0,7.54,13.41,1.334,4.031,0.0331,51.0,0.0
US1934,40,single,3,VPW3 80/20,45.0,0.0,7.07,12.74,0.761,3.379,0.0338,49.0,0.0
US1934,40,joint,3,VPW3 80/20,52.3,0.0,8.2,14.33,1.464,4.377,0.0328,54.0,0.0
US1934,40,single,6,VPW3 80/20,47.8,0.0,7.74,13.81,0.834,3.713,0.0316,51.0,0.0
US1934,40,joint,6,VPW3 80/20,55.3,0.0,9.1,15.46,1.578,4.709,0.0305,57.0,0.0
US1934,40,fixed50,0,VPW3 80/20,50.0,0.0,6.95,12.47,1.581,4.298,0.0368,50.0,
US1934,40,single,0,VPW3 100/0,42.1,0.0,8.13,16.02,0.656,3.752,0.029,45.0,0.0
US1934,40,joint,0,VPW3 100/0,49.4,0.0,8.92,17.09,1.378,5.345,0.0278,51.0,0.0
US1934,40,single,3,VPW3 100/0,45.0,0.0,8.45,16.33,0.776,4.298,0.0275,49.0,0.0
US1934,40,joint,3,VPW3 100/0,52.3,0.0,9.36,17.51,1.543,5.897,0.0279,54.0,0.0
US1934,40,single,6,VPW3 100/0,47.8,0.0,8.96,16.98,0.871,4.762,0.0278,51.0,0.0
US1934,40,joint,6,VPW3 100/0,55.3,0.0,9.84,18.13,1.665,6.417,0.0262,57.0,0.0
US1934,40,fixed50,0,VPW3 100/0,50.0,0.0,8.5,16.36,1.678,5.736,0.0323,50.0,
US1934,40,single,0,RMD 60/40,42.1,0.0,95.23,99.84,0.318,2.153,0.0222,45.0,0.0
US1934,40,joint,0,RMD 60/40,49.4,0.0,95.67,100.0,0.934,3.137,0.0232,51.0,0.0
US1934,40,single,3,RMD 60/40,45.0,0.0,95.3,99.87,0.389,2.557,0.0226,49.0,0.0
US1934,40,joint,3,RMD 60/40,52.3,0.0,95.67,100.0,1.107,3.656,0.0236,54.0,0.0
US1934,40,single,6,RMD 60/40,47.8,0.0,95.39,99.89,0.455,3.031,0.0231,51.0,0.0
US1934,40,joint,6,RMD 60/40,55.3,0.01,95.67,100.0,1.239,4.319,0.024,57.0,0.02
US1934,40,fixed50,0,RMD 60/40,50.0,0.0,95.67,100.0,1.295,3.218,0.0232,50.0,
US1934,40,single,0,W6-FR4 60/40,42.1,0.0,9.74,10.27,0.512,2.142,0.0324,45.0,0.0
US1934,40,joint,0,W6-FR4 60/40,49.4,0.0,10.3,10.76,1.077,2.886,0.0326,51.0,0.0
US1934,40,single,3,W6-FR4 60/40,45.0,0.0,9.86,10.34,0.597,2.428,0.0325,49.0,0.0
US1934,40,joint,3,W6-FR4 60/40,52.3,0.0,10.5,10.91,1.213,3.217,0.0328,54.0,0.0
US1934,40,single,6,W6-FR4 60/40,47.8,0.0,10.01,10.52,0.662,2.756,0.0328,51.0,0.0
US1934,40,joint,6,W6-FR4 60/40,55.3,0.03,10.54,11.04,1.312,3.614,0.0329,57.0,0.05
US1934,40,fixed50,0,W6-FR4 60/40,50.0,0.0,10.41,10.9,1.308,2.964,0.0326,50.0,
US1934,40,single,0,W7-PoS4 60/40,42.1,0.0,8.31,8.79,0.517,1.855,0.0306,45.0,0.0
US1934,40,joint,0,W7-PoS4 60/40,49.4,0.0,9.0,9.46,1.003,2.473,0.0305,51.0,0.0
US1934,40,single,3,W7-PoS4 60/40,45.0,0.0,8.52,9.0,0.588,2.101,0.0307,49.0,0.0
US1934,40,joint,3,W7-PoS4 60/40,52.3,0.0,9.13,9.52,1.11,2.769,0.0306,54.0,0.0
US1934,40,single,6,W7-PoS4 60/40,47.8,0.0,8.7,9.18,0.652,2.375,0.0308,51.0,0.0
US1934,40,joint,6,W7-PoS4 60/40,55.3,0.0,9.31,9.69,1.195,3.134,0.0306,57.0,0.0
US1934,40,fixed50,0,W7-PoS4 60/40,50.0,0.0,9.18,9.55,1.193,2.537,0.0305,50.0,
US1934,50,single,0,FIX4 60/40,32.9,9.79,8.51,9.51,0.358,1.339,0.0016,36.0,19.83
US1934,50,joint,0,FIX4 60/40,39.6,13.45,12.07,13.26,0.905,1.571,0.0015,41.0,18.96
US1934,50,single,3,FIX4 60/40,35.6,11.36,10.05,11.14,0.436,1.444,0.0015,39.0,19.1
US1934,50,joint,3,FIX4 60/40,42.4,15.53,14.1,15.24,0.959,1.659,0.0014,44.0,19.2
US1934,50,single,6,FIX4 60/40,38.4,13.08,11.64,12.8,0.512,1.536,0.0015,42.0,19.89
US1934,50,joint,6,FIX4 60/40,45.4,16.97,15.55,16.73,0.997,1.774,0.0013,47.0,20.31
US1934,50,fixed50,0,FIX4 60/40,50.0,19.93,18.59,19.75,1.106,1.968,0.0013,50.0,19.93
US1934,50,single,0,FIX4 100/0,32.9,7.58,6.87,7.43,0.358,1.343,0.0016,36.0,14.33
US1934,50,joint,0,FIX4 100/0,39.6,10.04,9.24,9.91,0.846,1.577,0.0015,41.0,12.51
US1934,50,single,3,FIX4 100/0,35.6,8.64,8.01,8.52,0.436,1.456,0.0016,39.0,13.62
US1934,50,joint,3,FIX4 100/0,42.4,10.92,10.21,10.78,0.899,1.69,0.0015,44.0,12.45
US1934,50,single,6,FIX4 100/0,38.4,9.29,8.69,9.18,0.511,1.566,0.0015,42.0,12.68
US1934,50,joint,6,FIX4 100/0,45.4,11.66,11.12,11.55,0.938,1.807,0.0014,47.0,13.25
US1934,50,fixed50,0,FIX4 100/0,50.0,13.03,12.57,12.97,1.052,1.968,0.0014,50.0,13.03
US1934,50,single,0,FIX3 60/40,32.9,1.99,1.63,1.95,0.268,1.055,0.0031,36.0,4.88
US1934,50,joint,0,FIX3 60/40,39.6,2.85,2.38,2.82,0.741,1.209,0.0028,41.0,4.79
US1934,50,single,3,FIX3 60/40,35.6,2.62,2.25,2.56,0.327,1.127,0.0027,39.0,5.34
US1934,50,joint,3,FIX3 60/40,42.4,3.55,3.03,3.49,0.802,1.289,0.0025,44.0,4.99
US1934,50,single,6,FIX3 60/40,38.4,3.03,2.68,2.95,0.384,1.211,0.0026,42.0,5.26
US1934,50,joint,6,FIX3 60/40,45.4,4.17,3.76,4.11,0.885,1.379,0.0023,47.0,5.5
US1934,50,fixed50,0,FIX3 60/40,50.0,5.18,4.66,5.13,1.444,1.477,0.0022,50.0,5.18
US1934,50,single,0,GK4 60/40,32.9,0.0,8.5,9.63,0.366,1.473,0.0327,36.0,0.0
US1934,50,joint,0,GK4 60/40,39.6,0.0,10.16,11.27,0.848,1.857,0.0321,41.0,0.0
US1934,50,single,3,GK4 60/40,35.6,0.0,9.13,10.17,0.432,1.636,0.0315,39.0,0.0
US1934,50,joint,3,GK4 60/40,42.4,0.0,10.9,11.93,0.93,2.037,0.0312,44.0,0.0
US1934,50,single,6,GK4 60/40,38.4,0.0,9.48,10.56,0.491,1.793,0.0312,42.0,0.0
US1934,50,joint,6,GK4 60/40,45.4,0.0,11.41,12.44,1.007,2.229,0.0308,47.0,0.0
US1934,50,fixed50,0,GK4 60/40,50.0,0.0,12.36,13.33,1.23,2.598,0.0304,50.0,0.0
US1934,50,single,0,GK5 80/20,32.9,0.0,7.84,8.83,0.449,1.828,0.0324,36.0,0.0
US1934,50,joint,0,GK5 80/20,39.6,0.0,9.76,10.77,0.965,2.358,0.0311,41.0,0.0
US1934,50,single,3,GK5 80/20,35.6,0.0,8.83,9.6,0.522,2.05,0.03,39.0,0.0
US1934,50,joint,3,GK5 80/20,42.4,0.0,10.54,11.47,1.046,2.598,0.0292,44.0,0.0
US1934,50,single,6,GK5 80/20,38.4,0.0,9.13,10.17,0.6,2.236,0.0285,42.0,0.0
US1934,50,joint,6,GK5 80/20,45.4,0.0,11.11,11.93,1.122,2.839,0.028,47.0,0.0
US1934,50,fixed50,0,GK5 80/20,50.0,0.0,12.02,12.76,1.352,3.356,0.0271,50.0,0.0
US1934,50,single,0,GK4-fl70 60/40,32.9,2.1,1.66,2.04,0.366,1.482,0.0031,36.0,5.5
US1934,50,joint,0,GK4-fl70 60/40,39.6,3.0,2.4,2.92,0.92,1.855,0.0028,41.0,5.18
US1934,50,single,3,GK4-fl70 60/40,35.6,2.65,2.27,2.6,0.436,1.638,0.0027,39.0,5.62
US1934,50,joint,3,GK4-fl70 60/40,42.4,3.79,3.2,3.73,0.999,2.035,0.0025,44.0,5.51
US1934,50,single,6,GK4-fl70 60/40,38.4,3.16,2.76,3.11,0.506,1.793,0.0025,42.0,5.78
US1934,50,joint,6,GK4-fl70 60/40,45.4,4.57,3.99,4.43,1.073,2.225,0.0023,47.0,6.09
US1934,50,fixed50,0,GK4-fl70 60/40,50.0,5.92,5.27,5.82,1.401,2.592,0.0022,50.0,5.92
US1934,50,single,0,VPW3 60/40,32.9,0.0,4.84,8.98,0.392,1.784,0.0375,36.0,0.0
US1934,50,joint,0,VPW3 60/40,39.6,0.0,6.78,11.86,0.971,2.263,0.0366,41.0,0.0
US1934,50,single,3,VPW3 60/40,35.6,0.0,6.11,11.04,0.457,1.977,0.0345,39.0,0.0
US1934,50,joint,3,VPW3 60/40,42.4,0.0,8.54,14.3,1.073,2.448,0.0341,44.0,0.0
US1934,50,single,6,VPW3 60/40,38.4,0.0,7.84,12.95,0.531,2.131,0.033,42.0,0.0
US1934,50,joint,6,VPW3 60/40,45.4,0.0,11.28,17.69,1.156,2.626,0.0319,47.0,0.0
US1934,50,fixed50,0,VPW3 60/40,50.0,0.0,12.33,17.67,1.402,2.984,0.0325,50.0,0.0
US1934,50,single,0,VPW3 80/20,32.9,0.0,4.53,9.08,0.404,2.128,0.0388,36.0,0.0
US1934,50,joint,0,VPW3 80/20,39.6,0.0,5.77,10.87,1.028,2.834,0.0384,41.0,0.0
US1934,50,single,3,VPW3 80/20,35.6,0.0,5.41,9.94,0.467,2.412,0.0365,39.0,0.0
US1934,50,joint,3,VPW3 80/20,42.4,0.0,6.79,12.2,1.152,3.117,0.0362,44.0,0.0
US1934,50,single,6,VPW3 80/20,38.4,0.0,6.05,11.21,0.554,2.647,0.0351,42.0,0.0
US1934,50,joint,6,VPW3 80/20,45.4,0.0,8.17,14.01,1.246,3.379,0.0339,47.0,0.0
US1934,50,fixed50,0,VPW3 80/20,50.0,0.0,8.79,14.25,1.549,3.982,0.0344,50.0,0.0
US1934,50,single,0,VPW3 100/0,32.9,0.0,5.73,12.21,0.404,2.505,0.0365,36.0,0.0
US1934,50,joint,0,VPW3 100/0,39.6,0.0,6.78,13.84,1.049,3.496,0.0362,41.0,0.0
US1934,50,single,3,VPW3 100/0,35.6,0.0,6.43,12.88,0.471,2.88,0.034,39.0,0.0
US1934,50,joint,3,VPW3 100/0,42.4,0.0,7.59,14.7,1.179,3.901,0.0334,44.0,0.0
US1934,50,single,6,VPW3 100/0,38.4,0.0,6.88,13.82,0.568,3.189,0.0322,42.0,0.0
US1934,50,joint,6,VPW3 100/0,45.4,0.0,8.61,15.97,1.278,4.293,0.0308,47.0,0.0
US1934,50,fixed50,0,VPW3 100/0,50.0,0.0,9.21,16.31,1.647,5.233,0.0312,50.0,0.0
US1934,50,single,0,RMD 60/40,32.9,0.0,75.14,99.65,0.192,1.458,0.0243,36.0,0.0
US1934,50,joint,0,RMD 60/40,39.6,0.0,76.17,100.0,0.676,2.093,0.0253,41.0,0.0
US1934,50,single,3,RMD 60/40,35.6,0.0,75.34,99.71,0.234,1.728,0.0248,39.0,0.0
US1934,50,joint,3,RMD 60/40,42.4,0.0,76.19,100.0,0.784,2.449,0.0258,44.0,0.0
US1934,50,single,6,RMD 60/40,38.4,0.0,75.6,99.77,0.278,2.033,0.0253,42.0,0.0
US1934,50,joint,6,RMD 60/40,45.4,0.02,76.19,100.0,0.908,2.893,0.0264,47.0,0.03
US1934,50,fixed50,0,RMD 60/40,50.0,0.0,76.19,100.0,1.488,3.747,0.0272,50.0,0.0
US1934,50,single,0,W6-FR4 60/40,32.9,0.0,6.07,6.66,0.324,1.546,0.0341,36.0,0.0
US1934,50,joint,0,W6-FR4 60/40,39.6,0.0,6.93,7.45,0.827,2.053,0.0345,41.0,0.0
US1934,50,single,3,W6-FR4 60/40,35.6,0.0,6.41,6.97,0.382,1.756,0.034,39.0,0.0
US1934,50,joint,3,W6-FR4 60/40,42.4,0.0,7.1,7.72,0.928,2.324,0.0346,44.0,0.0
US1934,50,single,6,W6-FR4 60/40,38.4,0.0,6.57,7.07,0.439,1.989,0.0343,42.0,0.0
US1934,50,joint,6,W6-FR4 60/40,45.4,0.03,7.31,7.86,1.034,2.638,0.0349,47.0,0.05
US1934,50,fixed50,0,W6-FR4 60/40,50.0,0.0,7.59,8.09,1.398,3.232,0.0353,50.0,0.0
US1934,50,single,0,W7-PoS4 60/40,32.9,0.0,5.99,6.53,0.33,1.343,0.0322,36.0,0.0
US1934,50,joint,0,W7-PoS4 60/40,39.6,0.0,6.95,7.38,0.791,1.741,0.0323,41.0,0.0
US1934,50,single,3,W7-PoS4 60/40,35.6,0.0,6.34,6.83,0.392,1.514,0.0319,39.0,0.0
US1934,50,joint,3,W7-PoS4 60/40,42.4,0.0,7.21,7.67,0.87,1.959,0.0321,44.0,0.0
US1934,50,single,6,W7-PoS4 60/40,38.4,0.0,6.55,7.01,0.446,1.702,0.032,42.0,0.0
US1934,50,joint,6,W7-PoS4 60/40,45.4,0.0,7.42,7.76,0.959,2.237,0.0323,47.0,0.0
US1934,50,fixed50,0,W7-PoS4 60/40,50.0,0.0,7.7,8.06,1.27,2.767,0.0325,50.0,0.0
US1934,60,single,0,FIX4 60/40,24.4,4.86,3.69,4.66,0.198,1.024,0.0022,26.0,15.57
US1934,60,joint,0,FIX4 60/40,30.2,7.45,5.74,7.16,0.671,1.217,0.002,31.0,14.33
US1934,60,single,3,FIX4 60/40,26.9,6.42,5.06,6.2,0.27,1.128,0.002,29.0,15.13
US1934,60,joint,3,FIX4 60/40,32.9,9.57,7.78,9.24,0.749,1.303,0.0018,34.0,14.81
US1934,60,single,6,FIX4 60/40,29.5,7.76,6.5,7.48,0.279,1.22,0.0018,32.0,14.87
US1934,60,joint,6,FIX4 60/40,35.8,11.13,9.37,10.75,0.832,1.419,0.0017,37.0,14.73
US1934,60,fixed50,0,FIX4 60/40,50.0,20.02,18.88,19.84,1.096,1.968,0.0013,50.0,20.02
US1934,60,single,0,FIX4 100/0,24.4,4.9,4.0,4.74,0.198,1.021,0.002,26.0,9.54
US1934,60,joint,0,FIX4 100/0,30.2,7.25,5.98,7.03,0.661,1.217,0.0018,31.0,11.12
US1934,60,single,3,FIX4 100/0,26.9,6.07,5.18,5.91,0.27,1.107,0.0018,29.0,12.27
US1934,60,joint,3,FIX4 100/0,32.9,8.5,7.56,8.31,0.712,1.303,0.0017,34.0,12.26
US1934,60,single,6,FIX4 100/0,29.5,7.08,6.17,6.92,0.279,1.219,0.0017,32.0,11.63
US1934,60,joint,6,FIX4 100/0,35.8,9.5,8.55,9.32,0.782,1.421,0.0016,37.0,11.75
US1934,60,fixed50,0,FIX4 100/0,50.0,13.77,13.31,13.68,1.014,1.968,0.0013,50.0,13.77
US1934,60,single,0,FIX3 60/40,24.4,0.65,0.41,0.61,0.149,0.772,0.0049,26.0,1.76
US1934,60,joint,0,FIX3 60/40,30.2,1.17,0.95,1.16,0.504,0.918,0.0039,31.0,3.34
US1934,60,single,3,FIX3 60/40,26.9,1.13,0.83,1.07,0.202,0.859,0.0039,29.0,3.8
US1934,60,joint,3,FIX3 60/40,32.9,1.65,1.3,1.6,0.567,1.003,0.0035,34.0,3.03
US1934,60,single,6,FIX3 60/40,29.5,1.51,1.15,1.45,0.209,0.943,0.0033,32.0,3.26
US1934,60,joint,6,FIX3 60/40,35.8,2.25,1.65,2.18,0.651,1.092,0.0032,37.0,3.38
US1934,60,fixed50,0,FIX3 60/40,50.0,5.66,5.08,5.58,1.395,1.476,0.0022,50.0,5.66
US1934,60,single,0,GK4 60/40,24.4,0.0,5.91,6.9,0.202,1.035,0.0338,26.0,0.0
US1934,60,joint,0,GK4 60/40,30.2,0.0,7.9,8.96,0.62,1.314,0.0332,31.0,0.0
US1934,60,single,3,GK4 60/40,26.9,0.0,6.59,7.43,0.248,1.157,0.0335,29.0,0.0
US1934,60,joint,3,GK4 60/40,32.9,0.0,8.7,9.55,0.688,1.462,0.0329,34.0,0.0
US1934,60,single,6,GK4 60/40,29.5,0.0,7.48,8.3,0.288,1.286,0.0328,32.0,0.0
US1934,60,joint,6,GK4 60/40,35.8,0.0,9.21,10.24,0.754,1.608,0.0325,37.0,0.0
US1934,60,fixed50,0,GK4 60/40,50.0,0.0,11.55,12.16,1.212,2.582,0.0315,50.0,0.0
US1934,60,single,0,GK5 80/20,24.4,0.0,5.4,6.48,0.257,1.268,0.0357,26.0,0.0
US1934,60,joint,0,GK5 80/20,30.2,0.0,7.52,8.63,0.72,1.65,0.0341,31.0,0.0
US1934,60,single,3,GK5 80/20,26.9,0.0,6.26,7.23,0.309,1.429,0.035,29.0,0.0
US1934,60,joint,3,GK5 80/20,32.9,0.0,8.16,9.27,0.792,1.838,0.0335,34.0,0.0
US1934,60,single,6,GK5 80/20,29.5,0.0,6.89,7.89,0.356,1.594,0.0333,32.0,0.0
US1934,60,joint,6,GK5 80/20,35.8,0.01,8.77,9.9,0.858,2.028,0.0238,37.0,0.02
US1934,60,fixed50,0,GK5 80/20,50.0,0.24,11.0,11.84,1.326,3.354,0.012,50.0,0.24
US1934,60,single,0,GK4-fl70 60/40,24.4,0.61,0.36,0.56,0.202,1.053,0.0051,26.0,1.91
US1934,60,joint,0,GK4-fl70 60/40,30.2,1.17,0.88,1.14,0.658,1.316,0.0041,31.0,3.6
US1934,60,single,3,GK4-fl70 60/40,26.9,1.06,0.75,1.02,0.249,1.172,0.0041,29.0,3.58
US1934,60,joint,3,GK4-fl70 60/40,32.9,1.66,1.22,1.65,0.744,1.464,0.0036,34.0,3.16
US1934,60,single,6,GK4-fl70 60/40,29.5,1.5,1.2,1.44,0.288,1.296,0.0034,32.0,3.39
US1934,60,joint,6,GK4-fl70 60/40,35.8,2.17,1.59,2.1,0.819,1.611,0.0032,37.0,3.38
US1934,60,fixed50,0,GK4-fl70 60/40,50.0,6.17,5.47,6.13,1.369,2.578,0.0021,50.0,6.17
US1934,60,single,0,VPW3 60/40,24.4,0.0,3.07,6.17,0.235,1.331,0.04,26.0,0.0
US1934,60,joint,0,VPW3 60/40,30.2,0.0,5.22,9.35,0.754,1.691,0.0383,31.0,0.0
US1934,60,single,3,VPW3 60/40,26.9,0.0,4.64,8.32,0.287,1.48,0.0381,29.0,0.0
US1934,60,joint,3,VPW3 60/40,32.9,0.0,7.25,12.08,0.834,1.84,0.0362,34.0,0.0
US1934,60,single,6,VPW3 60/40,29.5,0.0,6.57,10.95,0.334,1.628,0.035,32.0,0.0
US1934,60,joint,6,VPW3 60/40,35.8,0.0,10.17,16.13,0.921,1.988,0.032,37.0,0.0
US1934,60,fixed50,0,VPW3 60/40,50.0,0.0,27.27,34.33,1.303,2.648,0.0234,50.0,0.0
US1934,60,single,0,VPW3 80/20,24.4,0.0,2.92,6.02,0.24,1.499,0.0409,26.0,0.0
US1934,60,joint,0,VPW3 80/20,30.2,0.0,4.57,8.64,0.771,1.993,0.0389,31.0,0.0
US1934,60,single,3,VPW3 80/20,26.9,0.0,3.9,7.66,0.288,1.694,0.0392,29.0,0.0
US1934,60,joint,3,VPW3 80/20,32.9,0.0,5.73,10.45,0.857,2.205,0.0376,34.0,0.0
US1934,60,single,6,VPW3 80/20,29.5,0.0,4.99,9.13,0.34,1.893,0.0363,32.0,0.0
US1934,60,joint,6,VPW3 80/20,35.8,0.0,7.5,12.86,0.955,2.403,0.031,37.0,0.0
US1934,60,fixed50,0,VPW3 80/20,50.0,0.0,17.27,23.78,1.409,3.438,0.0243,50.0,0.0
US1934,60,single,0,VPW3 100/0,24.4,0.0,3.78,8.44,0.24,1.673,0.0386,26.0,0.0
US1934,60,joint,0,VPW3 100/0,30.2,0.0,5.44,10.91,0.77,2.31,0.0354,31.0,0.0
US1934,60,single,3,VPW3 100/0,26.9,0.0,4.76,9.75,0.292,1.916,0.0365,29.0,0.0
US1934,60,joint,3,VPW3 100/0,32.9,0.0,6.41,12.28,0.867,2.598,0.035,34.0,0.0
US1934,60,single,6,VPW3 100/0,29.5,0.0,5.53,10.83,0.342,2.169,0.0337,32.0,0.0
US1934,60,joint,6,VPW3 100/0,35.8,0.0,7.67,13.9,0.961,2.855,0.0242,37.0,0.0
US1934,60,fixed50,0,VPW3 100/0,50.0,0.0,14.79,21.6,1.451,4.357,0.0202,50.0,0.0
US1934,60,single,0,RMD 60/40,24.4,0.0,29.65,94.85,0.116,0.973,0.027,26.0,0.0
US1934,60,joint,0,RMD 60/40,30.2,0.0,30.87,95.65,0.469,1.394,0.0281,31.0,0.0
US1934,60,single,3,RMD 60/40,26.9,0.0,30.11,94.9,0.144,1.163,0.0276,29.0,0.0
US1934,60,joint,3,RMD 60/40,32.9,0.0,30.92,95.65,0.555,1.66,0.0287,34.0,0.0
US1934,60,single,6,RMD 60/40,29.5,0.0,30.25,95.13,0.171,1.387,0.0283,32.0,0.0
US1934,60,joint,6,RMD 60/40,35.8,0.02,30.92,95.65,0.661,1.971,0.0294,37.0,0.04
US1934,60,fixed50,0,RMD 60/40,50.0,22.44,31.01,95.65,1.797,4.571,0.0325,50.0,22.44
US1934,60,single,0,W6-FR4 60/40,24.4,0.0,2.82,3.43,0.198,1.088,0.0363,26.0,0.0
US1934,60,joint,0,W6-FR4 60/40,30.2,0.0,3.85,4.25,0.615,1.453,0.0366,31.0,0.0
US1934,60,single,3,W6-FR4 60/40,26.9,0.0,3.31,3.77,0.237,1.252,0.0366,29.0,0.0
US1934,60,joint,3,W6-FR4 60/40,32.9,0.0,3.92,4.41,0.698,1.664,0.0369,34.0,0.0
US1934,60,single,6,W6-FR4 60/40,29.5,0.0,3.55,3.94,0.276,1.43,0.0367,32.0,0.0
US1934,60,joint,6,W6-FR4 60/40,35.8,0.0,4.15,4.61,0.788,1.893,0.0372,37.0,0.0
US1934,60,fixed50,0,W6-FR4 60/40,50.0,20.46,5.17,7.83,1.534,3.685,0.0092,50.0,20.46
US1934,60,single,0,W7-PoS4 60/40,24.4,0.0,3.17,3.77,0.198,0.969,0.0342,26.0,0.0
US1934,60,joint,0,W7-PoS4 60/40,30.2,0.0,4.36,4.78,0.598,1.246,0.034,31.0,0.0
US1934,60,single,3,W7-PoS4 60/40,26.9,0.0,3.61,4.08,0.238,1.091,0.0342,29.0,0.0
US1934,60,joint,3,W7-PoS4 60/40,32.9,0.0,4.49,4.92,0.669,1.412,0.0341,34.0,0.0
US1934,60,single,6,W7-PoS4 60/40,29.5,0.0,3.94,4.37,0.276,1.241,0.0341,32.0,0.0
US1934,60,joint,6,W7-PoS4 60/40,35.8,0.0,4.76,5.19,0.74,1.59,0.0342,37.0,0.0
US1934,60,fixed50,0,W7-PoS4 60/40,50.0,0.01,5.59,5.84,1.403,3.323,0.0354,50.0,0.01
US1934,65,single,0,FIX4 60/40,20.4,2.63,1.61,2.39,0.157,0.865,0.0029,22.0,12.01
US1934,65,joint,0,FIX4 60/40,25.6,4.44,2.89,4.02,0.547,1.027,0.0026,27.0,10.43
US1934,65,single,3,FIX4 60/40,22.8,3.54,2.44,3.31,0.196,0.972,0.0025,25.0,9.27
US1934,65,joint,3,FIX4 60/40,28.2,5.58,4.14,5.34,0.624,1.14,0.0022,29.0,9.58
US1934,65,single,6,FIX4 60/40,25.3,5.13,3.86,4.89,0.233,1.061,0.0022,27.0,10.79
US1934,65,joint,6,FIX4 60/40,31.1,7.99,6.35,7.67,0.709,1.253,0.002,32.0,11.04
US1934,65,fixed50,0,FIX4 60/40,45.0,17.57,16.16,17.34,1.099,1.771,0.0014,45.0,17.57
US1934,65,single,0,FIX4 100/0,20.4,3.2,2.43,3.02,0.157,0.862,0.0024,22.0,10.17
US1934,65,joint,0,FIX4 100/0,25.6,5.02,4.0,4.81,0.541,1.026,0.0022,27.0,8.36
US1934,65,single,3,FIX4 100/0,22.8,3.99,3.12,3.82,0.196,0.949,0.0022,25.0,7.9
US1934,65,joint,3,FIX4 100/0,28.2,5.88,4.8,5.7,0.593,1.139,0.002,29.0,8.4
US1934,65,single,6,FIX4 100/0,25.3,5.08,4.28,4.93,0.233,1.059,0.002,27.0,8.84
US1934,65,joint,6,FIX4 100/0,31.1,7.23,6.17,6.99,0.673,1.254,0.0018,32.0,9.0
US1934,65,fixed50,0,FIX4 100/0,45.0,11.96,11.43,11.87,1.014,1.771,0.0014,45.0,11.96
US1934,65,single,0,FIX3 60/40,20.4,0.31,0.15,0.29,0.118,0.65,0.0063,22.0,2.12
US1934,65,joint,0,FIX3 60/40,25.6,0.5,0.33,0.49,0.41,0.774,0.0056,27.0,1.26
US1934,65,single,3,FIX3 60/40,22.8,0.41,0.29,0.38,0.147,0.736,0.0053,25.0,1.27
US1934,65,joint,3,FIX3 60/40,28.2,0.93,0.61,0.88,0.468,0.858,0.0046,29.0,1.89
US1934,65,single,6,FIX3 60/40,25.3,0.78,0.53,0.74,0.175,0.801,0.0044,27.0,1.94
US1934,65,joint,6,FIX3 60/40,31.1,1.42,0.96,1.34,0.533,0.947,0.0039,32.0,1.95
US1934,65,fixed50,0,FIX3 60/40,45.0,4.19,3.59,4.06,1.318,1.329,0.0025,45.0,4.19
US1934,65,single,0,GK4 60/40,20.4,0.0,4.36,5.24,0.157,0.853,0.0347,22.0,0.0
US1934,65,joint,0,GK4 60/40,25.6,0.0,6.07,7.14,0.499,1.08,0.0342,27.0,0.0
US1934,65,single,3,GK4 60/40,22.8,0.0,5.08,6.04,0.19,0.971,0.0344,25.0,0.0
US1934,65,joint,3,GK4 60/40,28.2,0.0,6.69,7.82,0.567,1.229,0.0339,29.0,0.0
US1934,65,single,6,GK4 60/40,25.3,0.0,5.97,6.88,0.215,1.081,0.034,27.0,0.0
US1934,65,joint,6,GK4 60/40,31.1,0.0,7.73,8.83,0.625,1.376,0.0334,32.0,0.0
US1934,65,fixed50,0,GK4 60/40,45.0,0.0,10.21,11.0,1.116,2.263,0.0321,45.0,0.0
US1934,65,single,0,GK5 80/20,20.4,0.0,4.0,4.75,0.196,1.049,0.0372,22.0,0.0
US1934,65,joint,0,GK5 80/20,25.6,0.0,5.64,6.54,0.594,1.36,0.0365,27.0,0.0
US1934,65,single,3,GK5 80/20,22.8,0.0,4.65,5.43,0.233,1.195,0.0365,25.0,0.0
US1934,65,joint,3,GK5 80/20,28.2,0.0,6.3,7.18,0.664,1.545,0.0359,29.0,0.0
US1934,65,single,6,GK5 80/20,25.3,0.0,5.36,6.13,0.267,1.331,0.0354,27.0,0.0
US1934,65,joint,6,GK5 80/20,31.1,0.0,7.2,7.94,0.728,1.739,0.0343,32.0,0.0
US1934,65,fixed50,0,GK5 80/20,45.0,0.16,9.37,10.09,1.219,2.941,0.0164,45.0,0.16
US1934,65,single,0,GK4-fl70 60/40,20.4,0.26,0.11,0.24,0.157,0.872,0.0068,22.0,1.84
US1934,65,joint,0,GK4-fl70 60/40,25.6,0.48,0.29,0.44,0.52,1.084,0.0059,27.0,1.19
US1934,65,single,3,GK4-fl70 60/40,22.8,0.39,0.27,0.38,0.19,0.987,0.0056,25.0,1.27
US1934,65,joint,3,GK4-fl70 60/40,28.2,0.89,0.55,0.84,0.591,1.232,0.0048,29.0,1.89
US1934,65,single,6,GK4-fl70 60/40,25.3,0.72,0.52,0.7,0.215,1.099,0.0046,27.0,1.82
US1934,65,joint,6,GK4-fl70 60/40,31.1,1.27,0.87,1.21,0.672,1.378,0.0041,32.0,1.75
US1934,65,fixed50,0,GK4-fl70 60/40,45.0,4.47,3.74,4.34,1.287,2.263,0.0025,45.0,4.47
US1934,65,single,0,VPW3 60/40,20.4,0.0,2.19,4.6,0.189,1.149,0.0418,22.0,0.0
US1934,65,joint,0,VPW3 60/40,25.6,0.0,3.96,7.58,0.64,1.464,0.0406,27.0,0.0
US1934,65,single,3,VPW3 60/40,22.8,0.0,3.67,6.93,0.225,1.303,0.04,25.0,0.0
US1934,65,joint,3,VPW3 60/40,28.2,0.0,5.99,10.4,0.726,1.618,0.0376,29.0,0.0
US1934,65,single,6,VPW3 60/40,25.3,0.0,5.44,9.81,0.264,1.424,0.0372,27.0,0.0
US1934,65,joint,6,VPW3 60/40,31.1,0.0,9.1,14.71,0.804,1.764,0.0339,32.0,0.0
US1934,65,fixed50,0,VPW3 60/40,45.0,0.0,26.52,33.88,1.226,2.376,0.0238,45.0,0.0
US1934,65,single,0,VPW3 80/20,20.4,0.0,2.22,4.66,0.191,1.265,0.0417,22.0,0.0
US1934,65,joint,0,VPW3 80/20,25.6,0.0,3.59,6.89,0.647,1.664,0.041,27.0,0.0
US1934,65,single,3,VPW3 80/20,22.8,0.0,3.27,6.19,0.226,1.452,0.0404,25.0,0.0
US1934,65,joint,3,VPW3 80/20,28.2,0.0,4.89,8.82,0.743,1.876,0.0386,29.0,0.0
US1934,65,single,6,VPW3 80/20,25.3,0.0,4.41,8.17,0.269,1.613,0.0378,27.0,0.0
US1934,65,joint,6,VPW3 80/20,31.1,0.0,7.02,11.59,0.819,2.082,0.034,32.0,0.0
US1934,65,fixed50,0,VPW3 80/20,45.0,0.0,17.85,23.94,1.293,2.993,0.0244,45.0,0.0
US1934,65,single,0,VPW3 100/0,20.4,0.0,2.97,6.3,0.192,1.385,0.037,22.0,0.0
US1934,65,joint,0,VPW3 100/0,25.6,0.0,4.28,8.48,0.638,1.883,0.0372,27.0,0.0
US1934,65,single,3,VPW3 100/0,22.8,0.0,3.81,7.64,0.23,1.601,0.0366,25.0,0.0
US1934,65,joint,3,VPW3 100/0,28.2,0.0,5.36,10.03,0.739,2.149,0.0357,29.0,0.0
US1934,65,single,6,VPW3 100/0,25.3,0.0,4.73,9.14,0.271,1.799,0.0321,27.0,0.0
US1934,65,joint,6,VPW3 100/0,31.1,0.0,6.99,12.16,0.814,2.421,0.0294,32.0,0.0
US1934,65,fixed50,0,VPW3 100/0,45.0,0.0,14.81,20.96,1.317,3.718,0.0205,45.0,0.0
US1934,65,single,0,RMD 60/40,20.4,0.0,11.4,30.72,0.094,0.813,0.0289,22.0,0.0
US1934,65,joint,0,RMD 60/40,25.6,0.0,12.33,32.11,0.382,1.143,0.0299,27.0,0.0
US1934,65,single,3,RMD 60/40,22.8,0.0,11.33,30.97,0.115,0.979,0.0297,25.0,0.0
US1934,65,joint,3,RMD 60/40,28.2,0.0,12.33,32.1,0.452,1.388,0.0307,29.0,0.0
US1934,65,single,6,RMD 60/40,25.3,0.01,11.69,31.17,0.136,1.163,0.0303,27.0,0.03
US1934,65,joint,6,RMD 60/40,31.1,0.03,12.38,32.24,0.532,1.665,0.0315,32.0,0.05
US1934,65,fixed50,0,RMD 60/40,45.0,21.25,12.56,32.41,1.641,3.913,0.035,45.0,21.25
US1934,65,single,0,W6-FR4 60/40,20.4,0.0,1.63,1.93,0.157,0.922,0.038,22.0,0.0
US1934,65,joint,0,W6-FR4 60/40,25.6,0.0,2.32,2.69,0.508,1.212,0.0383,27.0,0.0
US1934,65,single,3,W6-FR4 60/40,22.8,0.0,1.9,2.13,0.185,1.07,0.0384,25.0,0.0
US1934,65,joint,3,W6-FR4 60/40,28.2,0.0,2.51,2.81,0.582,1.425,0.0387,29.0,0.0
US1934,65,single,6,W6-FR4 60/40,25.3,0.0,2.24,2.5,0.21,1.228,0.0386,27.0,0.0
US1934,65,joint,6,W6-FR4 60/40,31.1,0.01,2.82,3.16,0.652,1.641,0.0389,32.0,0.02
US1934,65,fixed50,0,W6-FR4 60/40,45.0,20.47,4.05,6.66,1.434,3.267,0.0088,45.0,20.47
US1934,65,single,0,W7-PoS4 60/40,20.4,0.0,1.95,2.26,0.157,0.825,0.0356,22.0,0.0
US1934,65,joint,0,W7-PoS4 60/40,25.6,0.0,2.76,3.05,0.492,1.044,0.0355,27.0,0.0
US1934,65,single,3,W7-PoS4 60/40,22.8,0.0,2.17,2.39,0.19,0.942,0.0358,25.0,0.0
US1934,65,joint,3,W7-PoS4 60/40,28.2,0.0,2.83,3.14,0.554,1.201,0.0357,29.0,0.0
US1934,65,single,6,W7-PoS4 60/40,25.3,0.0,2.64,2.89,0.21,1.06,0.0358,27.0,0.0
US1934,65,joint,6,W7-PoS4 60/40,31.1,0.0,3.31,3.53,0.63,1.367,0.0357,32.0,0.0
US1934,65,fixed50,0,W7-PoS4 60/40,45.0,0.02,4.2,4.34,1.31,2.893,0.0368,45.0,0.02
TW1983,40,single,0,FIX4 60/40,42.1,1.06,0.87,1.0,0.636,1.79,0.0037,45.0,1.7
TW1983,40,joint,0,FIX4 60/40,49.4,1.46,1.28,1.45,1.351,2.023,0.0032,51.0,2.63
TW1983,40,single,3,FIX4 60/40,45.0,1.16,1.01,1.14,0.752,1.911,0.0034,49.0,1.6
TW1983,40,joint,3,FIX4 60/40,52.3,1.57,1.39,1.54,1.453,2.139,0.0032,54.0,1.81
TW1983,40,single,6,FIX4 60/40,47.8,1.32,1.21,1.29,0.831,2.026,0.0032,51.0,1.8
TW1983,40,joint,6,FIX4 60/40,55.3,1.69,1.6,1.69,1.585,2.26,0.0029,57.0,2.02
TW1983,40,fixed50,0,FIX4 60/40,50.0,1.44,1.32,1.4,1.978,1.986,0.0034,50.0,
TW1983,40,single,0,FIX4 100/0,42.1,3.73,3.5,3.67,0.634,1.784,0.002,45.0,5.42
TW1983,40,joint,0,FIX4 100/0,49.4,4.34,4.11,4.32,1.199,2.017,0.0019,51.0,5.36
TW1983,40,single,3,FIX4 100/0,45.0,3.87,3.66,3.83,0.716,1.904,0.002,49.0,4.86
TW1983,40,joint,3,FIX4 100/0,52.3,4.57,4.46,4.56,1.306,2.11,0.0019,54.0,4.48
TW1983,40,single,6,FIX4 100/0,47.8,3.99,3.82,3.96,0.789,2.017,0.0019,51.0,5.08
TW1983,40,joint,6,FIX4 100/0,55.3,4.73,4.61,4.7,1.356,2.232,0.0018,57.0,5.02
TW1983,40,fixed50,0,FIX4 100/0,50.0,4.52,4.34,4.45,1.975,1.986,0.0019,50.0,
TW1983,40,single,0,FIX3 60/40,42.1,0.03,0.01,0.03,0.477,1.346,0.0159,45.0,0.11
TW1983,40,joint,0,FIX3 60/40,49.4,0.06,0.04,0.05,1.04,1.519,0.0099,51.0,0.1
TW1983,40,single,3,FIX3 60/40,45.0,0.04,0.03,0.04,0.564,1.453,0.0122,49.0,0.09
TW1983,40,joint,3,FIX3 60/40,52.3,0.06,0.05,0.06,1.105,1.606,0.0093,54.0,0.13
TW1983,40,single,6,FIX3 60/40,47.8,0.07,0.07,0.07,0.624,1.523,0.0097,51.0,0.09
TW1983,40,joint,6,FIX3 60/40,55.3,0.05,0.05,0.05,1.219,1.697,0.0095,57.0,0.07
TW1983,40,fixed50,0,FIX3 60/40,50.0,0.04,0.03,0.03,1.484,1.489,0.011,50.0,
TW1983,40,single,0,GK4 60/40,42.1,0.0,0.17,0.24,0.735,3.383,0.0513,45.0,0.0
TW1983,40,joint,0,GK4 60/40,49.4,0.0,0.19,0.26,1.721,4.57,0.0527,51.0,0.0
TW1983,40,single,3,GK4 60/40,45.0,0.0,0.17,0.22,0.847,3.849,0.0519,49.0,0.0
TW1983,40,joint,3,GK4 60/40,52.3,0.0,0.19,0.25,1.898,5.144,0.0534,54.0,0.0
TW1983,40,single,6,GK4 60/40,47.8,0.0,0.2,0.26,0.963,4.386,0.0527,51.0,0.0
TW1983,40,joint,6,GK4 60/40,55.3,0.0,0.2,0.27,2.143,5.865,0.0543,57.0,0.0
TW1983,40,fixed50,0,GK4 60/40,50.0,0.0,0.2,0.26,2.164,4.672,0.0528,50.0,
TW1983,40,single,0,GK5 80/20,42.1,0.0,1.28,1.4,0.868,3.976,0.0532,45.0,0.0
TW1983,40,joint,0,GK5 80/20,49.4,0.0,1.49,1.6,1.797,5.408,0.0523,51.0,0.0
TW1983,40,single,3,GK5 80/20,45.0,0.0,1.27,1.39,1.003,4.457,0.0518,49.0,0.0
TW1983,40,joint,3,GK5 80/20,52.3,0.0,1.56,1.68,1.965,6.123,0.052,54.0,0.0
TW1983,40,single,6,GK5 80/20,47.8,0.0,1.37,1.47,1.122,5.117,0.0517,51.0,0.0
TW1983,40,joint,6,GK5 80/20,55.3,0.0,1.61,1.71,2.166,7.0,0.0526,57.0,0.0
TW1983,40,fixed50,0,GK5 80/20,50.0,0.0,1.56,1.66,2.119,5.627,0.0525,50.0,
TW1983,40,single,0,GK4-fl70 60/40,42.1,0.02,0.02,0.02,0.735,3.382,0.0158,45.0,0.0
TW1983,40,joint,0,GK4-fl70 60/40,49.4,0.06,0.05,0.06,1.719,4.57,0.0095,51.0,0.1
TW1983,40,single,3,GK4-fl70 60/40,45.0,0.06,0.04,0.06,0.849,3.849,0.0113,49.0,0.09
TW1983,40,joint,3,GK4-fl70 60/40,52.3,0.08,0.08,0.08,1.895,5.144,0.0086,54.0,0.13
TW1983,40,single,6,GK4-fl70 60/40,47.8,0.07,0.07,0.07,0.963,4.383,0.0088,51.0,0.09
TW1983,40,joint,6,GK4-fl70 60/40,55.3,0.08,0.07,0.08,2.137,5.865,0.0088,57.0,0.09
TW1983,40,fixed50,0,GK4-fl70 60/40,50.0,0.07,0.06,0.06,2.16,4.672,0.0105,50.0,
TW1983,40,single,0,VPW3 60/40,42.1,0.0,0.07,0.2,0.795,4.154,0.054,45.0,0.0
TW1983,40,joint,0,VPW3 60/40,49.4,0.0,0.09,0.21,2.042,5.586,0.056,51.0,0.0
TW1983,40,single,3,VPW3 60/40,45.0,0.0,0.08,0.21,0.919,4.669,0.0548,49.0,0.0
TW1983,40,joint,3,VPW3 60/40,52.3,0.0,0.13,0.3,2.262,6.156,0.0567,54.0,0.0
TW1983,40,single,6,VPW3 60/40,47.8,0.0,0.13,0.27,1.067,5.254,0.0556,51.0,0.0
TW1983,40,joint,6,VPW3 60/40,55.3,0.0,0.17,0.39,2.552,6.751,0.0575,57.0,0.0
TW1983,40,fixed50,0,VPW3 60/40,50.0,0.0,0.07,0.16,2.691,5.92,0.0563,50.0,
TW1983,40,single,0,VPW3 80/20,42.1,0.0,0.62,1.56,0.82,5.091,0.0535,45.0,0.0
TW1983,40,joint,0,VPW3 80/20,49.4,0.0,0.67,1.62,2.105,7.138,0.0553,51.0,0.0
TW1983,40,single,3,VPW3 80/20,45.0,0.0,0.64,1.6,0.971,5.765,0.054,49.0,0.0
TW1983,40,joint,3,VPW3 80/20,52.3,0.0,0.73,1.71,2.382,8.043,0.0557,54.0,0.0
TW1983,40,single,6,VPW3 80/20,47.8,0.0,0.69,1.68,1.111,6.675,0.0546,51.0,0.0
TW1983,40,joint,6,VPW3 80/20,55.3,0.0,0.79,1.84,2.682,9.004,0.0567,57.0,0.0
TW1983,40,fixed50,0,VPW3 80/20,50.0,0.0,0.66,1.59,2.792,7.685,0.0557,50.0,
TW1983,40,single,0,VPW3 100/0,42.1,0.0,2.51,6.44,0.807,6.05,0.0484,45.0,0.0
TW1983,40,joint,0,VPW3 100/0,49.4,0.0,2.63,6.64,2.064,8.831,0.0493,51.0,0.0
TW1983,40,single,3,VPW3 100/0,45.0,0.0,2.53,6.46,0.961,6.946,0.048,49.0,0.0
TW1983,40,joint,3,VPW3 100/0,52.3,0.0,2.78,6.77,2.338,10.072,0.0487,54.0,0.0
TW1983,40,single,6,VPW3 100/0,47.8,0.0,2.64,6.62,1.099,8.172,0.0462,51.0,0.0
TW1983,40,joint,6,VPW3 100/0,55.3,0.0,2.87,6.87,2.643,11.472,0.0499,57.0,0.0
TW1983,40,fixed50,0,VPW3 100/0,50.0,0.0,2.59,6.58,2.701,9.697,0.05,50.0,
TW1983,40,single,0,RMD 60/40,42.1,0.0,90.63,99.84,0.411,4.214,0.0266,45.0,0.0
TW1983,40,joint,0,RMD 60/40,49.4,0.0,91.08,100.0,1.643,6.634,0.028,51.0,0.0
TW1983,40,single,3,RMD 60/40,45.0,0.0,90.74,99.87,0.503,5.239,0.0272,49.0,0.0
TW1983,40,joint,3,RMD 60/40,52.3,0.0,91.08,100.0,2.045,8.116,0.0285,54.0,0.0
TW1983,40,single,6,RMD 60/40,47.8,0.0,90.82,99.89,0.606,6.53,0.0277,51.0,0.0
TW1983,40,joint,6,RMD 60/40,55.3,0.01,91.08,100.0,2.441,10.254,0.029,57.0,0.02
TW1983,40,fixed50,0,RMD 60/40,50.0,0.0,91.08,100.0,2.76,6.621,0.0281,50.0,
TW1983,40,single,0,W6-FR4 60/40,42.1,0.0,0.28,0.3,0.607,3.748,0.0447,45.0,0.0
TW1983,40,joint,0,W6-FR4 60/40,49.4,0.0,0.31,0.32,1.726,5.512,0.0465,51.0,0.0
TW1983,40,single,3,W6-FR4 60/40,45.0,0.0,0.3,0.31,0.709,4.485,0.0455,49.0,0.0
TW1983,40,joint,3,W6-FR4 60/40,52.3,0.0,0.31,0.32,2.002,6.511,0.0473,54.0,0.0
TW1983,40,single,6,W6-FR4 60/40,47.8,0.0,0.31,0.32,0.821,5.359,0.0463,51.0,0.0
TW1983,40,joint,6,W6-FR4 60/40,55.3,0.0,0.31,0.32,2.33,7.864,0.0482,57.0,0.0
TW1983,40,fixed50,0,W6-FR4 60/40,50.0,0.0,0.31,0.32,2.474,5.575,0.0466,50.0,
TW1983,40,single,0,W7-PoS4 60/40,42.1,0.0,0.16,0.16,0.581,3.127,0.043,45.0,0.0
TW1983,40,joint,0,W7-PoS4 60/40,49.4,0.0,0.17,0.17,1.502,4.61,0.0445,51.0,0.0
TW1983,40,single,3,W7-PoS4 60/40,45.0,0.0,0.17,0.18,0.679,3.765,0.0437,49.0,0.0
TW1983,40,joint,3,W7-PoS4 60/40,52.3,0.0,0.18,0.18,1.719,5.505,0.0452,54.0,0.0
TW1983,40,single,6,W7-PoS4 60/40,47.8,0.0,0.18,0.18,0.767,4.507,0.0444,51.0,0.0
TW1983,40,joint,6,W7-PoS4 60/40,55.3,0.0,0.18,0.18,1.984,6.701,0.0461,57.0,0.0
TW1983,40,fixed50,0,W7-PoS4 60/40,50.0,0.0,0.18,0.18,2.098,4.67,0.0445,50.0,
TW1983,50,single,0,FIX4 60/40,32.9,0.47,0.39,0.46,0.361,1.426,0.0048,36.0,1.14
TW1983,50,joint,0,FIX4 60/40,39.6,0.83,0.65,0.81,1.015,1.628,0.0043,41.0,1.42
TW1983,50,single,3,FIX4 60/40,35.6,0.63,0.52,0.62,0.439,1.545,0.0045,39.0,1.3
TW1983,50,joint,3,FIX4 60/40,42.4,1.03,0.85,0.99,1.111,1.745,0.0039,44.0,1.19
TW1983,50,single,6,FIX4 60/40,38.4,0.73,0.66,0.71,0.516,1.633,0.0039,42.0,1.29
TW1983,50,joint,6,FIX4 60/40,45.4,1.2,1.03,1.15,1.231,1.864,0.0036,47.0,1.61
TW1983,50,fixed50,0,FIX4 60/40,50.0,1.49,1.33,1.48,1.978,1.986,0.0034,50.0,1.49
TW1983,50,single,0,FIX4 100/0,32.9,2.41,2.15,2.36,0.361,1.395,0.0025,36.0,3.12
TW1983,50,joint,0,FIX4 100/0,39.6,3.38,3.16,3.33,0.954,1.625,0.0022,41.0,4.84
TW1983,50,single,3,FIX4 100/0,35.6,2.75,2.54,2.71,0.439,1.512,0.0023,39.0,3.86
TW1983,50,joint,3,FIX4 100/0,42.4,3.61,3.34,3.56,1.032,1.739,0.0021,44.0,4.19
TW1983,50,single,6,FIX4 100/0,38.4,2.84,2.66,2.8,0.516,1.628,0.0022,42.0,3.68
TW1983,50,joint,6,FIX4 100/0,45.4,3.78,3.6,3.76,1.11,1.861,0.0021,47.0,4.18
TW1983,50,fixed50,0,FIX4 100/0,50.0,4.13,4.01,4.1,1.976,1.986,0.002,50.0,4.13
TW1983,50,single,0,FIX3 60/40,32.9,0.01,0.01,0.01,0.27,1.07,0.0176,36.0,0.0
TW1983,50,joint,0,FIX3 60/40,39.6,0.03,0.01,0.02,0.77,1.222,0.0126,41.0,0.05
TW1983,50,single,3,FIX3 60/40,35.6,0.0,0.0,0.0,0.329,1.16,0.0298,39.0,0.0
TW1983,50,joint,3,FIX3 60/40,42.4,0.02,0.02,0.02,0.834,1.309,0.0118,44.0,0.03
TW1983,50,single,6,FIX3 60/40,38.4,0.03,0.03,0.03,0.387,1.245,0.0102,42.0,0.09
TW1983,50,joint,6,FIX3 60/40,45.4,0.04,0.04,0.04,0.925,1.399,0.0121,47.0,0.05
TW1983,50,fixed50,0,FIX3 60/40,50.0,0.04,0.04,0.04,1.484,1.49,0.0109,50.0,0.04
TW1983,50,single,0,GK4 60/40,32.9,0.0,0.11,0.12,0.396,2.202,0.049,36.0,0.0
TW1983,50,joint,0,GK4 60/40,39.6,0.0,0.12,0.16,1.203,2.945,0.0502,41.0,0.0
TW1983,50,single,3,GK4 60/40,35.6,0.0,0.09,0.13,0.486,2.531,0.0499,39.0,0.0
TW1983,50,joint,3,GK4 60/40,42.4,0.0,0.12,0.16,1.355,3.352,0.0511,44.0,0.0
TW1983,50,single,6,GK4 60/40,38.4,0.0,0.11,0.14,0.566,2.871,0.0504,42.0,0.0
TW1983,50,joint,6,GK4 60/40,45.4,0.0,0.13,0.17,1.525,3.849,0.052,47.0,0.0
TW1983,50,fixed50,0,GK4 60/40,50.0,0.0,0.15,0.19,2.216,4.719,0.0531,50.0,0.0
TW1983,50,single,0,GK5 80/20,32.9,0.0,0.84,0.93,0.488,2.608,0.0526,36.0,0.0
TW1983,50,joint,0,GK5 80/20,39.6,0.01,1.07,1.19,1.324,3.544,0.0148,41.0,0.05
TW1983,50,single,3,GK5 80/20,35.6,0.0,0.87,0.97,0.583,2.983,0.0543,39.0,0.0
TW1983,50,joint,3,GK5 80/20,42.4,0.01,1.12,1.24,1.467,4.028,0.0155,44.0,0.0
TW1983,50,single,6,GK5 80/20,38.4,0.01,1.03,1.15,0.687,3.383,0.0138,42.0,0.03
TW1983,50,joint,6,GK5 80/20,45.4,0.02,1.21,1.32,1.61,4.614,0.0207,47.0,0.02
TW1983,50,fixed50,0,GK5 80/20,50.0,0.01,1.29,1.38,2.183,5.741,0.0148,50.0,0.01
TW1983,50,single,0,GK4-fl70 60/40,32.9,0.01,0.01,0.01,0.396,2.202,0.0186,36.0,0.0
TW1983,50,joint,0,GK4-fl70 60/40,39.6,0.01,0.01,0.01,1.211,2.945,0.0128,41.0,0.05
TW1983,50,single,3,GK4-fl70 60/40,35.6,0.0,0.0,0.0,0.487,2.531,0.0502,39.0,0.0
TW1983,50,joint,3,GK4-fl70 60/40,42.4,0.02,0.02,0.02,1.359,3.351,0.0124,44.0,0.03
TW1983,50,single,6,GK4-fl70 60/40,38.4,0.03,0.03,0.03,0.566,2.866,0.0106,42.0,0.09
TW1983,50,joint,6,GK4-fl70 60/40,45.4,0.05,0.03,0.05,1.527,3.849,0.0128,47.0,0.07
TW1983,50,fixed50,0,GK4-fl70 60/40,50.0,0.05,0.05,0.05,2.213,4.719,0.0112,50.0,0.05
TW1983,50,single,0,VPW3 60/40,32.9,0.0,0.03,0.07,0.425,2.782,0.0547,36.0,0.0
TW1983,50,joint,0,VPW3 60/40,39.6,0.0,0.08,0.21,1.445,3.705,0.0564,41.0,0.0
TW1983,50,single,3,VPW3 60/40,35.6,0.0,0.07,0.2,0.527,3.171,0.0555,39.0,0.0
TW1983,50,joint,3,VPW3 60/40,42.4,0.0,0.09,0.25,1.642,4.116,0.0572,44.0,0.0
TW1983,50,single,6,VPW3 60/40,38.4,0.0,0.13,0.28,0.631,3.546,0.056,42.0,0.0
TW1983,50,joint,6,VPW3 60/40,45.4,0.0,0.22,0.48,1.86,4.538,0.0578,47.0,0.0
TW1983,50,fixed50,0,VPW3 60/40,50.0,0.0,0.15,0.3,2.588,5.388,0.0591,50.0,0.0
TW1983,50,single,0,VPW3 80/20,32.9,0.0,0.32,0.9,0.431,3.236,0.0541,36.0,0.0
TW1983,50,joint,0,VPW3 80/20,39.6,0.0,0.45,1.13,1.493,4.504,0.0552,41.0,0.0
TW1983,50,single,3,VPW3 80/20,35.6,0.0,0.42,1.1,0.54,3.723,0.0551,39.0,0.0
TW1983,50,joint,3,VPW3 80/20,42.4,0.0,0.46,1.22,1.7,5.045,0.0563,44.0,0.0
TW1983,50,single,6,VPW3 80/20,38.4,0.0,0.45,1.2,0.649,4.245,0.0548,42.0,0.0
TW1983,50,joint,6,VPW3 80/20,45.4,0.0,0.57,1.4,1.909,5.668,0.057,47.0,0.0
TW1983,50,fixed50,0,VPW3 80/20,50.0,0.0,0.6,1.34,2.695,6.926,0.0578,50.0,0.0
TW1983,50,single,0,VPW3 100/0,32.9,0.0,1.53,3.95,0.432,3.651,0.0493,36.0,0.0
TW1983,50,joint,0,VPW3 100/0,39.6,0.0,1.89,4.48,1.434,5.299,0.0471,41.0,0.0
TW1983,50,single,3,VPW3 100/0,35.6,0.0,1.75,4.19,0.537,4.291,0.0506,39.0,0.0
TW1983,50,joint,3,VPW3 100/0,42.4,0.0,1.94,4.62,1.641,6.056,0.049,44.0,0.0
TW1983,50,single,6,VPW3 100/0,38.4,0.0,1.81,4.36,0.656,4.949,0.0466,42.0,0.0
TW1983,50,joint,6,VPW3 100/0,45.4,0.0,2.16,4.78,1.858,6.849,0.05,47.0,0.0
TW1983,50,fixed50,0,VPW3 100/0,50.0,0.0,2.27,4.91,2.632,8.571,0.0481,50.0,0.0
TW1983,50,single,0,RMD 60/40,32.9,0.0,67.85,99.65,0.212,2.445,0.0289,36.0,0.0
TW1983,50,joint,0,RMD 60/40,39.6,0.0,68.7,100.0,0.993,3.751,0.0304,41.0,0.0
TW1983,50,single,3,RMD 60/40,35.6,0.0,68.08,99.71,0.271,3.036,0.0296,39.0,0.0
TW1983,50,joint,3,RMD 60/40,42.4,0.0,68.7,100.0,1.236,4.656,0.0311,44.0,0.0
TW1983,50,single,6,RMD 60/40,38.4,0.0,68.23,99.77,0.335,3.766,0.0303,42.0,0.0
TW1983,50,joint,6,RMD 60/40,45.4,0.01,68.7,100.0,1.524,5.824,0.0318,47.0,0.02
TW1983,50,fixed50,0,RMD 60/40,50.0,0.0,68.7,100.0,3.352,7.915,0.0329,50.0,0.0
TW1983,50,single,0,W6-FR4 60/40,32.9,0.0,0.09,0.09,0.342,2.336,0.0449,36.0,0.0
TW1983,50,joint,0,W6-FR4 60/40,39.6,0.0,0.1,0.1,1.141,3.369,0.0466,41.0,0.0
TW1983,50,single,3,W6-FR4 60/40,35.6,0.0,0.1,0.1,0.418,2.801,0.0458,39.0,0.0
TW1983,50,joint,3,W6-FR4 60/40,42.4,0.0,0.1,0.1,1.335,4.008,0.0476,44.0,0.0
TW1983,50,single,6,W6-FR4 60/40,38.4,0.0,0.09,0.1,0.495,3.32,0.0467,42.0,0.0
TW1983,50,joint,6,W6-FR4 60/40,45.4,0.03,0.1,0.1,1.577,4.813,0.0486,47.0,0.05
TW1983,50,fixed50,0,W6-FR4 60/40,50.0,0.0,0.1,0.1,2.801,6.307,0.0501,50.0,0.0
TW1983,50,single,0,W7-PoS4 60/40,32.9,0.0,0.1,0.1,0.357,1.939,0.0427,36.0,0.0
TW1983,50,joint,0,W7-PoS4 60/40,39.6,0.0,0.1,0.1,1.024,2.761,0.044,41.0,0.0
TW1983,50,single,3,W7-PoS4 60/40,35.6,0.0,0.1,0.1,0.43,2.307,0.0435,39.0,0.0
TW1983,50,joint,3,W7-PoS4 60/40,42.4,0.0,0.1,0.1,1.17,3.304,0.0449,44.0,0.0
TW1983,50,single,6,W7-PoS4 60/40,38.4,0.0,0.09,0.1,0.479,2.734,0.0442,42.0,0.0
TW1983,50,joint,6,W7-PoS4 60/40,45.4,0.0,0.09,0.09,1.363,3.999,0.0458,47.0,0.0
TW1983,50,fixed50,0,W7-PoS4 60/40,50.0,0.0,0.1,0.1,2.343,5.267,0.0471,50.0,0.0
TW1983,60,single,0,FIX4 60/40,24.4,0.2,0.14,0.2,0.199,1.04,0.0068,26.0,0.59
TW1983,60,joint,0,FIX4 60/40,30.2,0.28,0.21,0.24,0.677,1.235,0.0062,31.0,0.84
TW1983,60,single,3,FIX4 60/40,26.9,0.31,0.19,0.27,0.274,1.155,0.0059,29.0,0.83
TW1983,60,joint,3,FIX4 60/40,32.9,0.42,0.31,0.39,0.759,1.35,0.0056,34.0,0.7
TW1983,60,single,6,FIX4 60/40,29.5,0.39,0.31,0.38,0.28,1.271,0.0051,32.0,0.95
TW1983,60,joint,6,FIX4 60/40,35.8,0.56,0.43,0.55,0.876,1.47,0.005,37.0,0.78
TW1983,60,fixed50,0,FIX4 60/40,50.0,1.65,1.44,1.6,1.978,1.986,0.0033,50.0,1.65
TW1983,60,single,0,FIX4 100/0,24.4,1.6,1.27,1.52,0.199,1.035,0.0029,26.0,4.11
TW1983,60,joint,0,FIX4 100/0,30.2,2.31,1.83,2.21,0.675,1.233,0.0028,31.0,3.41
TW1983,60,single,3,FIX4 100/0,26.9,2.0,1.76,1.92,0.274,1.152,0.0026,29.0,3.8
TW1983,60,joint,3,FIX4 100/0,32.9,2.82,2.4,2.7,0.755,1.348,0.0025,34.0,3.55
TW1983,60,single,6,FIX4 100/0,29.5,2.31,1.94,2.24,0.28,1.266,0.0025,32.0,3.77
TW1983,60,joint,6,FIX4 100/0,35.8,3.17,2.84,3.08,0.845,1.468,0.0023,37.0,3.79
TW1983,60,fixed50,0,FIX4 100/0,50.0,4.59,4.44,4.56,1.974,1.986,0.0019,50.0,4.59
TW1983,60,single,0,FIX3 60/40,24.4,0.0,0.0,0.0,0.15,0.78,0.0298,26.0,0.0
TW1983,60,joint,0,FIX3 60/40,30.2,0.0,0.0,0.0,0.508,0.926,0.0298,31.0,0.0
TW1983,60,single,3,FIX3 60/40,26.9,0.01,0.01,0.01,0.205,0.866,0.0199,29.0,0.06
TW1983,60,joint,3,FIX3 60/40,32.9,0.01,0.0,0.01,0.569,1.013,0.0252,34.0,0.0
TW1983,60,single,6,FIX3 60/40,29.5,0.0,0.0,0.0,0.21,0.954,0.0298,32.0,0.0
TW1983,60,joint,6,FIX3 60/40,35.8,0.0,0.0,0.0,0.657,1.103,0.0298,37.0,0.0
TW1983,60,fixed50,0,FIX3 60/40,50.0,0.02,0.01,0.02,1.484,1.489,0.0153,50.0,0.02
TW1983,60,single,0,GK4 60/40,24.4,0.0,0.1,0.14,0.21,1.366,0.0462,26.0,0.0
TW1983,60,joint,0,GK4 60/40,30.2,0.0,0.12,0.17,0.757,1.825,0.0474,31.0,0.0
TW1983,60,single,3,GK4 60/40,26.9,0.0,0.1,0.14,0.267,1.589,0.047,29.0,0.0
TW1983,60,joint,3,GK4 60/40,32.9,0.0,0.13,0.16,0.87,2.101,0.0482,34.0,0.0
TW1983,60,single,6,GK4 60/40,29.5,0.0,0.1,0.12,0.31,1.834,0.0479,32.0,0.0
TW1983,60,joint,6,GK4 60/40,35.8,0.0,0.12,0.16,1.009,2.431,0.0491,37.0,0.0
TW1983,60,fixed50,0,GK4 60/40,50.0,0.0,0.17,0.2,2.192,4.728,0.053,50.0,0.0
TW1983,60,single,0,GK5 80/20,24.4,0.0,0.64,0.8,0.263,1.639,0.0516,26.0,0.0
TW1983,60,joint,0,GK5 80/20,30.2,0.0,0.93,1.12,0.879,2.217,0.0519,31.0,0.0
TW1983,60,single,3,GK5 80/20,26.9,0.0,0.83,0.96,0.32,1.89,0.0517,29.0,0.0
TW1983,60,joint,3,GK5 80/20,32.9,0.0,1.12,1.29,0.987,2.536,0.0522,34.0,0.0
TW1983,60,single,6,GK5 80/20,29.5,0.0,0.88,1.01,0.38,2.165,0.0522,32.0,0.0
TW1983,60,joint,6,GK5 80/20,35.8,0.0,1.12,1.32,1.119,2.942,0.0526,37.0,0.0
TW1983,60,fixed50,0,GK5 80/20,50.0,0.08,1.34,1.52,2.162,5.757,0.0195,50.0,0.08
TW1983,60,single,0,GK4-fl70 60/40,24.4,0.0,0.0,0.0,0.21,1.366,0.0465,26.0,0.0
TW1983,60,joint,0,GK4-fl70 60/40,30.2,0.0,0.0,0.0,0.763,1.825,0.0477,31.0,0.0
TW1983,60,single,3,GK4-fl70 60/40,26.9,0.01,0.0,0.01,0.267,1.589,0.0473,29.0,0.06
TW1983,60,joint,3,GK4-fl70 60/40,32.9,0.0,0.0,0.0,0.877,2.101,0.0485,34.0,0.0
TW1983,60,single,6,GK4-fl70 60/40,29.5,0.0,0.0,0.0,0.31,1.833,0.0482,32.0,0.0
TW1983,60,joint,6,GK4-fl70 60/40,35.8,0.0,0.0,0.0,1.016,2.431,0.0494,37.0,0.0
TW1983,60,fixed50,0,GK4-fl70 60/40,50.0,0.06,0.02,0.05,2.184,4.728,0.0141,50.0,0.06
TW1983,60,single,0,VPW3 60/40,24.4,0.0,0.06,0.17,0.247,1.842,0.056,26.0,0.0
TW1983,60,joint,0,VPW3 60/40,30.2,0.0,0.15,0.26,0.963,2.436,0.0574,31.0,0.0
TW1983,60,single,3,VPW3 60/40,26.9,0.0,0.18,0.36,0.312,2.107,0.0565,29.0,0.0
TW1983,60,joint,3,VPW3 60/40,32.9,0.0,0.21,0.47,1.12,2.734,0.0576,34.0,0.0
TW1983,60,single,6,VPW3 60/40,29.5,0.0,0.16,0.49,0.366,2.395,0.0569,32.0,0.0
TW1983,60,joint,6,VPW3 60/40,35.8,0.0,0.31,0.87,1.302,3.039,0.0577,37.0,0.0
TW1983,60,fixed50,0,VPW3 60/40,50.0,0.0,1.83,2.73,2.278,4.532,0.0551,50.0,0.0
TW1983,60,single,0,VPW3 80/20,24.4,0.0,0.22,0.64,0.25,2.02,0.0554,26.0,0.0
TW1983,60,joint,0,VPW3 80/20,30.2,0.0,0.35,0.94,0.971,2.801,0.0567,31.0,0.0
TW1983,60,single,3,VPW3 80/20,26.9,0.0,0.35,0.91,0.314,2.359,0.0558,29.0,0.0
TW1983,60,joint,3,VPW3 80/20,32.9,0.0,0.5,1.24,1.117,3.168,0.0569,34.0,0.0
TW1983,60,single,6,VPW3 80/20,29.5,0.0,0.42,1.09,0.365,2.69,0.0562,32.0,0.0
TW1983,60,joint,6,VPW3 80/20,35.8,0.0,0.6,1.54,1.303,3.578,0.0569,37.0,0.0
TW1983,60,fixed50,0,VPW3 80/20,50.0,0.0,2.2,3.46,2.303,5.691,0.0538,50.0,0.0
TW1983,60,single,0,VPW3 100/0,24.4,0.0,0.95,2.56,0.254,2.185,0.0511,26.0,0.0
TW1983,60,joint,0,VPW3 100/0,30.2,0.0,1.4,3.21,0.934,3.153,0.0514,31.0,0.0
TW1983,60,single,3,VPW3 100/0,26.9,0.0,1.27,2.78,0.316,2.597,0.0506,29.0,0.0
TW1983,60,joint,3,VPW3 100/0,32.9,0.0,1.76,3.71,1.071,3.614,0.0506,34.0,0.0
TW1983,60,single,6,VPW3 100/0,29.5,0.0,1.59,3.34,0.365,2.989,0.0505,32.0,0.0
TW1983,60,joint,6,VPW3 100/0,35.8,0.0,1.93,4.15,1.256,4.121,0.0501,37.0,0.0
TW1983,60,fixed50,0,VPW3 100/0,50.0,0.0,3.89,6.55,2.213,7.03,0.0441,50.0,0.0
TW1983,60,single,0,RMD 60/40,24.4,0.0,11.15,81.3,0.122,1.406,0.0317,26.0,0.0
TW1983,60,joint,0,RMD 60/40,30.2,0.0,11.46,81.97,0.601,2.138,0.0334,31.0,0.0
TW1983,60,single,3,RMD 60/40,26.9,0.0,11.14,81.3,0.157,1.771,0.0327,29.0,0.0
TW1983,60,joint,3,RMD 60/40,32.9,0.0,11.47,81.98,0.745,2.67,0.0343,34.0,0.0
TW1983,60,single,6,RMD 60/40,29.5,0.01,11.17,81.53,0.188,2.216,0.0336,32.0,0.03
TW1983,60,joint,6,RMD 60/40,35.8,0.0,11.47,81.98,0.915,3.355,0.0353,37.0,0.0
TW1983,60,fixed50,0,RMD 60/40,50.0,17.34,11.47,81.98,3.984,9.795,0.0394,50.0,17.34
TW1983,60,single,0,W6-FR4 60/40,24.4,0.0,0.05,0.05,0.2,1.438,0.0454,26.0,0.0
TW1983,60,joint,0,W6-FR4 60/40,30.2,0.0,0.06,0.06,0.737,2.039,0.0471,31.0,0.0
TW1983,60,single,3,W6-FR4 60/40,26.9,0.0,0.05,0.05,0.244,1.733,0.0465,29.0,0.0
TW1983,60,joint,3,W6-FR4 60/40,32.9,0.0,0.05,0.06,0.864,2.443,0.0482,34.0,0.0
TW1983,60,single,6,W6-FR4 60/40,29.5,0.0,0.04,0.04,0.286,2.082,0.0476,32.0,0.0
TW1983,60,joint,6,W6-FR4 60/40,35.8,0.0,0.06,0.06,1.028,2.965,0.0494,37.0,0.0
TW1983,60,fixed50,0,W6-FR4 60/40,50.0,4.17,0.06,0.08,3.151,7.48,0.0356,50.0,4.17
TW1983,60,single,0,W7-PoS4 60/40,24.4,0.0,0.07,0.07,0.199,1.213,0.0425,26.0,0.0
TW1983,60,joint,0,W7-PoS4 60/40,30.2,0.0,0.07,0.07,0.679,1.664,0.0437,31.0,0.0
TW1983,60,single,3,W7-PoS4 60/40,26.9,0.0,0.05,0.05,0.243,1.431,0.0434,29.0,0.0
TW1983,60,joint,3,W7-PoS4 60/40,32.9,0.0,0.06,0.08,0.791,1.987,0.0446,34.0,0.0
TW1983,60,single,6,W7-PoS4 60/40,29.5,0.0,0.03,0.04,0.281,1.706,0.0443,32.0,0.0
TW1983,60,joint,6,W7-PoS4 60/40,35.8,0.0,0.07,0.07,0.916,2.401,0.0456,37.0,0.0
TW1983,60,fixed50,0,W7-PoS4 60/40,50.0,0.0,0.08,0.08,2.738,6.545,0.0502,50.0,0.0
TW1983,65,single,0,FIX4 60/40,20.4,0.1,0.06,0.07,0.159,0.874,0.0099,22.0,0.56
TW1983,65,joint,0,FIX4 60/40,25.6,0.16,0.11,0.13,0.554,1.064,0.0076,27.0,0.5
TW1983,65,single,3,FIX4 60/40,22.8,0.12,0.08,0.12,0.198,0.992,0.0088,25.0,0.37
TW1983,65,joint,3,FIX4 60/40,28.2,0.21,0.11,0.2,0.634,1.153,0.0073,29.0,0.38
TW1983,65,single,6,FIX4 60/40,25.3,0.15,0.12,0.15,0.237,1.076,0.0065,27.0,0.28
TW1983,65,joint,6,FIX4 60/40,31.1,0.26,0.21,0.26,0.717,1.273,0.0063,32.0,0.4
TW1983,65,fixed50,0,FIX4 60/40,45.0,0.88,0.74,0.86,1.78,1.787,0.0041,45.0,0.88
TW1983,65,single,0,FIX4 100/0,20.4,0.86,0.52,0.82,0.159,0.874,0.004,22.0,2.12
TW1983,65,joint,0,FIX4 100/0,25.6,1.48,1.11,1.43,0.553,1.037,0.0034,27.0,2.83
TW1983,65,single,3,FIX4 100/0,22.8,1.17,0.89,1.1,0.198,0.99,0.0033,25.0,2.81
TW1983,65,joint,3,FIX4 100/0,28.2,1.84,1.4,1.71,0.63,1.152,0.0031,29.0,3.14
TW1983,65,single,6,FIX4 100/0,25.3,1.53,1.27,1.5,0.237,1.074,0.003,27.0,2.8
TW1983,65,joint,6,FIX4 100/0,31.1,2.19,1.73,2.13,0.716,1.271,0.0028,32.0,2.93
TW1983,65,fixed50,0,FIX4 100/0,45.0,3.9,3.71,3.88,1.778,1.787,0.0021,45.0,3.9
TW1983,65,single,0,FIX3 60/40,20.4,0.01,0.0,0.01,0.119,0.655,0.0291,22.0,0.0
TW1983,65,joint,0,FIX3 60/40,25.6,0.01,0.0,0.01,0.415,0.799,0.0292,27.0,0.0
TW1983,65,single,3,FIX3 60/40,22.8,0.0,0.0,0.0,0.148,0.744,0.0298,25.0,0.0
TW1983,65,joint,3,FIX3 60/40,28.2,0.02,0.01,0.02,0.475,0.865,0.0187,29.0,0.03
TW1983,65,single,6,FIX3 60/40,25.3,0.01,0.01,0.01,0.177,0.808,0.0134,27.0,0.03
TW1983,65,joint,6,FIX3 60/40,31.1,0.0,0.0,0.0,0.537,0.955,0.0298,32.0,0.0
TW1983,65,fixed50,0,FIX3 60/40,45.0,0.07,0.06,0.06,1.335,1.341,0.0102,45.0,0.07
TW1983,65,single,0,GK4 60/40,20.4,0.0,0.09,0.11,0.159,1.06,0.0451,22.0,0.0
TW1983,65,joint,0,GK4 60/40,25.6,0.0,0.13,0.14,0.581,1.421,0.0461,27.0,0.0
TW1983,65,single,3,GK4 60/40,22.8,0.0,0.08,0.11,0.198,1.259,0.046,25.0,0.0
TW1983,65,joint,3,GK4 60/40,28.2,0.0,0.11,0.14,0.675,1.631,0.047,29.0,0.0
TW1983,65,single,6,GK4 60/40,25.3,0.0,0.12,0.14,0.23,1.445,0.0467,27.0,0.0
TW1983,65,joint,6,GK4 60/40,31.1,0.0,0.13,0.15,0.793,1.915,0.0479,32.0,0.0
TW1983,65,fixed50,0,GK4 60/40,45.0,0.0,0.18,0.2,1.915,3.763,0.0519,45.0,0.0
TW1983,65,single,0,GK5 80/20,20.4,0.0,0.41,0.52,0.198,1.267,0.0513,22.0,0.0
TW1983,65,joint,0,GK5 80/20,25.6,0.0,0.62,0.69,0.699,1.721,0.0509,27.0,0.0
TW1983,65,single,3,GK5 80/20,22.8,0.0,0.45,0.57,0.245,1.496,0.0522,25.0,0.0
TW1983,65,joint,3,GK5 80/20,28.2,0.0,0.66,0.79,0.797,1.983,0.0519,29.0,0.0
TW1983,65,single,6,GK5 80/20,25.3,0.0,0.55,0.66,0.279,1.734,0.0514,27.0,0.0
TW1983,65,joint,6,GK5 80/20,31.1,0.0,0.68,0.79,0.916,2.315,0.0532,32.0,0.0
TW1983,65,fixed50,0,GK5 80/20,45.0,0.1,0.89,1.01,1.925,4.626,0.0166,45.0,0.1
TW1983,65,single,0,GK4-fl70 60/40,20.4,0.01,0.0,0.01,0.159,1.06,0.0453,22.0,0.0
TW1983,65,joint,0,GK4-fl70 60/40,25.6,0.01,0.0,0.01,0.581,1.421,0.0464,27.0,0.0
TW1983,65,single,3,GK4-fl70 60/40,22.8,0.0,0.0,0.0,0.198,1.259,0.0462,25.0,0.0
TW1983,65,joint,3,GK4-fl70 60/40,28.2,0.02,0.01,0.02,0.676,1.631,0.0201,29.0,0.03
TW1983,65,single,6,GK4-fl70 60/40,25.3,0.01,0.01,0.01,0.23,1.445,0.0137,27.0,0.03
TW1983,65,joint,6,GK4-fl70 60/40,31.1,0.0,0.0,0.0,0.796,1.915,0.0482,32.0,0.0
TW1983,65,fixed50,0,GK4-fl70 60/40,45.0,0.09,0.06,0.08,1.914,3.763,0.0104,45.0,0.09
TW1983,65,single,0,VPW3 60/40,20.4,0.0,0.04,0.19,0.193,1.493,0.0576,22.0,0.0
TW1983,65,joint,0,VPW3 60/40,25.6,0.0,0.15,0.42,0.765,1.973,0.0586,27.0,0.0
TW1983,65,single,3,VPW3 60/40,22.8,0.0,0.1,0.29,0.239,1.751,0.058,25.0,0.0
TW1983,65,joint,3,VPW3 60/40,28.2,0.0,0.14,0.5,0.901,2.2,0.0588,29.0,0.0
TW1983,65,single,6,VPW3 60/40,25.3,0.0,0.22,0.55,0.279,1.965,0.0578,27.0,0.0
TW1983,65,joint,6,VPW3 60/40,31.1,0.0,0.28,0.85,1.079,2.468,0.0583,32.0,0.0
TW1983,65,fixed50,0,VPW3 60/40,45.0,0.0,1.65,3.01,2.024,3.73,0.0539,45.0,0.0
TW1983,65,single,0,VPW3 80/20,20.4,0.0,0.18,0.47,0.195,1.606,0.0571,22.0,0.0
TW1983,65,joint,0,VPW3 80/20,25.6,0.0,0.33,0.82,0.784,2.197,0.0579,27.0,0.0
TW1983,65,single,3,VPW3 80/20,22.8,0.0,0.23,0.79,0.24,1.896,0.0576,25.0,0.0
TW1983,65,joint,3,VPW3 80/20,28.2,0.0,0.37,1.0,0.924,2.497,0.0582,29.0,0.0
TW1983,65,single,6,VPW3 80/20,25.3,0.0,0.41,1.03,0.281,2.171,0.0573,27.0,0.0
TW1983,65,joint,6,VPW3 80/20,31.1,0.0,0.61,1.44,1.091,2.834,0.058,32.0,0.0
TW1983,65,fixed50,0,VPW3 80/20,45.0,0.0,2.24,3.77,2.039,4.575,0.0519,45.0,0.0
TW1983,65,single,0,VPW3 100/0,20.4,0.0,0.65,1.6,0.197,1.701,0.0525,22.0,0.0
TW1983,65,joint,0,VPW3 100/0,25.6,0.0,1.03,2.26,0.765,2.424,0.0526,27.0,0.0
TW1983,65,single,3,VPW3 100/0,22.8,0.0,0.89,2.05,0.24,2.032,0.0532,25.0,0.0
TW1983,65,joint,3,VPW3 100/0,28.2,0.0,1.26,2.86,0.907,2.776,0.0525,29.0,0.0
TW1983,65,single,6,VPW3 100/0,25.3,0.0,1.18,2.55,0.283,2.354,0.0517,27.0,0.0
TW1983,65,joint,6,VPW3 100/0,31.1,0.0,1.67,3.57,1.043,3.188,0.0524,32.0,0.0
TW1983,65,fixed50,0,VPW3 100/0,45.0,0.0,3.88,6.46,1.956,5.463,0.0409,45.0,0.0
TW1983,65,single,0,RMD 60/40,20.4,0.0,1.86,10.4,0.096,1.071,0.0335,22.0,0.0
TW1983,65,joint,0,RMD 60/40,25.6,0.0,1.94,10.68,0.453,1.634,0.0353,27.0,0.0
TW1983,65,single,3,RMD 60/40,22.8,0.0,1.81,10.36,0.121,1.375,0.0347,25.0,0.0
TW1983,65,joint,3,RMD 60/40,28.2,0.0,1.94,10.68,0.563,2.009,0.0364,29.0,0.0
TW1983,65,single,6,RMD 60/40,25.3,0.01,1.84,10.38,0.143,1.704,0.0357,27.0,0.03
TW1983,65,joint,6,RMD 60/40,31.1,0.03,1.95,10.69,0.701,2.558,0.0375,32.0,0.05
TW1983,65,fixed50,0,RMD 60/40,45.0,16.84,1.95,10.69,3.381,7.429,0.0423,45.0,16.84
TW1983,65,single,0,W6-FR4 60/40,20.4,0.0,0.02,0.02,0.158,1.132,0.046,22.0,0.0
TW1983,65,joint,0,W6-FR4 60/40,25.6,0.0,0.01,0.02,0.576,1.611,0.0476,27.0,0.0
TW1983,65,single,3,W6-FR4 60/40,22.8,0.0,0.02,0.02,0.195,1.394,0.0473,25.0,0.0
TW1983,65,joint,3,W6-FR4 60/40,28.2,0.0,0.02,0.02,0.684,1.917,0.0488,29.0,0.0
TW1983,65,single,6,W6-FR4 60/40,25.3,0.0,0.01,0.02,0.22,1.659,0.0483,27.0,0.0
TW1983,65,joint,6,W6-FR4 60/40,31.1,0.0,0.02,0.02,0.817,2.338,0.0501,32.0,0.0
TW1983,65,fixed50,0,W6-FR4 60/40,45.0,4.21,0.03,0.06,2.756,5.893,0.0349,45.0,4.21
TW1983,65,single,0,W7-PoS4 60/40,20.4,0.0,0.03,0.03,0.158,0.967,0.0426,22.0,0.0
TW1983,65,joint,0,W7-PoS4 60/40,25.6,0.0,0.03,0.04,0.542,1.313,0.0436,27.0,0.0
TW1983,65,single,3,W7-PoS4 60/40,22.8,0.0,0.02,0.02,0.197,1.156,0.0435,25.0,0.0
TW1983,65,joint,3,W7-PoS4 60/40,28.2,0.0,0.04,0.04,0.632,1.549,0.0445,29.0,0.0
TW1983,65,single,6,W7-PoS4 60/40,25.3,0.0,0.04,0.04,0.219,1.355,0.0443,27.0,0.0
TW1983,65,joint,6,W7-PoS4 60/40,31.1,0.0,0.04,0.04,0.746,1.879,0.0456,32.0,0.0
TW1983,65,fixed50,0,W7-PoS4 60/40,45.0,0.0,0.05,0.05,2.385,5.056,0.0505,45.0,0.0
