portfolio,strategy,spread,haircut,ruin_pct,spend_p5,spend_med,endw_med,sfabs15,sfabs20,sfabs25,sfabs30,ce_g2,ce_g4,ce_g8,spend_vol,spend_dd_max,spend_dd_yrs,d_ce_g2,d_ce_g4,d_ce_g8,d_sfabs20,d_spend_med,d_spend_p5
80/20,FIX4,0.0,1.0,12.88,1.126,1.968,7.2,12.43,12.47,12.51,12.53,0.0088,0.0014,0.0008,0.0159,-0.0658,0.0,0.0,0.0,0.0,0.0,0.0,0.0
80/20,VPW3,0.0,1.0,0.0,1.787,4.864,0.01,1.43,4.66,10.7,21.08,0.063,0.0423,0.0193,0.1411,-0.456,14.0,0.0,0.0,0.0,0.0,0.0,0.0
RSST,FIX4,0.0,1.0,0.04,1.958,1.969,1535.34,0.04,0.04,0.04,0.04,0.0388,0.0089,0.0017,0.0153,-0.0638,0.0,0.03,0.0075,0.0009,-12.43,0.001,0.832
RSST,VPW3,0.0,1.0,0.0,20.922,181.976,1.19,0.0,0.13,0.97,2.75,0.1896,0.0794,0.0476,0.2597,-0.3504,5.0,0.1266,0.0371,0.0283,-4.53,177.112,19.135
RSSB,FIX4,0.0,1.0,9.88,1.07,1.969,25.27,9.74,9.74,9.74,9.75,0.0093,0.0014,0.0008,0.0157,-0.0655,0.0,0.0005,0.0,0.0,-2.73,0.001,-0.056
RSSB,VPW3,0.0,1.0,0.0,2.169,9.605,0.02,2.72,6.61,12.81,21.65,0.0772,0.0376,0.0109,0.1983,-0.5348,15.0,0.0142,-0.0047,-0.0084,1.95,4.741,0.382
5050 RSSB+RSST,FIX4,0.0,1.0,0.6,1.958,1.969,248.77,0.58,0.59,0.59,0.59,0.0335,0.0038,0.0012,0.0153,-0.0639,0.0,0.0247,0.0024,0.0004,-11.88,0.001,0.832
5050 RSSB+RSST,VPW3,0.0,1.0,0.0,7.344,42.666,0.17,0.03,0.34,1.82,5.58,0.1389,0.069,0.0418,0.2142,-0.3847,8.0,0.0759,0.0267,0.0225,-4.32,37.802,5.557
RSST,FIX4,0.0,0.5,0.87,1.957,1.969,142.27,0.87,0.87,0.87,0.87,0.0314,0.0034,0.0011,0.0153,-0.0639,0.0,0.0226,0.002,0.0003,-11.6,0.001,0.831
RSST,VPW3,0.0,0.5,0.0,5.693,28.196,0.1,0.05,0.51,2.13,6.61,0.1257,0.0663,0.0402,0.2014,-0.3998,8.0,0.0627,0.024,0.0209,-4.15,23.332,3.906
RSSB,FIX4,0.0,0.5,9.88,1.07,1.969,25.27,9.74,9.74,9.74,9.75,0.0093,0.0014,0.0008,0.0157,-0.0655,0.0,0.0005,0.0,0.0,-2.73,0.001,-0.056
RSSB,VPW3,0.0,0.5,0.0,2.169,9.605,0.02,2.72,6.61,12.81,21.65,0.0772,0.0376,0.0109,0.1983,-0.5348,15.0,0.0142,-0.0047,-0.0084,1.95,4.741,0.382
5050 RSSB+RSST,FIX4,0.0,0.5,3.26,1.955,1.969,65.31,3.17,3.19,3.2,3.22,0.02,0.0022,0.0009,0.0154,-0.0642,0.0,0.0112,0.0008,0.0001,-9.28,0.001,0.829
5050 RSSB+RSST,VPW3,0.0,0.5,0.0,3.642,16.783,0.05,0.38,1.59,4.92,11.16,0.1034,0.0569,0.0304,0.1939,-0.4458,11.0,0.0404,0.0146,0.0111,-3.07,11.919,1.855
RSST,FIX4,0.0,0.25,4.9,1.947,1.969,36.06,4.78,4.79,4.81,4.83,0.016,0.0019,0.0009,0.0155,-0.0644,0.0,0.0072,0.0005,0.0001,-7.68,0.001,0.821
RSST,VPW3,0.0,0.25,0.0,2.897,11.485,0.03,0.65,2.19,6.32,13.89,0.0908,0.0526,0.0251,0.1822,-0.4612,12.0,0.0278,0.0103,0.0058,-2.47,6.621,1.11
RSSB,FIX4,0.0,0.25,9.88,1.07,1.969,25.27,9.74,9.74,9.74,9.75,0.0093,0.0014,0.0008,0.0157,-0.0655,0.0,0.0005,0.0,0.0,-2.73,0.001,-0.056
RSSB,VPW3,0.0,0.25,0.0,2.169,9.605,0.02,2.72,6.61,12.81,21.65,0.0772,0.0376,0.0109,0.1983,-0.5348,15.0,0.0142,-0.0047,-0.0084,1.95,4.741,0.382
5050 RSSB+RSST,FIX4,0.0,0.25,6.69,1.396,1.969,31.51,6.52,6.53,6.53,6.56,0.0128,0.0017,0.0008,0.0155,-0.0647,0.0,0.004,0.0003,0.0,-5.94,0.001,0.27
5050 RSSB+RSST,VPW3,0.0,0.25,0.0,2.575,10.691,0.02,1.08,3.68,8.04,16.34,0.0857,0.0478,0.0202,0.1865,-0.4851,13.0,0.0227,0.0055,0.0009,-0.98,5.827,0.788
RSST,FIX4,0.0,0.0,18.3,0.904,1.968,6.87,17.7,17.76,17.82,17.86,0.006,0.0012,0.0007,0.0163,-0.0676,0.0,-0.0028,-0.0002,-0.0001,5.29,0.0,-0.222
RSST,VPW3,0.0,0.0,0.0,1.514,4.974,0.01,4.89,10.47,18.96,30.22,0.0575,0.0299,0.0082,0.1705,-0.5528,18.0,-0.0055,-0.0124,-0.0111,5.81,0.11,-0.273
RSSB,FIX4,0.0,0.0,9.88,1.07,1.969,25.27,9.74,9.74,9.74,9.75,0.0093,0.0014,0.0008,0.0157,-0.0655,0.0,0.0005,0.0,0.0,-2.73,0.001,-0.056
RSSB,VPW3,0.0,0.0,0.0,2.169,9.605,0.02,2.72,6.61,12.81,21.65,0.0772,0.0376,0.0109,0.1983,-0.5348,15.0,0.0142,-0.0047,-0.0084,1.95,4.741,0.382
5050 RSSB+RSST,FIX4,0.0,0.0,12.47,1.012,1.968,13.87,12.17,12.2,12.24,12.26,0.008,0.0014,0.0008,0.0159,-0.0659,0.0,-0.0008,0.0,0.0,-0.27,0.0,-0.114
5050 RSSB+RSST,VPW3,0.0,0.0,0.0,1.84,6.944,0.01,2.97,7.43,13.88,23.8,0.0685,0.0363,0.0117,0.1812,-0.5307,16.0,0.0055,-0.006,-0.0076,2.77,2.08,0.053
RSST,FIX4,0.005,1.0,0.13,1.958,1.969,1180.69,0.13,0.13,0.13,0.13,0.038,0.0064,0.0015,0.0153,-0.0638,0.0,0.0292,0.005,0.0007,-12.34,0.001,0.832
RSST,VPW3,0.005,1.0,0.0,17.204,147.251,0.88,0.0,0.18,1.09,3.24,0.1812,0.0776,0.0463,0.2585,-0.3609,6.0,0.1182,0.0353,0.027,-4.48,142.387,15.417
RSSB,FIX4,0.005,1.0,12.44,0.969,1.969,18.22,12.17,12.19,12.2,12.22,0.0078,0.0013,0.0008,0.0159,-0.066,0.0,-0.001,-0.0001,0.0,-0.28,0.001,-0.157
RSSB,VPW3,0.005,1.0,0.0,1.896,8.102,0.01,3.79,8.38,15.35,24.8,0.0704,0.0328,0.0088,0.1974,-0.5499,17.0,0.0074,-0.0095,-0.0105,3.72,3.238,0.109
5050 RSSB+RSST,FIX4,0.005,1.0,0.91,1.957,1.969,188.78,0.87,0.87,0.87,0.89,0.031,0.0033,0.0011,0.0153,-0.0639,0.0,0.0222,0.0019,0.0003,-11.6,0.001,0.831
5050 RSSB+RSST,VPW3,0.005,1.0,0.0,6.174,34.994,0.13,0.06,0.51,2.48,6.6,0.1307,0.0664,0.0395,0.2132,-0.3985,8.0,0.0677,0.0241,0.0202,-4.15,30.13,4.387
RSST,FIX4,0.005,0.5,1.43,1.957,1.969,107.5,1.4,1.4,1.4,1.42,0.0279,0.0029,0.0011,0.0153,-0.0639,0.0,0.0191,0.0015,0.0003,-11.07,0.001,0.831
RSST,VPW3,0.005,0.5,0.0,4.847,23.256,0.08,0.13,0.66,2.81,7.74,0.1176,0.0635,0.0377,0.2005,-0.412,9.0,0.0546,0.0212,0.0184,-4.0,18.392,3.06
RSSB,FIX4,0.005,0.5,12.44,0.969,1.969,18.22,12.17,12.19,12.2,12.22,0.0078,0.0013,0.0008,0.0159,-0.066,0.0,-0.001,-0.0001,0.0,-0.28,0.001,-0.157
RSSB,VPW3,0.005,0.5,0.0,1.896,8.102,0.01,3.79,8.38,15.35,24.8,0.0704,0.0328,0.0088,0.1974,-0.5499,17.0,0.0074,-0.0095,-0.0105,3.72,3.238,0.109
5050 RSSB+RSST,FIX4,0.005,0.5,4.72,1.951,1.969,48.67,4.66,4.66,4.66,4.66,0.0164,0.0019,0.0009,0.0155,-0.0644,0.0,0.0076,0.0005,0.0001,-7.81,0.001,0.825
5050 RSSB+RSST,VPW3,0.005,0.5,0.0,3.141,14.044,0.03,0.72,2.29,6.23,13.29,0.0958,0.0532,0.0263,0.193,-0.4615,12.0,0.0328,0.0109,0.007,-2.37,9.18,1.354
RSST,FIX4,0.005,0.25,6.72,1.426,1.969,26.55,6.61,6.62,6.64,6.64,0.013,0.0017,0.0008,0.0155,-0.0647,0.0,0.0042,0.0003,0.0,-5.85,0.001,0.3
RSST,VPW3,0.005,0.25,0.0,2.498,9.65,0.02,0.94,3.34,8.06,16.34,0.0835,0.0484,0.0207,0.1814,-0.4783,13.0,0.0205,0.0061,0.0014,-1.32,4.786,0.711
RSSB,FIX4,0.005,0.25,12.44,0.969,1.969,18.22,12.17,12.19,12.2,12.22,0.0078,0.0013,0.0008,0.0159,-0.066,0.0,-0.001,-0.0001,0.0,-0.28,0.001,-0.157
RSSB,VPW3,0.005,0.25,0.0,1.896,8.102,0.01,3.79,8.38,15.35,24.8,0.0704,0.0328,0.0088,0.1974,-0.5499,17.0,0.0074,-0.0095,-0.0105,3.72,3.238,0.109
5050 RSSB+RSST,FIX4,0.005,0.25,8.53,1.181,1.969,22.98,8.39,8.39,8.4,8.41,0.0106,0.0015,0.0008,0.0157,-0.065,0.0,0.0018,0.0001,0.0,-4.08,0.001,0.055
5050 RSSB+RSST,VPW3,0.005,0.25,0.0,2.235,8.99,0.02,1.59,4.82,10.18,19.13,0.0785,0.0433,0.0165,0.1857,-0.5016,14.0,0.0155,0.001,-0.0028,0.16,4.126,0.448
RSST,FIX4,0.005,0.0,22.58,0.841,1.967,4.6,22.09,22.12,22.17,22.22,0.0049,0.0011,0.0007,0.0166,-0.0691,0.0,-0.0039,-0.0003,-0.0001,9.65,-0.001,-0.285
RSST,VPW3,0.005,0.0,0.0,1.333,4.257,0.0,6.81,13.6,23.03,34.66,0.0516,0.0254,0.0065,0.1697,-0.573,20.0,-0.0114,-0.0169,-0.0128,8.94,-0.607,-0.454
RSSB,FIX4,0.005,0.0,12.44,0.969,1.969,18.22,12.17,12.19,12.2,12.22,0.0078,0.0013,0.0008,0.0159,-0.066,0.0,-0.001,-0.0001,0.0,-0.28,0.001,-0.157
RSSB,VPW3,0.005,0.0,0.0,1.896,8.102,0.01,3.79,8.38,15.35,24.8,0.0704,0.0328,0.0088,0.1974,-0.5499,17.0,0.0074,-0.0095,-0.0105,3.72,3.238,0.109
5050 RSSB+RSST,FIX4,0.005,0.0,15.86,0.923,1.968,9.82,15.52,15.54,15.56,15.59,0.0066,0.0012,0.0007,0.0161,-0.0669,0.0,-0.0022,-0.0002,-0.0001,3.07,0.0,-0.203
5050 RSSB+RSST,VPW3,0.005,0.0,0.0,1.616,5.889,0.01,4.38,9.59,17.05,27.4,0.062,0.0315,0.0093,0.1804,-0.55,18.0,-0.001,-0.0108,-0.01,4.93,1.025,-0.171
RSST,FIX4,0.01,1.0,0.17,1.958,1.969,909.34,0.17,0.17,0.17,0.17,0.0373,0.0056,0.0014,0.0153,-0.0638,0.0,0.0285,0.0042,0.0006,-12.3,0.001,0.832
RSST,VPW3,0.01,1.0,0.0,14.222,119.029,0.66,0.02,0.25,1.31,3.58,0.1727,0.0757,0.0448,0.2574,-0.3706,7.0,0.1097,0.0334,0.0255,-4.41,114.165,12.435
RSSB,FIX4,0.01,1.0,15.21,0.892,1.968,12.88,14.99,15.02,15.02,15.05,0.0065,0.0012,0.0007,0.0161,-0.0669,0.0,-0.0023,-0.0002,-0.0001,2.55,0.0,-0.234
RSSB,VPW3,0.01,1.0,0.0,1.647,6.843,0.01,5.17,10.77,18.21,28.29,0.0638,0.0281,0.007,0.1965,-0.5674,18.0,0.0008,-0.0142,-0.0123,6.11,1.979,-0.14
5050 RSSB+RSST,FIX4,0.01,1.0,1.45,1.957,1.969,143.09,1.44,1.44,1.44,1.44,0.0277,0.0028,0.0011,0.0154,-0.0639,0.0,0.0189,0.0014,0.0003,-11.03,0.001,0.831
5050 RSSB+RSST,VPW3,0.01,1.0,0.0,5.229,28.877,0.1,0.13,0.8,3.09,7.96,0.1225,0.0636,0.0369,0.2122,-0.4111,9.0,0.0595,0.0213,0.0176,-3.86,24.013,3.442
RSST,FIX4,0.01,0.5,2.16,1.956,1.969,80.87,2.12,2.12,2.13,2.13,0.0243,0.0025,0.001,0.0154,-0.064,0.0,0.0155,0.0011,0.0002,-10.35,0.001,0.83
RSST,VPW3,0.01,0.5,0.0,4.135,19.265,0.06,0.23,1.11,3.87,9.27,0.1097,0.0605,0.0347,0.1995,-0.4264,10.0,0.0467,0.0182,0.0154,-3.55,14.401,2.348
RSSB,FIX4,0.01,0.5,15.21,0.892,1.968,12.88,14.99,15.02,15.02,15.05,0.0065,0.0012,0.0007,0.0161,-0.0669,0.0,-0.0023,-0.0002,-0.0001,2.55,0.0,-0.234
RSSB,VPW3,0.01,0.5,0.0,1.647,6.843,0.01,5.17,10.77,18.21,28.29,0.0638,0.0281,0.007,0.1965,-0.5674,18.0,0.0008,-0.0142,-0.0123,6.11,1.979,-0.14
5050 RSSB+RSST,FIX4,0.01,0.5,6.13,1.484,1.969,36.01,5.95,5.95,5.96,5.98,0.0135,0.0017,0.0008,0.0155,-0.0647,0.0,0.0047,0.0003,0.0,-6.52,0.001,0.358
5050 RSSB+RSST,VPW3,0.01,0.5,0.0,2.702,11.698,0.02,1.02,3.35,7.75,15.68,0.0883,0.049,0.022,0.1921,-0.4775,13.0,0.0253,0.0067,0.0027,-1.31,6.834,0.915
RSST,FIX4,0.01,0.25,8.85,1.199,1.969,19.12,8.65,8.69,8.69,8.71,0.0106,0.0015,0.0008,0.0157,-0.065,0.0,0.0018,0.0001,0.0,-3.78,0.001,0.073
RSST,VPW3,0.01,0.25,0.0,2.169,8.123,0.01,1.5,4.71,10.07,19.17,0.0764,0.044,0.0167,0.1805,-0.4962,15.0,0.0134,0.0017,-0.0026,0.05,3.259,0.382
RSSB,FIX4,0.01,0.25,15.21,0.892,1.968,12.88,14.99,15.02,15.02,15.05,0.0065,0.0012,0.0007,0.0161,-0.0669,0.0,-0.0023,-0.0002,-0.0001,2.55,0.0,-0.234
RSSB,VPW3,0.01,0.25,0.0,1.647,6.843,0.01,5.17,10.77,18.21,28.29,0.0638,0.0281,0.007,0.1965,-0.5674,18.0,0.0008,-0.0142,-0.0123,6.11,1.979,-0.14
5050 RSSB+RSST,FIX4,0.01,0.25,11.09,1.043,1.969,16.5,10.84,10.86,10.88,10.9,0.0087,0.0014,0.0008,0.0158,-0.0655,0.0,-0.0001,0.0,0.0,-1.61,0.001,-0.083
5050 RSSB+RSST,VPW3,0.01,0.25,0.0,1.947,7.601,0.01,2.51,6.62,12.76,22.27,0.0716,0.0385,0.0132,0.1848,-0.5196,16.0,0.0086,-0.0038,-0.0061,1.96,2.737,0.16
RSST,FIX4,0.01,0.0,27.84,0.789,1.967,2.9,27.11,27.14,27.19,27.23,0.0041,0.001,0.0007,0.0171,-0.0714,0.0,-0.0047,-0.0004,-0.0001,14.67,-0.001,-0.337
RSST,VPW3,0.01,0.0,0.0,1.186,3.664,0.0,9.29,17.58,28.06,39.95,0.0461,0.0212,0.0051,0.1689,-0.5934,22.0,-0.0169,-0.0211,-0.0142,12.92,-1.2,-0.601
RSSB,FIX4,0.01,0.0,15.21,0.892,1.968,12.88,14.99,15.02,15.02,15.05,0.0065,0.0012,0.0007,0.0161,-0.0669,0.0,-0.0023,-0.0002,-0.0001,2.55,0.0,-0.234
RSSB,VPW3,0.01,0.0,0.0,1.647,6.843,0.01,5.17,10.77,18.21,28.29,0.0638,0.0281,0.007,0.1965,-0.5674,18.0,0.0008,-0.0142,-0.0123,6.11,1.979,-0.14
5050 RSSB+RSST,FIX4,0.01,0.0,19.66,0.855,1.968,6.74,19.18,19.24,19.29,19.34,0.0054,0.0012,0.0007,0.0164,-0.0682,0.0,-0.0034,-0.0002,-0.0001,6.77,0.0,-0.271
5050 RSSB+RSST,VPW3,0.01,0.0,0.0,1.428,5.006,0.01,6.13,12.23,20.69,31.96,0.0558,0.0269,0.0074,0.1795,-0.5703,20.0,-0.0072,-0.0154,-0.0119,7.57,0.142,-0.359
