engine,floor_ratio,alloc,rule,smile,feasible_pct,invest0,ladder_cost,ann_prem,ruin_alive_pct,breach1_pct,breach3_pct,life_p5,life_med,avg_p5,avg_med,ce_g4,spend_vol,spend_dd_max,spend_dd_yrs,bequest_med,capit_pct
US1934,0.5,60/40,FIX,flat,100.0,1.0,0.0,0.0,3.08,2.77,2.03,0.16,0.88,0.04,0.04,0.0027,0.0,0.0,0.0,4.562,0.0
US1934,0.5,60/40,FIX,-1%/75/+2%,100.0,1.0,0.0,0.0,3.44,3.11,2.16,0.158,0.868,0.038,0.0394,0.0027,0.014,0.096,0.0,4.631,0.0
US1934,0.5,60/40,FIX,-1%/80/+2%,100.0,1.0,0.0,0.0,2.18,1.99,1.42,0.158,0.816,0.0369,0.0377,0.0031,0.014,0.14,0.0,4.841,0.0
US1934,0.5,60/40,FIX,-2%/75/+3%,100.0,1.0,0.0,0.0,3.04,2.63,1.8,0.155,0.83,0.0359,0.0381,0.0029,0.024,0.183,0.0,4.82,0.0
US1934,0.5,60/40,FIX,0%/75/+2%,100.0,1.0,0.0,0.0,5.25,4.71,3.44,0.16,0.936,0.04,0.0422,0.0023,0.01,0.0,0.0,4.323,0.0
US1934,0.5,60/40,GK,flat,100.0,1.0,0.0,0.0,0.01,0.01,0.0,0.16,0.862,0.0291,0.0415,0.0368,0.042,0.1,0.0,4.38,0.0
US1934,0.5,60/40,GK,-1%/75/+2%,100.0,1.0,0.0,0.0,0.09,0.06,0.03,0.158,0.872,0.0297,0.0417,0.0151,0.043,0.127,0.0,4.333,0.0
US1934,0.5,60/40,GK,-1%/80/+2%,100.0,1.0,0.0,0.0,0.02,0.0,0.0,0.158,0.848,0.029,0.0411,0.0366,0.042,0.118,0.0,4.461,0.0
US1934,0.5,60/40,GK,-2%/75/+3%,100.0,1.0,0.0,0.0,0.07,0.05,0.01,0.155,0.868,0.0296,0.0416,0.0178,0.044,0.149,0.0,4.365,0.0
US1934,0.5,60/40,GK,0%/75/+2%,100.0,1.0,0.0,0.0,0.21,0.2,0.07,0.16,0.891,0.0303,0.0423,0.0096,0.043,0.1,0.0,4.217,0.0
US1934,0.5,60/40,VPW,flat,100.0,1.0,0.0,0.0,0.09,0.06,0.02,0.185,1.153,0.0355,0.0548,0.0152,0.12,0.344,4.0,2.427,0.0
US1934,0.5,60/40,VPW,-1%/75/+2%,100.0,1.0,0.0,0.0,0.37,0.31,0.11,0.185,1.157,0.0357,0.0548,0.0084,0.119,0.344,4.0,2.427,0.0
US1934,0.5,60/40,VPW,-1%/80/+2%,100.0,1.0,0.0,0.0,0.19,0.13,0.03,0.185,1.154,0.0355,0.0548,0.0127,0.119,0.344,4.0,2.427,0.0
US1934,0.5,60/40,VPW,-2%/75/+3%,100.0,1.0,0.0,0.0,0.52,0.45,0.15,0.185,1.158,0.0357,0.0548,0.0076,0.119,0.344,4.0,2.427,0.0
US1934,0.5,60/40,VPW,0%/75/+2%,100.0,1.0,0.0,0.0,0.62,0.55,0.24,0.185,1.159,0.0358,0.0548,0.0066,0.118,0.344,4.0,2.427,0.0
US1934,0.5,80/20,VPW,flat,100.0,1.0,0.0,0.0,0.15,0.12,0.05,0.185,1.269,0.0357,0.0609,0.0114,0.145,0.376,5.0,3.793,0.0
US1934,0.5,80/20,VPW,-1%/75/+2%,100.0,1.0,0.0,0.0,0.39,0.34,0.16,0.185,1.271,0.0359,0.0609,0.0074,0.144,0.376,5.0,3.793,0.0
US1934,0.5,80/20,VPW,-1%/80/+2%,100.0,1.0,0.0,0.0,0.18,0.13,0.05,0.185,1.269,0.0357,0.0609,0.0105,0.145,0.376,5.0,3.793,0.0
US1934,0.5,80/20,VPW,-2%/75/+3%,100.0,1.0,0.0,0.0,0.47,0.42,0.21,0.185,1.271,0.0359,0.0609,0.0072,0.144,0.376,5.0,3.793,0.0
US1934,0.5,80/20,VPW,0%/75/+2%,100.0,1.0,0.0,0.0,0.65,0.58,0.29,0.185,1.271,0.036,0.0609,0.006,0.144,0.376,5.0,3.792,0.0
US1934,0.5,100/0,VPW,flat,100.0,1.0,0.0,0.0,0.32,0.31,0.2,0.184,1.377,0.0347,0.0668,0.0066,0.172,0.428,5.0,5.598,0.0
US1934,0.5,100/0,VPW,-1%/75/+2%,100.0,1.0,0.0,0.0,0.59,0.53,0.32,0.184,1.38,0.0349,0.0669,0.0056,0.172,0.428,5.0,5.598,0.0
US1934,0.5,100/0,VPW,-1%/80/+2%,100.0,1.0,0.0,0.0,0.33,0.31,0.16,0.184,1.378,0.0347,0.0668,0.0072,0.172,0.428,5.0,5.598,0.0
US1934,0.5,100/0,VPW,-2%/75/+3%,100.0,1.0,0.0,0.0,0.64,0.58,0.35,0.184,1.38,0.0349,0.0669,0.0056,0.172,0.428,5.0,5.598,0.0
US1934,0.5,100/0,VPW,0%/75/+2%,100.0,1.0,0.0,0.0,0.78,0.7,0.49,0.184,1.38,0.035,0.0669,0.0048,0.172,0.428,5.0,5.598,0.0
US1934,0.7,60/40,FIX,flat,100.0,1.0,0.0,0.0,3.16,2.83,2.08,0.16,0.88,0.04,0.04,0.0027,0.0,0.0,0.0,4.562,0.0
US1934,0.7,60/40,FIX,-1%/75/+2%,100.0,1.0,0.0,0.0,3.52,3.23,2.23,0.158,0.868,0.038,0.0394,0.0027,0.014,0.096,0.0,4.631,0.0
US1934,0.7,60/40,FIX,-1%/80/+2%,100.0,1.0,0.0,0.0,2.2,2.05,1.44,0.158,0.816,0.0369,0.0377,0.0031,0.014,0.14,0.0,4.841,0.0
US1934,0.7,60/40,FIX,-2%/75/+3%,100.0,1.0,0.0,0.0,3.1,2.71,1.9,0.155,0.83,0.0359,0.0381,0.0029,0.024,0.183,0.0,4.82,0.0
US1934,0.7,60/40,FIX,0%/75/+2%,100.0,1.0,0.0,0.0,5.29,4.8,3.53,0.16,0.936,0.04,0.0422,0.0023,0.01,0.0,0.0,4.323,0.0
US1934,0.7,60/40,GK,flat,100.0,1.0,0.0,0.0,0.43,0.4,0.27,0.16,0.879,0.0309,0.0415,0.0059,0.04,0.1,0.0,4.36,0.0
US1934,0.7,60/40,GK,-1%/75/+2%,100.0,1.0,0.0,0.0,0.71,0.6,0.37,0.158,0.893,0.0316,0.0418,0.0053,0.041,0.127,0.0,4.319,0.0
US1934,0.7,60/40,GK,-1%/80/+2%,100.0,1.0,0.0,0.0,0.34,0.31,0.17,0.158,0.859,0.0302,0.0411,0.0069,0.041,0.118,0.0,4.446,0.0
US1934,0.7,60/40,GK,-2%/75/+3%,100.0,1.0,0.0,0.0,0.74,0.59,0.32,0.155,0.887,0.0313,0.0417,0.0055,0.043,0.149,0.0,4.358,0.0
US1934,0.7,60/40,GK,0%/75/+2%,100.0,1.0,0.0,0.0,1.25,1.09,0.68,0.16,0.922,0.0332,0.0424,0.0042,0.041,0.1,0.0,4.187,0.0
US1934,0.7,60/40,VPW,flat,100.0,1.0,0.0,0.0,0.85,0.78,0.45,0.185,1.158,0.0359,0.0548,0.005,0.117,0.344,4.0,2.423,0.0
US1934,0.7,60/40,VPW,-1%/75/+2%,100.0,1.0,0.0,0.0,1.5,1.28,0.79,0.185,1.164,0.0364,0.0548,0.0042,0.116,0.341,4.0,2.42,0.0
US1934,0.7,60/40,VPW,-1%/80/+2%,100.0,1.0,0.0,0.0,0.87,0.75,0.38,0.185,1.162,0.036,0.0548,0.0053,0.117,0.344,4.0,2.425,0.0
US1934,0.7,60/40,VPW,-2%/75/+3%,100.0,1.0,0.0,0.0,1.71,1.41,0.81,0.185,1.166,0.0364,0.0549,0.0042,0.116,0.34,4.0,2.421,0.0
US1934,0.7,60/40,VPW,0%/75/+2%,100.0,1.0,0.0,0.0,2.16,1.86,1.12,0.185,1.167,0.0369,0.0549,0.0036,0.115,0.337,4.0,2.412,0.0
US1934,0.7,80/20,VPW,flat,100.0,1.0,0.0,0.0,0.91,0.8,0.53,0.185,1.27,0.0361,0.0609,0.0046,0.142,0.376,5.0,3.79,0.0
US1934,0.7,80/20,VPW,-1%/75/+2%,100.0,1.0,0.0,0.0,1.46,1.34,0.79,0.185,1.276,0.0364,0.0609,0.0041,0.142,0.375,5.0,3.792,0.0
US1934,0.7,80/20,VPW,-1%/80/+2%,100.0,1.0,0.0,0.0,0.87,0.79,0.45,0.185,1.273,0.0361,0.0609,0.0049,0.143,0.376,5.0,3.792,0.0
US1934,0.7,80/20,VPW,-2%/75/+3%,100.0,1.0,0.0,0.0,1.56,1.38,0.8,0.185,1.279,0.0365,0.0609,0.0041,0.142,0.375,5.0,3.791,0.0
US1934,0.7,80/20,VPW,0%/75/+2%,100.0,1.0,0.0,0.0,1.97,1.87,1.25,0.185,1.28,0.0368,0.061,0.0035,0.141,0.372,5.0,3.778,0.0
US1934,0.7,100/0,VPW,flat,100.0,1.0,0.0,0.0,1.35,1.23,0.84,0.185,1.38,0.0353,0.0668,0.0038,0.169,0.406,5.0,5.585,0.0
US1934,0.7,100/0,VPW,-1%/75/+2%,100.0,1.0,0.0,0.0,1.8,1.65,1.13,0.185,1.383,0.0357,0.0669,0.0035,0.169,0.424,5.0,5.595,0.0
US1934,0.7,100/0,VPW,-1%/80/+2%,100.0,1.0,0.0,0.0,1.19,1.05,0.67,0.185,1.381,0.0352,0.0668,0.0041,0.17,0.425,5.0,5.595,0.0
US1934,0.7,100/0,VPW,-2%/75/+3%,100.0,1.0,0.0,0.0,1.8,1.61,1.04,0.185,1.386,0.0357,0.0669,0.0036,0.17,0.425,5.0,5.596,0.0
US1934,0.7,100/0,VPW,0%/75/+2%,100.0,1.0,0.0,0.0,2.48,2.27,1.57,0.185,1.387,0.0361,0.0669,0.0031,0.168,0.404,5.0,5.576,0.0
TW1983,0.5,60/40,FIX,flat,100.0,1.0,0.0,0.0,0.06,0.05,0.02,0.16,0.88,0.04,0.04,0.0115,0.0,0.0,0.0,13.71,0.0
TW1983,0.5,60/40,FIX,-1%/75/+2%,100.0,1.0,0.0,0.0,0.07,0.06,0.04,0.158,0.868,0.038,0.0397,0.0108,0.014,0.096,0.0,13.928,0.0
TW1983,0.5,60/40,FIX,-1%/80/+2%,100.0,1.0,0.0,0.0,0.03,0.03,0.02,0.158,0.816,0.0369,0.0377,0.013,0.014,0.14,0.0,14.267,0.0
TW1983,0.5,60/40,FIX,-2%/75/+3%,100.0,1.0,0.0,0.0,0.05,0.05,0.03,0.155,0.83,0.0359,0.0384,0.0118,0.024,0.183,0.0,14.352,0.0
TW1983,0.5,60/40,FIX,0%/75/+2%,100.0,1.0,0.0,0.0,0.17,0.13,0.08,0.16,0.936,0.04,0.0426,0.0086,0.01,0.0,0.0,13.324,0.0
TW1983,0.5,60/40,GK,flat,100.0,1.0,0.0,0.0,0.0,0.0,0.0,0.16,1.019,0.0367,0.0474,0.0444,0.037,0.0,0.0,12.495,0.0
TW1983,0.5,60/40,GK,-1%/75/+2%,100.0,1.0,0.0,0.0,0.0,0.0,0.0,0.158,1.028,0.0366,0.048,0.0446,0.037,0.049,0.0,12.442,0.0
TW1983,0.5,60/40,GK,-1%/80/+2%,100.0,1.0,0.0,0.0,0.0,0.0,0.0,0.158,0.983,0.0361,0.0463,0.0435,0.037,0.068,0.0,12.867,0.0
TW1983,0.5,60/40,GK,-2%/75/+3%,100.0,1.0,0.0,0.0,0.0,0.0,0.0,0.155,1.015,0.036,0.0473,0.0439,0.038,0.092,0.0,12.641,0.0
TW1983,0.5,60/40,GK,0%/75/+2%,100.0,1.0,0.0,0.0,0.0,0.0,0.0,0.16,1.061,0.0373,0.0494,0.0458,0.037,0.0,0.0,11.967,0.0
TW1983,0.5,60/40,VPW,flat,100.0,1.0,0.0,0.0,0.0,0.0,0.0,0.191,1.485,0.0449,0.0675,0.0579,0.118,0.236,1.0,6.431,0.0
TW1983,0.5,60/40,VPW,-1%/75/+2%,100.0,1.0,0.0,0.0,0.0,0.0,0.0,0.191,1.485,0.0449,0.0675,0.058,0.118,0.236,1.0,6.431,0.0
TW1983,0.5,60/40,VPW,-1%/80/+2%,100.0,1.0,0.0,0.0,0.0,0.0,0.0,0.191,1.485,0.0449,0.0675,0.058,0.118,0.236,1.0,6.431,0.0
TW1983,0.5,60/40,VPW,-2%/75/+3%,100.0,1.0,0.0,0.0,0.0,0.0,0.0,0.191,1.485,0.0449,0.0675,0.0581,0.118,0.236,1.0,6.431,0.0
TW1983,0.5,60/40,VPW,0%/75/+2%,100.0,1.0,0.0,0.0,0.0,0.0,0.0,0.191,1.485,0.0449,0.0675,0.0581,0.118,0.236,1.0,6.431,0.0
TW1983,0.5,80/20,VPW,flat,100.0,1.0,0.0,0.0,0.0,0.0,0.0,0.193,1.596,0.0434,0.0737,0.0577,0.135,0.308,2.0,9.054,0.0
TW1983,0.5,80/20,VPW,-1%/75/+2%,100.0,1.0,0.0,0.0,0.0,0.0,0.0,0.193,1.596,0.0434,0.0737,0.0579,0.135,0.308,2.0,9.054,0.0
TW1983,0.5,80/20,VPW,-1%/80/+2%,100.0,1.0,0.0,0.0,0.0,0.0,0.0,0.193,1.596,0.0434,0.0737,0.0577,0.135,0.308,2.0,9.054,0.0
TW1983,0.5,80/20,VPW,-2%/75/+3%,100.0,1.0,0.0,0.0,0.01,0.0,0.0,0.193,1.596,0.0434,0.0737,0.0579,0.135,0.308,2.0,9.054,0.0
TW1983,0.5,80/20,VPW,0%/75/+2%,100.0,1.0,0.0,0.0,0.02,0.02,0.0,0.193,1.596,0.0434,0.0737,0.058,0.135,0.308,2.0,9.054,0.0
TW1983,0.5,100/0,VPW,flat,100.0,1.0,0.0,0.0,0.02,0.02,0.01,0.195,1.686,0.0409,0.0799,0.0201,0.158,0.379,4.0,12.036,0.0
TW1983,0.5,100/0,VPW,-1%/75/+2%,100.0,1.0,0.0,0.0,0.06,0.05,0.02,0.195,1.687,0.0409,0.0799,0.0146,0.158,0.379,4.0,12.037,0.0
TW1983,0.5,100/0,VPW,-1%/80/+2%,100.0,1.0,0.0,0.0,0.04,0.03,0.0,0.195,1.686,0.0409,0.0799,0.0272,0.158,0.379,4.0,12.037,0.0
TW1983,0.5,100/0,VPW,-2%/75/+3%,100.0,1.0,0.0,0.0,0.06,0.05,0.03,0.195,1.687,0.0409,0.0799,0.0141,0.158,0.379,4.0,12.037,0.0
TW1983,0.5,100/0,VPW,0%/75/+2%,100.0,1.0,0.0,0.0,0.06,0.06,0.04,0.195,1.687,0.041,0.0799,0.0122,0.158,0.379,4.0,12.036,0.0
TW1983,0.7,60/40,FIX,flat,100.0,1.0,0.0,0.0,0.06,0.06,0.02,0.16,0.88,0.04,0.04,0.0111,0.0,0.0,0.0,13.71,0.0
TW1983,0.7,60/40,FIX,-1%/75/+2%,100.0,1.0,0.0,0.0,0.07,0.06,0.04,0.158,0.868,0.038,0.0397,0.0108,0.014,0.096,0.0,13.928,0.0
TW1983,0.7,60/40,FIX,-1%/80/+2%,100.0,1.0,0.0,0.0,0.03,0.03,0.02,0.158,0.816,0.0369,0.0377,0.013,0.014,0.14,0.0,14.267,0.0
TW1983,0.7,60/40,FIX,-2%/75/+3%,100.0,1.0,0.0,0.0,0.05,0.05,0.03,0.155,0.83,0.0359,0.0384,0.0118,0.024,0.183,0.0,14.352,0.0
TW1983,0.7,60/40,FIX,0%/75/+2%,100.0,1.0,0.0,0.0,0.17,0.14,0.08,0.16,0.936,0.04,0.0426,0.0085,0.01,0.0,0.0,13.324,0.0
TW1983,0.7,60/40,GK,flat,100.0,1.0,0.0,0.0,0.0,0.0,0.0,0.16,1.019,0.0367,0.0474,0.0445,0.037,0.0,0.0,12.495,0.0
TW1983,0.7,60/40,GK,-1%/75/+2%,100.0,1.0,0.0,0.0,0.01,0.0,0.0,0.158,1.029,0.0366,0.048,0.0447,0.037,0.049,0.0,12.442,0.0
TW1983,0.7,60/40,GK,-1%/80/+2%,100.0,1.0,0.0,0.0,0.0,0.0,0.0,0.158,0.983,0.0361,0.0463,0.0435,0.037,0.068,0.0,12.867,0.0
TW1983,0.7,60/40,GK,-2%/75/+3%,100.0,1.0,0.0,0.0,0.01,0.0,0.0,0.155,1.017,0.0361,0.0473,0.044,0.038,0.092,0.0,12.641,0.0
TW1983,0.7,60/40,GK,0%/75/+2%,100.0,1.0,0.0,0.0,0.02,0.02,0.01,0.16,1.065,0.0374,0.0494,0.0198,0.037,0.0,0.0,11.967,0.0
TW1983,0.7,60/40,VPW,flat,100.0,1.0,0.0,0.0,0.0,0.0,0.0,0.191,1.485,0.0449,0.0675,0.0581,0.118,0.236,1.0,6.431,0.0
TW1983,0.7,60/40,VPW,-1%/75/+2%,100.0,1.0,0.0,0.0,0.02,0.02,0.01,0.191,1.487,0.045,0.0675,0.0201,0.118,0.236,1.0,6.431,0.0
TW1983,0.7,60/40,VPW,-1%/80/+2%,100.0,1.0,0.0,0.0,0.02,0.0,0.0,0.191,1.485,0.0449,0.0675,0.0581,0.118,0.236,1.0,6.431,0.0
TW1983,0.7,60/40,VPW,-2%/75/+3%,100.0,1.0,0.0,0.0,0.03,0.02,0.01,0.191,1.488,0.0451,0.0675,0.0195,0.117,0.236,1.0,6.431,0.0
TW1983,0.7,60/40,VPW,0%/75/+2%,100.0,1.0,0.0,0.0,0.05,0.03,0.02,0.191,1.489,0.0451,0.0675,0.0161,0.117,0.236,1.0,6.431,0.0
TW1983,0.7,80/20,VPW,flat,100.0,1.0,0.0,0.0,0.01,0.01,0.01,0.193,1.596,0.0434,0.0737,0.0201,0.135,0.308,2.0,9.054,0.0
TW1983,0.7,80/20,VPW,-1%/75/+2%,100.0,1.0,0.0,0.0,0.04,0.04,0.02,0.193,1.596,0.0435,0.0737,0.0141,0.134,0.308,2.0,9.054,0.0
TW1983,0.7,80/20,VPW,-1%/80/+2%,100.0,1.0,0.0,0.0,0.03,0.02,0.01,0.193,1.596,0.0434,0.0737,0.0201,0.135,0.308,2.0,9.054,0.0
TW1983,0.7,80/20,VPW,-2%/75/+3%,100.0,1.0,0.0,0.0,0.05,0.05,0.03,0.193,1.596,0.0435,0.0737,0.0128,0.134,0.308,2.0,9.054,0.0
TW1983,0.7,80/20,VPW,0%/75/+2%,100.0,1.0,0.0,0.0,0.08,0.06,0.03,0.193,1.597,0.0435,0.0737,0.0122,0.134,0.307,2.0,9.054,0.0
TW1983,0.7,100/0,VPW,flat,100.0,1.0,0.0,0.0,0.15,0.13,0.09,0.195,1.686,0.041,0.0799,0.0081,0.156,0.379,4.0,12.014,0.0
TW1983,0.7,100/0,VPW,-1%/75/+2%,100.0,1.0,0.0,0.0,0.26,0.22,0.12,0.195,1.687,0.0411,0.0799,0.0074,0.156,0.379,4.0,12.016,0.0
TW1983,0.7,100/0,VPW,-1%/80/+2%,100.0,1.0,0.0,0.0,0.13,0.12,0.08,0.195,1.686,0.0409,0.0799,0.0094,0.156,0.379,4.0,12.016,0.0
TW1983,0.7,100/0,VPW,-2%/75/+3%,100.0,1.0,0.0,0.0,0.27,0.25,0.12,0.195,1.687,0.0412,0.0799,0.0077,0.156,0.379,4.0,12.031,0.0
TW1983,0.7,100/0,VPW,0%/75/+2%,100.0,1.0,0.0,0.0,0.45,0.43,0.26,0.195,1.687,0.0412,0.0799,0.0059,0.155,0.378,4.0,12.007,0.0
