engine,alloc,strategy,rule,ruin_pct,planned_dep_pct,spend_p5,spend_med,endw_med,sfabs15,sfabs20,sfabs25,spend_y1,spend_y30_med,spend_y30_p10,ce_g2,ce_g4,ce_g8,spend_vol,spend_dd_max,spend_dd_yrs,m65_ruin_alive_pct,m65_breach_alive_pct,m65_life_spend_med,m65_ce_g4_alive
US1934,60/40,GK4,GK4,0.0,0.0,1.212,2.582,1.88,4.63,11.55,21.4,0.0395,0.0516,0.0234,0.0424,0.0315,0.017,0.0522,0.277,8.0,0.0,4.51,0.846,0.0347
US1934,60/40,GK5,GK5,0.04,0.03,1.236,2.529,1.06,6.9,14.41,23.97,0.0493,0.0487,0.0214,0.042,0.0186,0.0025,0.0512,0.373,18.0,0.0,4.27,0.969,0.0375
US1934,60/40,VPW3,VPW3,0.0,22.44,1.515,3.369,0.0,1.75,5.68,13.28,0.0383,0.0682,0.0312,0.0524,0.0394,0.0207,0.1141,0.416,13.0,0.0,2.14,0.968,0.0385
US1934,60/40,VPW5,VPW5,0.0,22.44,1.363,2.748,0.0,7.29,15.24,24.89,0.054,0.0532,0.0243,0.0452,0.0298,0.0114,0.1126,0.571,28.0,0.0,2.85,1.096,0.0412
US1934,60/40,V-cap 5/2.5,VPW3-cap5/2.5,1.21,2.73,1.415,3.034,0.58,3.05,6.67,12.94,0.0383,0.0622,0.0297,0.0416,0.0043,0.0013,0.0306,0.184,0.0,0.0,1.86,0.89,0.0381
US1934,60/40,V-cap 5/5,VPW3-cap5/5,0.16,1.91,1.434,3.023,0.68,2.07,5.99,12.93,0.0383,0.0618,0.03,0.0474,0.0097,0.0018,0.0338,0.206,1.0,0.0,2.18,0.876,0.0372
US1934,60/40,V-cap 10/5,VPW3-cap10/5,0.56,12.59,1.487,3.358,0.01,2.4,6.57,13.93,0.0383,0.068,0.0307,0.0496,0.007,0.0016,0.0641,0.364,9.0,0.0,2.13,0.953,0.0388
US1934,60/40,V-yale 0.5,VPW3-yale0.5,0.0,10.81,1.513,3.429,0.01,1.99,6.2,13.69,0.0383,0.0687,0.0312,0.0523,0.0391,0.019,0.0698,0.342,8.0,0.0,2.29,0.948,0.0384
US1934,60/40,V-yale 0.7,VPW3-yale0.7,0.02,5.51,1.504,3.508,0.03,2.07,6.21,13.28,0.0383,0.0689,0.0309,0.052,0.0254,0.0029,0.0554,0.272,5.0,0.0,2.3,0.927,0.038
US1934,60/40,V-yale 0.8,VPW3-yale0.8,0.09,2.88,1.494,3.568,0.08,2.05,5.93,12.59,0.0383,0.0684,0.0305,0.051,0.0116,0.002,0.0491,0.204,1.0,0.0,2.09,0.9,0.0377
US1934,60/40,V-floor fl2,VPW3-fl2,2.21,22.61,1.508,3.369,0.0,1.77,5.66,13.28,0.0383,0.0682,0.0311,0.0412,0.0036,0.0012,0.1141,0.416,13.0,0.01,2.02,0.968,0.0262
US1934,60/40,VG4,VG4,0.0,0.0,1.14,2.141,2.73,5.62,13.51,24.38,0.0395,0.0427,0.0222,0.0371,0.0289,0.0141,0.0344,0.27,7.0,0.0,5.1,0.795,0.0332
US1934,60/40,W6-FR4,W6-FR4,0.67,19.79,1.534,3.685,0.06,1.5,5.17,12.69,0.0395,0.0701,0.0315,0.0506,0.0092,0.0018,0.0559,0.221,2.0,0.0,2.36,0.858,0.036
US1934,60/40,W7-PoS4,W7-PoS4,0.0,0.01,1.403,3.323,1.19,1.58,5.59,12.31,0.0395,0.056,0.026,0.0461,0.0354,0.019,0.0513,0.125,0.0,0.0,2.52,0.79,0.0343
US1934,60/40,RMD,RMD,0.0,22.44,1.797,4.571,0.01,2.71,31.01,84.26,0.0197,0.0846,0.0388,0.0477,0.0325,0.0235,0.117,0.28,3.0,0.0,29.15,0.716,0.026
US1934,60/40,TW-RMD r5 +0,TWRMD5+0,80.12,0.0,1.061,1.754,0.0,100.0,100.0,100.0,0.077,0.0122,0.0053,0.0015,0.0007,0.0006,0.2764,1.0,40.0,0.45,13.57,1.318,0.0057
US1934,60/40,TW-RMD 1/CAPE +0,TWRMD5+0,79.72,0.0,1.046,1.713,0.0,100.0,100.0,100.0,0.081,0.0104,0.0044,0.0015,0.0007,0.0006,0.2768,1.0,41.0,0.45,16.41,1.31,0.0051
US1934,60/40,TW-RMD r5 +5,TWRMD5+5,0.0,0.0,1.149,2.005,0.01,98.52,99.47,99.77,0.0686,0.0328,0.0147,0.01,0.0025,0.0011,0.124,0.978,38.0,0.0,5.4,1.254,0.0379
US1934,60/40,TW-RMD 1/CAPE +5,TWRMD5+5,0.0,0.0,1.119,1.937,0.01,99.23,99.73,99.85,0.0728,0.029,0.0123,0.0081,0.0021,0.001,0.1315,0.984,41.0,0.0,7.48,1.254,0.0327
US1934,60/40,TW-RMD r5 +10,TWRMD5+10,0.0,0.0,1.208,2.22,0.08,57.31,70.94,80.06,0.0633,0.0408,0.0185,0.0265,0.01,0.0029,0.1125,0.875,36.0,0.0,3.89,1.195,0.0408
US1934,60/40,TW-RMD 1/CAPE +10,TWRMD5+10,0.0,0.0,1.171,2.12,0.06,67.74,79.88,86.54,0.0677,0.0363,0.0157,0.0221,0.0073,0.0022,0.1334,0.907,40.0,0.0,5.75,1.203,0.0362
US1934,60/40,VPW3 plan100 no-ext,VPW3h35,85.77,0.0,1.222,2.362,0.0,100.0,100.0,100.0,0.0459,0.0824,0.0372,0.0017,0.0008,0.0006,0.263,1.0,23.0,0.45,0.8,1.161,0.0091
US1934,60/40,VPW3 plan100 ext90/100/110,VPW3h35x25-45/35-55/45-65,0.0,0.0,1.258,2.465,0.29,29.99,43.69,55.76,0.0459,0.047,0.0214,0.0355,0.0175,0.0055,0.1519,0.784,29.0,0.0,2.54,1.142,0.0421
US1934,60/40,VPW3 plan110 no-ext,VPW3h45,70.71,6.85,1.412,2.996,0.0,100.0,100.0,100.0,0.0402,0.0716,0.0327,0.0053,0.0011,0.0007,0.2706,1.0,17.0,0.0,1.51,1.016,0.0404
US1934,80/19,GK4,GK4,0.0,0.03,1.316,3.464,3.26,4.1,9.66,18.4,0.0395,0.0686,0.0261,0.0493,0.033,0.0127,0.0578,0.271,7.0,0.0,4.53,0.904,0.0351
US1934,80/19,GK5,GK5,0.15,0.09,1.326,3.354,1.91,5.45,11.0,18.36,0.0493,0.0658,0.0241,0.0494,0.012,0.002,0.0578,0.341,13.0,0.0,4.09,1.035,0.0379
US1934,80/19,VPW3,VPW3,0.0,24.81,1.674,4.601,0.01,1.87,5.63,12.42,0.0383,0.0906,0.0347,0.0604,0.0404,0.016,0.1424,0.465,15.0,0.0,2.62,1.062,0.0389
US1934,80/19,VPW5,VPW5,0.0,24.81,1.472,3.61,0.0,5.52,10.87,18.03,0.054,0.0708,0.0269,0.0537,0.0309,0.0088,0.1404,0.577,25.0,0.0,2.69,1.196,0.0418
US1934,80/19,V-cap 5/2.5,VPW3-cap5/2.5,1.96,1.27,1.461,3.481,2.6,3.49,6.14,11.38,0.0383,0.0715,0.0322,0.0383,0.0034,0.0011,0.0263,0.13,0.0,0.0,1.83,0.918,0.026
US1934,80/19,V-cap 5/5,VPW3-cap5/5,0.24,0.99,1.478,3.441,2.85,2.2,5.54,11.99,0.0383,0.0706,0.0321,0.0495,0.0076,0.0016,0.029,0.158,0.0,0.0,2.42,0.898,0.0374
US1934,80/19,V-cap 10/5,VPW3-cap10/5,1.72,9.19,1.599,4.533,0.05,3.33,6.86,13.02,0.0383,0.0893,0.034,0.0503,0.0045,0.0013,0.0645,0.343,7.0,0.0,2.34,1.025,0.0396
US1934,80/19,V-yale 0.5,VPW3-yale0.5,0.0,11.28,1.668,4.735,0.02,2.16,6.07,13.43,0.0383,0.0916,0.0346,0.0601,0.0395,0.0126,0.0864,0.373,9.0,0.0,2.82,1.035,0.0389
US1934,80/19,V-yale 0.7,VPW3-yale0.7,0.15,5.9,1.657,4.883,0.06,2.19,5.87,12.59,0.0383,0.0918,0.0343,0.059,0.013,0.0021,0.0685,0.286,5.0,0.0,2.64,1.002,0.0386
US1934,80/19,V-yale 0.8,VPW3-yale0.8,0.45,3.16,1.639,5.01,0.17,2.36,5.71,11.79,0.0383,0.091,0.0337,0.0567,0.008,0.0017,0.0607,0.206,1.0,0.0,2.46,0.966,0.0383
US1934,80/19,V-floor fl2,VPW3-fl2,1.95,24.79,1.662,4.6,0.01,1.65,5.56,12.45,0.0383,0.0906,0.0345,0.0446,0.0035,0.0011,0.1421,0.465,15.0,0.02,2.47,1.062,0.018
US1934,80/19,VG4,VG4,0.02,0.0,1.159,2.279,5.95,4.99,11.2,20.24,0.0395,0.0461,0.0234,0.0385,0.014,0.0021,0.0325,0.235,4.0,0.0,4.86,0.808,0.0334
US1934,80/19,W6-FR4,W6-FR4,1.34,14.91,1.679,5.055,0.22,1.99,5.66,13.19,0.0395,0.0921,0.0356,0.0554,0.0068,0.0015,0.0586,0.217,1.0,0.0,2.87,0.917,0.0365
US1934,80/19,W7-PoS4,W7-PoS4,0.02,0.02,1.517,4.47,2.3,1.76,5.58,12.24,0.0395,0.0747,0.0288,0.0515,0.0242,0.0028,0.0521,0.117,0.0,0.0,2.97,0.823,0.0345
US1934,80/19,RMD,RMD,0.0,24.81,2.043,6.554,0.02,4.42,30.01,75.78,0.0197,0.1122,0.0432,0.0529,0.0328,0.0215,0.146,0.35,6.0,0.0,28.02,0.792,0.0261
US1934,80/19,TW-RMD r5 +0,TWRMD5+0,86.26,0.0,1.074,2.015,0.0,100.0,100.0,100.0,0.077,0.0163,0.0059,0.0015,0.0007,0.0006,0.2781,1.0,39.0,0.54,10.83,1.434,0.006
US1934,80/19,TW-RMD 1/CAPE +0,TWRMD5+0,85.93,0.0,1.056,1.96,0.0,100.0,100.0,100.0,0.081,0.014,0.005,0.0015,0.0007,0.0006,0.2767,1.0,40.0,0.54,13.02,1.42,0.0055
US1934,80/19,TW-RMD r5 +5,TWRMD5+5,0.0,0.0,1.184,2.406,0.01,89.85,94.39,96.61,0.0686,0.0437,0.0164,0.0133,0.0029,0.0012,0.1475,0.97,37.0,0.0,4.33,1.371,0.0392
US1934,80/19,TW-RMD 1/CAPE +5,TWRMD5+5,0.0,0.0,1.155,2.298,0.01,93.68,96.61,98.15,0.0728,0.0385,0.0142,0.0108,0.0025,0.0011,0.1479,0.977,39.0,0.0,5.76,1.367,0.0344
US1934,80/19,TW-RMD r5 +10,TWRMD5+10,0.0,0.0,1.271,2.753,0.13,36.96,49.0,58.35,0.0633,0.0544,0.0206,0.0332,0.0105,0.0025,0.1381,0.84,34.5,0.0,3.41,1.308,0.0417
US1934,80/19,TW-RMD 1/CAPE +10,TWRMD5+10,0.0,0.0,1.228,2.581,0.1,46.51,58.44,67.27,0.0677,0.0484,0.0178,0.0282,0.0081,0.0022,0.1482,0.872,37.0,0.0,4.77,1.312,0.0375
US1934,80/19,VPW3 plan100 no-ext,VPW3h35,90.65,0.0,1.279,2.903,0.0,100.0,100.0,100.0,0.0459,0.1094,0.0413,0.0017,0.0008,0.0006,0.2668,1.0,24.0,0.54,1.08,1.273,0.0092
US1934,80/19,VPW3 plan100 ext90/100/110,VPW3h35x25-45/35-55/45-65,0.0,0.0,1.353,3.159,0.48,18.12,27.59,36.8,0.0459,0.0625,0.0238,0.0434,0.0183,0.0043,0.1735,0.757,29.0,0.0,2.26,1.247,0.0428
US1934,80/19,VPW3 plan110 no-ext,VPW3h45,75.2,6.36,1.537,3.953,0.0,100.0,100.0,100.0,0.0402,0.0952,0.0364,0.0055,0.0012,0.0007,0.2763,1.0,18.0,0.0,2.06,1.115,0.0408
TW1983,60/40,GK4,GK4,0.0,0.0,2.192,4.728,6.02,0.02,0.17,1.23,0.0397,0.0944,0.0467,0.0671,0.053,0.0411,0.0494,0.043,0.0,0.0,0.08,1.062,0.045
TW1983,60/40,GK5,GK5,0.0,0.01,2.121,4.482,3.53,0.07,0.53,1.69,0.0496,0.0902,0.0434,0.0702,0.0562,0.0387,0.0483,0.1,0.0,0.0,0.12,1.211,0.052
TW1983,60/40,VPW3,VPW3,0.0,17.34,2.909,6.464,0.01,0.0,0.03,0.34,0.0386,0.1262,0.0635,0.0821,0.0606,0.0465,0.1131,0.258,3.0,0.0,0.0,1.266,0.0492
TW1983,60/40,VPW5,VPW5,0.0,17.34,2.383,4.849,0.0,0.06,0.33,1.23,0.0544,0.0987,0.0494,0.0779,0.0621,0.0415,0.1117,0.359,12.0,0.0,0.02,1.403,0.0579
TW1983,60/40,V-cap 5/2.5,VPW3-cap5/2.5,0.14,0.45,2.626,4.933,4.6,0.09,0.12,0.39,0.0386,0.0994,0.0586,0.0686,0.0102,0.0018,0.0208,0.059,0.0,0.0,0.01,1.094,0.0468
TW1983,60/40,V-cap 5/5,VPW3-cap5/5,0.01,0.37,2.649,4.913,4.77,0.01,0.07,0.34,0.0386,0.0989,0.0589,0.0695,0.0235,0.0027,0.0226,0.073,0.0,0.0,0.03,1.088,0.0463
TW1983,60/40,V-cap 10/5,VPW3-cap10/5,0.08,6.51,2.846,6.464,0.07,0.04,0.11,0.34,0.0386,0.1239,0.0621,0.0795,0.0133,0.0021,0.0551,0.172,0.0,0.0,0.03,1.216,0.0488
TW1983,60/40,V-yale 0.5,VPW3-yale0.5,0.0,6.53,2.939,6.734,0.04,0.0,0.05,0.38,0.0386,0.127,0.0635,0.0815,0.06,0.0465,0.0736,0.162,0.0,0.0,0.02,1.237,0.0485
TW1983,60/40,V-yale 0.7,VPW3-yale0.7,0.0,2.09,2.965,7.026,0.13,0.0,0.05,0.31,0.0386,0.1277,0.063,0.0804,0.0526,0.0065,0.0589,0.089,0.0,0.0,0.02,1.195,0.0477
TW1983,60/40,V-yale 0.8,VPW3-yale0.8,0.0,0.75,2.982,7.333,0.36,0.0,0.09,0.31,0.0386,0.1269,0.062,0.0788,0.034,0.0032,0.0528,0.046,0.0,0.0,0.03,1.149,0.0468
TW1983,60/40,V-floor fl2,VPW3-fl2,0.0,17.34,2.909,6.464,0.01,0.0,0.01,0.34,0.0386,0.1262,0.0635,0.0821,0.0606,0.0466,0.1131,0.258,3.0,0.0,0.0,1.266,0.0492
TW1983,60/40,VG4,VG4,0.0,0.0,2.062,3.752,8.23,0.05,0.29,1.34,0.0397,0.0769,0.0451,0.0598,0.0511,0.0398,0.0241,0.1,0.0,0.0,0.09,1.009,0.0443
TW1983,60/40,W6-FR4,W6-FR4,0.01,4.16,3.151,7.48,0.64,0.0,0.06,0.47,0.0397,0.1255,0.0637,0.0757,0.0356,0.0033,0.0515,0.1,0.0,0.0,0.04,1.068,0.0437
TW1983,60/40,W7-PoS4,W7-PoS4,0.0,0.0,2.738,6.545,4.9,0.0,0.08,0.47,0.0397,0.1013,0.0478,0.0662,0.0502,0.0415,0.0507,0.038,0.0,0.0,0.05,0.928,0.0413
TW1983,60/40,RMD,RMD,0.0,17.34,3.984,9.795,0.03,0.08,11.47,78.58,0.0199,0.1564,0.0792,0.0663,0.0394,0.0282,0.116,0.195,0.0,0.0,10.99,0.964,0.0302
TW1983,60/40,TW-RMD r5 +0,TWRMD5+0,70.82,0.0,1.439,2.294,0.0,100.0,100.0,100.0,0.0774,0.0226,0.0108,0.0016,0.0007,0.0006,0.2941,1.0,35.0,0.23,5.26,1.65,0.007
TW1983,60/40,TW-RMD r5 +5,TWRMD5+5,0.0,0.0,1.676,2.891,0.02,81.37,89.11,93.36,0.0691,0.0608,0.03,0.0242,0.0068,0.0022,0.1239,0.951,32.0,0.0,0.29,1.591,0.0619
TW1983,60/40,TW-RMD r5 +10,TWRMD5+10,0.0,0.0,1.877,3.448,0.23,11.96,21.78,32.09,0.0637,0.0757,0.0376,0.0543,0.0308,0.0118,0.1117,0.746,28.0,0.0,0.08,1.522,0.0618
TW1983,60/40,VPW3 plan100 no-ext,VPW3h35,77.42,0.0,1.931,3.631,0.0,100.0,100.0,100.0,0.0462,0.1525,0.0758,0.0017,0.0008,0.0006,0.2932,1.0,17.0,0.23,0.01,1.518,0.0109
TW1983,60/40,VPW3 plan100 ext90/100/110,VPW3h35x25-45/35-55/45-65,0.0,0.0,2.1,4.07,0.84,2.13,5.67,10.65,0.0462,0.0871,0.0435,0.0664,0.0473,0.022,0.1527,0.642,24.0,0.0,0.05,1.493,0.0575
TW1983,60/40,VPW3 plan110 no-ext,VPW3h45,62.83,7.24,2.545,5.325,0.0,100.0,100.0,100.0,0.0405,0.1326,0.0666,0.0058,0.0012,0.0007,0.294,1.0,8.0,0.0,0.0,1.329,0.0516
TW1983,80/19,GK4,GK4,0.0,0.0,2.242,6.081,9.3,0.21,0.94,3.11,0.0397,0.1165,0.0491,0.0726,0.0524,0.0335,0.0515,0.102,0.0,0.0,0.47,1.119,0.0448
TW1983,80/19,GK5,GK5,0.05,0.03,2.162,5.757,5.57,0.42,1.34,3.19,0.0496,0.1132,0.0455,0.0766,0.0195,0.0024,0.0516,0.123,0.0,0.0,0.48,1.271,0.0513
TW1983,80/19,VPW3,VPW3,0.0,17.99,3.043,8.48,0.02,0.05,0.39,1.93,0.0386,0.1586,0.0666,0.0888,0.0599,0.0404,0.1324,0.341,7.0,0.0,0.24,1.37,0.0488
TW1983,80/19,VPW5,VPW5,0.0,17.99,2.454,6.175,0.01,0.29,1.06,2.7,0.0544,0.124,0.0518,0.0858,0.0607,0.0325,0.1306,0.424,14.0,0.0,0.25,1.514,0.0572
TW1983,80/19,V-cap 5/2.5,VPW3-cap5/2.5,0.39,0.45,2.494,5.253,10.73,0.57,0.81,1.54,0.0386,0.1056,0.0579,0.064,0.0056,0.0014,0.0188,0.049,0.0,0.0,0.07,1.099,0.0466
TW1983,80/19,V-cap 5/5,VPW3-cap5/5,0.05,0.28,2.521,5.212,11.1,0.11,0.43,1.64,0.0386,0.1048,0.0577,0.0695,0.0139,0.0021,0.0206,0.065,0.0,0.0,0.18,1.084,0.0457
TW1983,80/19,V-cap 10/5,VPW3-cap10/5,0.4,4.44,2.871,8.281,0.35,0.37,0.71,1.87,0.0386,0.1524,0.0645,0.0798,0.0071,0.0016,0.0556,0.194,0.0,0.0,0.2,1.284,0.0488
TW1983,80/19,V-yale 0.5,VPW3-yale0.5,0.0,7.14,3.067,8.889,0.06,0.06,0.44,2.0,0.0386,0.16,0.0663,0.0878,0.0594,0.0404,0.0873,0.22,1.0,0.0,0.25,1.327,0.0483
TW1983,80/19,V-yale 0.7,VPW3-yale0.7,0.01,3.14,3.082,9.389,0.22,0.07,0.39,1.72,0.0386,0.1599,0.066,0.0862,0.0295,0.003,0.0709,0.132,0.0,0.0,0.2,1.277,0.0476
TW1983,80/19,V-yale 0.8,VPW3-yale0.8,0.06,1.25,3.075,9.881,0.6,0.08,0.38,1.54,0.0386,0.1576,0.0647,0.0838,0.0157,0.0022,0.0638,0.072,0.0,0.0,0.18,1.22,0.0468
TW1983,80/19,V-floor fl2,VPW3-fl2,0.03,18.01,3.041,8.48,0.02,0.03,0.31,1.93,0.0386,0.1586,0.0666,0.0884,0.0172,0.0023,0.1324,0.341,7.0,0.0,0.19,1.37,0.0489
TW1983,80/19,VG4,VG4,0.04,0.01,1.968,3.998,15.18,0.35,1.12,2.94,0.0397,0.082,0.0447,0.0599,0.0102,0.0018,0.0219,0.084,0.0,0.0,0.25,1.018,0.0441
TW1983,80/19,W6-FR4,W6-FR4,0.12,5.22,3.185,9.482,1.71,0.03,0.46,2.26,0.0397,0.1522,0.0682,0.0796,0.0171,0.0023,0.0522,0.108,0.0,0.0,0.35,1.125,0.0436
TW1983,80/19,W7-PoS4,W7-PoS4,0.0,0.0,2.77,8.036,8.46,0.06,0.51,2.17,0.0397,0.1231,0.0518,0.0699,0.0499,0.0366,0.0505,0.038,0.0,0.0,0.35,0.968,0.0411
TW1983,80/19,RMD,RMD,0.0,17.99,4.211,13.29,0.04,0.62,14.95,71.38,0.0199,0.1962,0.083,0.0702,0.0391,0.0269,0.1357,0.276,2.0,0.0,14.18,1.049,0.03
TW1983,80/19,TW-RMD r5 +0,TWRMD5+0,73.11,0.0,1.411,2.595,0.0,100.0,100.0,100.0,0.0774,0.0285,0.0114,0.0016,0.0007,0.0006,0.3009,1.0,35.0,0.31,4.7,1.767,0.0072
TW1983,80/19,TW-RMD r5 +5,TWRMD5+5,0.0,0.0,1.668,3.407,0.04,63.8,74.84,81.72,0.0691,0.0765,0.0315,0.0288,0.0066,0.0019,0.1396,0.942,31.0,0.0,0.58,1.71,0.061
TW1983,80/19,TW-RMD r5 +10,TWRMD5+10,0.0,0.0,1.902,4.194,0.33,8.77,14.96,21.91,0.0637,0.0952,0.0395,0.0619,0.0297,0.0095,0.1291,0.715,27.0,0.0,0.38,1.64,0.061
TW1983,80/19,VPW3 plan100 no-ext,VPW3h35,79.13,0.0,1.919,4.328,0.0,100.0,100.0,100.0,0.0462,0.1913,0.0797,0.0018,0.0008,0.0006,0.3009,1.0,19.0,0.31,0.07,1.642,0.0105
TW1983,80/19,VPW3 plan100 ext90/100/110,VPW3h35x25-45/35-55/45-65,0.0,0.0,2.13,5.049,1.24,2.43,5.1,8.57,0.0462,0.1094,0.0457,0.0742,0.046,0.0177,0.1671,0.633,24.0,0.0,0.21,1.612,0.057
TW1983,80/19,VPW3 plan110 no-ext,VPW3h45,62.57,6.99,2.61,6.752,0.0,99.98,99.98,99.98,0.0405,0.1667,0.0699,0.006,0.0012,0.0007,0.3024,1.0,11.0,0.0,0.14,1.438,0.0512
