engine,sample_end,horizon,portfolio,strategy,spread,haircut,trend_src,ruin_pct,spend_p5,spend_med,endw_med,sfabs15,sfabs20,sfabs25,sfabs30,ce_g2,ce_g4,ce_g8,spend_vol,spend_dd_max,spend_dd_yrs
US1934,2026-07,30,100/0 VT,FIX4,0.0,1.0,spliced,5.57,1.085,1.181,3.92,4.89,4.95,4.99,5.06,0.0196,0.0021,0.0009,0.0151,-0.055,0.0
US1934,2026-07,30,100/0 VT,VPW3,0.0,1.0,spliced,0.0,1.239,3.076,0.01,0.56,1.84,4.35,8.51,0.0726,0.0497,0.0213,0.1731,-0.4673,8.0
US1934,2026-07,30,100/0 VT,VPW5,0.0,1.0,spliced,0.0,1.172,2.748,0.0,1.34,3.36,6.73,11.35,0.0699,0.0437,0.0152,0.1705,-0.532,12.0
US1934,2026-07,30,80/20,FIX4,0.0,1.0,spliced,4.84,1.159,1.181,2.72,4.03,4.13,4.17,4.24,0.0228,0.0024,0.001,0.015,-0.055,0.0
US1934,2026-07,30,80/20,GK4,0.0,1.0,spliced,0.01,0.828,1.606,2.15,1.09,4.6,11.17,21.87,0.0456,0.0216,0.0026,0.0538,-0.1674,0.0
US1934,2026-07,30,80/20,VPW3,0.0,1.0,spliced,0.0,1.221,2.581,0.01,0.23,1.01,2.9,6.54,0.0683,0.0528,0.0285,0.1418,-0.3956,7.0
US1934,2026-07,30,80/20,VPW5,0.0,1.0,spliced,0.0,1.175,2.344,0.0,0.92,2.6,5.73,10.62,0.0653,0.0475,0.0204,0.1397,-0.4848,12.0
US1934,2026-07,30,60/40,FIX4,0.0,1.0,spliced,5.01,1.137,1.181,1.72,3.93,4.0,4.07,4.14,0.024,0.0025,0.001,0.015,-0.055,0.0
US1934,2026-07,30,60/40,GK4,0.0,1.0,spliced,0.0,0.814,1.361,1.53,0.85,4.17,11.94,24.6,0.0414,0.0361,0.0261,0.049,-0.1758,0.0
US1934,2026-07,30,60/40,VPW3,0.0,1.0,spliced,0.0,1.183,2.137,0.0,0.12,0.78,2.46,6.21,0.0619,0.0518,0.0331,0.1133,-0.343,6.0
US1934,2026-07,30,60/40,VPW5,0.0,1.0,spliced,0.0,1.14,1.975,0.0,0.9,2.65,6.62,12.4,0.0585,0.0464,0.0241,0.1119,-0.4596,13.0
US1934,2026-07,30,RSST,FIX4,0.0,1.0,spliced,0.03,1.173,1.181,72.87,0.03,0.03,0.03,0.03,0.0391,0.0114,0.0019,0.0148,-0.0541,0.0
US1934,2026-07,30,RSST,VPW3,0.0,1.0,spliced,0.0,4.131,18.171,0.15,0.0,0.01,0.1,0.45,0.1563,0.0881,0.0577,0.2609,-0.311,3.0
US1934,2026-07,30,RSST,VPW5,0.0,1.0,spliced,0.0,3.573,14.721,0.1,0.0,0.01,0.05,0.19,0.1686,0.1012,0.0634,0.2568,-0.3559,5.0
US1934,2026-07,30,RSSB,FIX4,0.0,1.0,spliced,5.51,1.089,1.181,5.86,4.89,4.95,4.98,5.01,0.0188,0.0021,0.0009,0.0151,-0.0552,0.0
US1934,2026-07,30,RSSB,VPW3,0.0,1.0,spliced,0.0,1.261,3.772,0.01,0.87,2.38,5.0,8.96,0.0783,0.048,0.0153,0.1989,-0.4628,8.0
US1934,2026-07,30,RSSB,VPW5,0.0,1.0,spliced,0.0,1.203,3.332,0.01,1.69,3.75,6.78,10.46,0.0762,0.0415,0.0107,0.1957,-0.533,12.0
US1934,2026-07,30,5050 RSSB+RSST,FIX4,0.0,1.0,spliced,0.31,1.173,1.181,23.78,0.26,0.27,0.27,0.27,0.0376,0.0059,0.0014,0.0148,-0.0542,0.0
US1934,2026-07,30,5050 RSSB+RSST,VPW3,0.0,1.0,spliced,0.0,2.435,8.351,0.04,0.01,0.05,0.2,0.85,0.1207,0.077,0.0487,0.2158,-0.3471,4.0
US1934,2026-07,30,5050 RSSB+RSST,VPW5,0.0,1.0,spliced,0.0,2.189,7.007,0.03,0.02,0.08,0.3,0.77,0.1253,0.0828,0.0433,0.2123,-0.3982,6.0
US1934,2026-07,30,RSST,FIX4,0.0,1.0,proxy_only,0.09,1.173,1.181,52.62,0.07,0.07,0.07,0.08,0.0389,0.009,0.0017,0.0148,-0.0541,0.0
US1934,2026-07,30,RSST,VPW3,0.0,1.0,proxy_only,0.0,3.573,14.266,0.09,0.0,0.01,0.16,0.73,0.1452,0.0845,0.0553,0.2772,-0.33,4.0
US1934,2026-07,30,5050 RSSB+RSST,FIX4,0.0,1.0,proxy_only,0.34,1.173,1.181,19.85,0.29,0.29,0.3,0.3,0.0372,0.0055,0.0014,0.0148,-0.0542,0.0
US1934,2026-07,30,5050 RSSB+RSST,VPW3,0.0,1.0,proxy_only,0.0,2.246,7.422,0.03,0.0,0.05,0.28,0.99,0.1154,0.0751,0.0494,0.223,-0.3515,4.0
US1934,2026-07,50,100/0 VT,FIX4,0.0,1.0,spliced,11.64,1.068,1.968,13.25,11.34,11.36,11.37,11.42,0.0086,0.0014,0.0008,0.0159,-0.0656,0.0
US1934,2026-07,50,100/0 VT,VPW3,0.0,1.0,spliced,0.0,1.916,6.7,0.01,2.44,6.34,12.58,22.61,0.0692,0.0386,0.0127,0.172,-0.5193,16.0
US1934,2026-07,50,100/0 VT,VPW5,0.0,1.0,spliced,0.0,1.632,5.026,0.01,4.71,8.88,14.65,20.81,0.0634,0.0283,0.0065,0.1695,-0.6014,23.0
US1934,2026-07,50,80/20,FIX4,0.0,1.0,spliced,12.88,1.126,1.968,7.2,12.43,12.47,12.51,12.53,0.0088,0.0014,0.0008,0.0159,-0.0658,0.0
US1934,2026-07,50,80/20,GK4,0.0,1.0,spliced,0.0,1.387,3.656,3.66,3.31,8.6,16.17,27.21,0.0514,0.0342,0.014,0.0574,-0.2535,5.0
US1934,2026-07,50,80/20,VPW3,0.0,1.0,spliced,0.0,1.787,4.864,0.01,1.43,4.66,10.7,21.08,0.063,0.0423,0.0193,0.1411,-0.456,14.0
US1934,2026-07,50,80/20,VPW5,0.0,1.0,spliced,0.0,1.558,3.799,0.0,4.3,8.95,15.23,22.65,0.0565,0.0329,0.0102,0.1391,-0.5623,23.0
US1934,2026-07,50,60/40,FIX4,0.0,1.0,spliced,18.02,1.125,1.968,3.11,17.42,17.47,17.53,17.6,0.0074,0.0013,0.0008,0.0161,-0.0674,0.0
US1934,2026-07,50,60/40,GK4,0.0,1.0,spliced,0.0,1.264,2.679,2.02,3.77,10.16,19.12,32.18,0.0437,0.0328,0.0177,0.0518,-0.2607,7.0
US1934,2026-07,50,60/40,VPW3,0.0,1.0,spliced,0.0,1.583,3.499,0.0,1.25,4.7,11.79,23.11,0.0539,0.0407,0.022,0.1131,-0.403,12.0
US1934,2026-07,50,60/40,VPW5,0.0,1.0,spliced,0.0,1.414,2.84,0.0,5.93,12.77,21.95,32.35,0.0468,0.0311,0.0121,0.1117,-0.553,27.0
US1934,2026-07,50,RSST,FIX4,0.0,1.0,spliced,0.04,1.958,1.969,1535.34,0.04,0.04,0.04,0.04,0.0388,0.0089,0.0017,0.0153,-0.0638,0.0
US1934,2026-07,50,RSST,VPW3,0.0,1.0,spliced,0.0,20.922,181.976,1.19,0.0,0.13,0.97,2.75,0.1896,0.0794,0.0476,0.2597,-0.3504,5.0
US1934,2026-07,50,RSST,VPW5,0.0,1.0,spliced,0.0,13.905,111.723,0.59,0.0,0.05,0.19,0.63,0.2202,0.1006,0.0577,0.2559,-0.4018,8.0
US1934,2026-07,50,RSSB,FIX4,0.0,1.0,spliced,9.88,1.07,1.969,25.27,9.74,9.74,9.74,9.75,0.0093,0.0014,0.0008,0.0157,-0.0655,0.0
US1934,2026-07,50,RSSB,VPW3,0.0,1.0,spliced,0.0,2.169,9.605,0.02,2.72,6.61,12.81,21.65,0.0772,0.0376,0.0109,0.1983,-0.5348,15.0
US1934,2026-07,50,RSSB,VPW5,0.0,1.0,spliced,0.0,1.793,6.984,0.01,4.3,8.1,13.03,18.68,0.0724,0.0271,0.006,0.1956,-0.61,22.0
US1934,2026-07,50,5050 RSSB+RSST,FIX4,0.0,1.0,spliced,0.6,1.958,1.969,248.77,0.58,0.59,0.59,0.59,0.0335,0.0038,0.0012,0.0153,-0.0639,0.0
US1934,2026-07,50,5050 RSSB+RSST,VPW3,0.0,1.0,spliced,0.0,7.344,42.666,0.17,0.03,0.34,1.82,5.58,0.1389,0.069,0.0418,0.2142,-0.3847,8.0
US1934,2026-07,50,5050 RSSB+RSST,VPW5,0.0,1.0,spliced,0.0,5.344,27.771,0.09,0.07,0.28,1.02,2.4,0.1504,0.0803,0.0428,0.2111,-0.4473,11.0
US1934,2026-07,50,RSST,FIX4,0.0,1.0,proxy_only,0.12,1.958,1.969,908.87,0.12,0.12,0.12,0.12,0.0377,0.006,0.0015,0.0153,-0.0638,0.0
US1934,2026-07,50,RSST,VPW3,0.0,1.0,proxy_only,0.0,15.443,117.302,0.61,0.02,0.23,1.26,3.55,0.174,0.076,0.044,0.2745,-0.3776,7.0
US1934,2026-07,50,5050 RSSB+RSST,FIX4,0.0,1.0,proxy_only,0.86,1.957,1.969,186.76,0.84,0.84,0.84,0.84,0.0315,0.0034,0.0011,0.0153,-0.0639,0.0
US1934,2026-07,50,5050 RSSB+RSST,VPW3,0.0,1.0,proxy_only,0.0,6.404,34.67,0.12,0.05,0.4,2.15,6.12,0.1312,0.067,0.0402,0.2216,-0.387,8.0
US1934,2023-07,30,100/0 VT,FIX4,0.0,1.0,spliced,6.19,1.048,1.181,3.49,5.36,5.44,5.51,5.6,0.0184,0.002,0.0009,0.0154,-0.0555,0.0
US1934,2023-07,30,100/0 VT,VPW3,0.0,1.0,spliced,0.0,1.189,2.937,0.01,0.76,2.34,5.12,9.31,0.07,0.0468,0.013,0.1741,-0.4738,9.0
US1934,2023-07,30,100/0 VT,VPW5,0.0,1.0,spliced,0.0,1.14,2.647,0.0,1.61,4.01,7.88,12.43,0.0671,0.0397,0.0085,0.1715,-0.5402,13.0
US1934,2023-07,30,80/20,FIX4,0.0,1.0,spliced,5.39,1.111,1.181,2.51,4.51,4.56,4.62,4.71,0.0215,0.0023,0.001,0.0153,-0.0553,0.0
US1934,2023-07,30,80/20,GK4,0.0,1.0,spliced,0.0,0.817,1.565,2.02,1.45,4.94,12.26,23.91,0.0446,0.0365,0.0239,0.0536,-0.1805,0.0
US1934,2023-07,30,80/20,VPW3,0.0,1.0,spliced,0.0,1.199,2.493,0.01,0.36,1.33,3.42,7.29,0.0664,0.051,0.0224,0.1429,-0.4036,7.0
US1934,2023-07,30,80/20,VPW5,0.0,1.0,spliced,0.0,1.15,2.273,0.0,1.09,3.18,6.9,11.79,0.0633,0.0452,0.0148,0.1408,-0.496,13.0
US1934,2023-07,30,60/40,FIX4,0.0,1.0,spliced,5.66,1.108,1.181,1.59,4.27,4.33,4.43,4.58,0.0228,0.0024,0.001,0.0153,-0.0555,0.0
US1934,2023-07,30,60/40,GK4,0.0,1.0,spliced,0.0,0.802,1.341,1.45,1.01,4.83,13.3,26.85,0.0408,0.0355,0.0261,0.049,-0.1867,0.0
US1934,2023-07,30,60/40,VPW3,0.0,1.0,spliced,0.0,1.156,2.085,0.0,0.14,0.94,3.03,6.99,0.0606,0.0506,0.0321,0.1145,-0.3537,6.0
US1934,2023-07,30,60/40,VPW5,0.0,1.0,spliced,0.0,1.12,1.936,0.0,0.92,3.35,8.02,13.72,0.0571,0.0448,0.0223,0.113,-0.4741,13.0
US1934,2023-07,30,RSST,FIX4,0.0,1.0,spliced,0.02,1.173,1.181,68.86,0.0,0.0,0.01,0.01,0.0393,0.0218,0.0026,0.0151,-0.0547,0.0
US1934,2023-07,30,RSST,VPW3,0.0,1.0,spliced,0.0,3.958,17.517,0.14,0.0,0.01,0.08,0.41,0.1545,0.0875,0.058,0.2635,-0.3162,3.0
US1934,2023-07,30,RSST,VPW5,0.0,1.0,spliced,0.0,3.411,14.196,0.09,0.0,0.02,0.07,0.15,0.1663,0.1002,0.0631,0.2595,-0.3642,5.0
US1934,2023-07,30,RSSB,FIX4,0.0,1.0,spliced,5.75,1.071,1.181,5.45,5.02,5.07,5.11,5.18,0.0182,0.002,0.0009,0.0153,-0.0556,0.0
US1934,2023-07,30,RSSB,VPW3,0.0,1.0,spliced,0.0,1.249,3.667,0.01,1.1,2.8,5.31,9.28,0.0764,0.0461,0.0132,0.2011,-0.4717,8.0
US1934,2023-07,30,RSSB,VPW5,0.0,1.0,spliced,0.0,1.187,3.251,0.01,2.01,4.21,7.33,11.44,0.0741,0.0387,0.0085,0.198,-0.5443,12.0
US1934,2023-07,30,5050 RSSB+RSST,FIX4,0.0,1.0,spliced,0.46,1.172,1.181,22.39,0.41,0.41,0.41,0.41,0.0368,0.0052,0.0014,0.0151,-0.0548,0.0
US1934,2023-07,30,5050 RSSB+RSST,VPW3,0.0,1.0,spliced,0.0,2.385,8.094,0.04,0.0,0.04,0.32,0.91,0.1188,0.076,0.0498,0.218,-0.3535,4.0
US1934,2023-07,30,5050 RSSB+RSST,VPW5,0.0,1.0,spliced,0.0,2.145,6.752,0.03,0.01,0.11,0.49,1.13,0.123,0.0812,0.0445,0.2146,-0.408,7.0
US1934,2023-07,50,100/0 VT,FIX4,0.0,1.0,spliced,14.09,1.002,1.968,10.47,13.7,13.72,13.76,13.8,0.0074,0.0013,0.0008,0.0163,-0.067,0.0
US1934,2023-07,50,100/0 VT,VPW3,0.0,1.0,spliced,0.0,1.731,5.952,0.01,3.17,7.6,15.06,25.36,0.0647,0.0358,0.0099,0.1734,-0.533,17.0
US1934,2023-07,50,100/0 VT,VPW5,0.0,1.0,spliced,0.0,1.503,4.552,0.0,6.29,11.33,17.69,25.15,0.0583,0.0256,0.0054,0.1709,-0.6204,25.0
US1934,2023-07,50,80/20,FIX4,0.0,1.0,spliced,15.23,1.078,1.968,5.94,14.77,14.84,14.91,14.96,0.0077,0.0013,0.0008,0.0163,-0.0673,0.0
US1934,2023-07,50,80/20,GK4,0.0,1.0,spliced,0.02,1.296,3.405,3.15,4.3,10.21,18.99,30.52,0.0486,0.0254,0.003,0.0578,-0.2752,7.0
US1934,2023-07,50,80/20,VPW3,0.0,1.0,spliced,0.0,1.649,4.515,0.01,2.01,5.97,12.84,23.72,0.0596,0.0398,0.0156,0.1423,-0.4678,15.0
US1934,2023-07,50,80/20,VPW5,0.0,1.0,spliced,0.0,1.453,3.55,0.0,5.97,11.46,18.81,27.14,0.0529,0.0302,0.0085,0.1403,-0.5815,25.0
US1934,2023-07,50,60/40,FIX4,0.0,1.0,spliced,20.39,1.087,1.968,2.66,19.49,19.52,19.62,19.74,0.0067,0.0013,0.0007,0.0165,-0.0686,0.0
US1934,2023-07,50,60/40,GK4,0.0,1.0,spliced,0.0,1.2,2.544,1.83,4.84,11.99,22.17,35.71,0.0419,0.0311,0.0169,0.0521,-0.2819,9.0
US1934,2023-07,50,60/40,VPW3,0.0,1.0,spliced,0.0,1.495,3.314,0.0,1.88,6.13,13.87,26.4,0.0518,0.0389,0.0202,0.1141,-0.4193,14.0
US1934,2023-07,50,60/40,VPW5,0.0,1.0,spliced,0.0,1.349,2.711,0.0,7.75,16.12,25.72,36.05,0.0445,0.0292,0.0111,0.1125,-0.5759,28.0
US1934,2023-07,50,RSST,FIX4,0.0,1.0,spliced,0.11,1.958,1.969,1448.05,0.1,0.1,0.11,0.11,0.0378,0.0062,0.0015,0.0156,-0.0642,0.0
US1934,2023-07,50,RSST,VPW3,0.0,1.0,spliced,0.0,18.808,166.732,1.02,0.04,0.26,1.23,2.9,0.1851,0.0775,0.0389,0.2624,-0.3544,6.0
US1934,2023-07,50,RSST,VPW5,0.0,1.0,spliced,0.0,12.693,103.068,0.51,0.04,0.1,0.31,0.93,0.2139,0.0967,0.0392,0.2587,-0.4087,9.0
US1934,2023-07,50,RSSB,FIX4,0.0,1.0,spliced,11.0,1.04,1.968,21.32,10.8,10.84,10.87,10.88,0.0086,0.0014,0.0008,0.0161,-0.0663,0.0
US1934,2023-07,50,RSSB,VPW3,0.0,1.0,spliced,0.0,1.999,8.819,0.02,3.24,7.63,14.39,23.69,0.0741,0.0372,0.0119,0.2006,-0.5449,16.0
US1934,2023-07,50,RSSB,VPW5,0.0,1.0,spliced,0.0,1.682,6.501,0.01,5.29,9.65,14.89,20.99,0.0688,0.0278,0.0066,0.1977,-0.6252,23.0
US1934,2023-07,50,5050 RSSB+RSST,FIX4,0.0,1.0,spliced,0.81,1.957,1.969,222.95,0.8,0.8,0.8,0.8,0.0313,0.0033,0.0011,0.0156,-0.0643,0.0
US1934,2023-07,50,5050 RSSB+RSST,VPW3,0.0,1.0,spliced,0.0,6.592,39.337,0.15,0.05,0.51,2.09,6.08,0.135,0.0671,0.0348,0.2167,-0.3906,8.0
US1934,2023-07,50,5050 RSSB+RSST,VPW5,0.0,1.0,spliced,0.0,4.815,25.692,0.07,0.08,0.35,1.18,2.76,0.1451,0.0758,0.0254,0.2134,-0.457,12.0
