sample,age,alloc,rule,rate,ruin_alive,breach_alive,bequest_p10,bequest_p50,bequest_p90,avg_spend_p10,avg_spend_med,spend_y20_p10,spend_y20_med
global_usd_fx,40,80/20,FIX,0.03,1.64,1.48,1.338,7.809,38.818,0.03,0.03,0.03,0.03
global_usd_fx,40,80/20,FIX,0.035,3.9,3.6,0.968,6.499,34.745,0.035,0.035,0.035,0.035
global_usd_fx,40,80/20,FIX,0.04,7.51,6.9,0.445,5.208,30.657,0.04,0.04,0.04,0.04
global_usd_fx,40,80/20,VPW,0.04,0.0,3.49,0.654,1.765,4.816,0.0399,0.0779,0.0338,0.0699
global_usd_fx,40,100/0,FIX,0.03,1.43,1.29,1.547,10.637,61.586,0.03,0.03,0.03,0.03
global_usd_fx,40,100/0,FIX,0.035,3.42,3.14,1.109,9.001,55.658,0.035,0.035,0.035,0.035
global_usd_fx,40,100/0,FIX,0.04,6.83,6.3,0.61,7.468,49.89,0.04,0.04,0.04,0.04
global_usd_fx,40,100/0,VPW,0.04,0.0,3.35,0.763,2.229,7.104,0.0423,0.092,0.0355,0.0774
global_usd_fx,45,80/20,FIX,0.03,1.34,1.14,1.17,6.009,27.06,0.03,0.03,0.03,0.03
global_usd_fx,45,80/20,FIX,0.035,3.22,2.88,0.88,5.039,24.434,0.035,0.035,0.035,0.035
global_usd_fx,45,80/20,FIX,0.04,6.45,5.77,0.429,4.045,21.708,0.04,0.04,0.04,0.04
global_usd_fx,45,80/20,VPW,0.04,0.0,3.2,0.587,1.548,3.994,0.0393,0.0738,0.0347,0.0719
global_usd_fx,45,100/0,FIX,0.03,1.32,1.15,1.307,7.827,41.621,0.03,0.03,0.03,0.03
global_usd_fx,45,100/0,FIX,0.035,2.86,2.54,1.003,6.694,38.121,0.035,0.035,0.035,0.035
global_usd_fx,45,100/0,FIX,0.04,5.58,5.07,0.634,5.554,34.436,0.04,0.04,0.04,0.04
global_usd_fx,45,100/0,VPW,0.04,0.0,3.0,0.685,1.916,5.734,0.0411,0.085,0.0365,0.0802
global_usd_fx,50,80/20,FIX,0.03,1.18,1.06,1.021,4.531,19.324,0.03,0.03,0.03,0.03
global_usd_fx,50,80/20,FIX,0.035,2.77,2.37,0.818,3.839,17.378,0.035,0.035,0.035,0.035
global_usd_fx,50,80/20,FIX,0.04,5.44,4.73,0.521,3.177,15.583,0.04,0.04,0.04,0.04
global_usd_fx,50,80/20,VPW,0.04,0.0,2.69,0.553,1.366,3.262,0.0389,0.0692,0.0361,0.0746
global_usd_fx,50,100/0,FIX,0.03,1.17,1.11,1.101,5.837,27.896,0.03,0.03,0.03,0.03
global_usd_fx,50,100/0,FIX,0.035,2.51,2.31,0.905,5.004,25.413,0.035,0.035,0.035,0.035
global_usd_fx,50,100/0,FIX,0.04,4.88,4.29,0.631,4.239,22.939,0.04,0.04,0.04,0.04
global_usd_fx,50,100/0,VPW,0.04,0.0,2.55,0.626,1.635,4.482,0.0399,0.0781,0.0377,0.0833
global_usd_fx,55,80/20,FIX,0.03,0.58,0.47,1.0,3.553,13.998,0.03,0.03,0.03,0.03
global_usd_fx,55,80/20,FIX,0.035,1.72,1.38,0.81,3.04,12.704,0.035,0.035,0.035,0.035
global_usd_fx,55,80/20,FIX,0.04,3.78,3.12,0.555,2.578,11.425,0.04,0.04,0.04,0.04
global_usd_fx,55,80/20,VPW,0.04,0.0,1.86,0.527,1.229,2.763,0.0398,0.0656,0.0381,0.0781
global_usd_fx,55,100/0,FIX,0.03,0.62,0.48,1.041,4.373,19.896,0.03,0.03,0.03,0.03
global_usd_fx,55,100/0,FIX,0.035,1.61,1.34,0.895,3.807,18.236,0.035,0.035,0.035,0.035
global_usd_fx,55,100/0,FIX,0.04,3.32,2.8,0.658,3.234,16.557,0.04,0.04,0.04,0.04
global_usd_fx,55,100/0,VPW,0.04,0.0,1.89,0.591,1.438,3.726,0.0408,0.0722,0.0399,0.0866
global_usd_fx,60,80/20,FIX,0.03,0.47,0.32,0.947,2.81,9.854,0.03,0.03,0.03,0.03
global_usd_fx,60,80/20,FIX,0.035,1.2,0.98,0.795,2.463,8.995,0.035,0.035,0.035,0.035
global_usd_fx,60,80/20,FIX,0.04,2.78,2.21,0.604,2.135,8.213,0.04,0.04,0.04,0.04
global_usd_fx,60,80/20,VPW,0.04,0.0,1.55,0.492,1.104,2.336,0.0407,0.0637,0.0402,0.0829
global_usd_fx,60,100/0,FIX,0.03,0.49,0.4,0.993,3.311,13.314,0.03,0.03,0.03,0.03
global_usd_fx,60,100/0,FIX,0.035,1.2,0.99,0.855,2.931,12.328,0.035,0.035,0.035,0.035
global_usd_fx,60,100/0,FIX,0.04,2.63,2.07,0.658,2.556,11.273,0.04,0.04,0.04,0.04
global_usd_fx,60,100/0,VPW,0.04,0.0,1.57,0.537,1.248,3.055,0.0416,0.069,0.0422,0.0921
global_usd_fx,65,80/20,FIX,0.03,0.27,0.17,0.904,2.256,7.109,0.03,0.03,0.03,0.03
global_usd_fx,65,80/20,FIX,0.035,0.61,0.46,0.787,2.031,6.534,0.035,0.035,0.035,0.035
global_usd_fx,65,80/20,FIX,0.04,1.55,1.07,0.641,1.801,6.0,0.04,0.04,0.04,0.04
global_usd_fx,65,80/20,VPW,0.04,0.0,1.06,0.47,1.02,2.011,0.0426,0.063,0.0434,0.0887
global_usd_fx,65,100/0,FIX,0.03,0.29,0.2,0.941,2.567,9.295,0.03,0.03,0.03,0.03
global_usd_fx,65,100/0,FIX,0.035,0.67,0.55,0.816,2.315,8.6,0.035,0.035,0.035,0.035
global_usd_fx,65,100/0,FIX,0.04,1.61,1.11,0.678,2.076,7.911,0.04,0.04,0.04,0.04
global_usd_fx,65,100/0,VPW,0.04,0.0,1.02,0.508,1.129,2.508,0.0431,0.067,0.0454,0.0989
global_usd_fx0,40,80/20,FIX,0.03,3.32,2.94,0.89,5.116,25.273,0.03,0.03,0.03,0.03
global_usd_fx0,40,80/20,FIX,0.035,6.85,6.31,0.423,4.079,22.303,0.035,0.035,0.035,0.035
global_usd_fx0,40,80/20,FIX,0.04,12.27,11.25,0.0,3.132,19.551,0.0342,0.04,0.04,0.04
global_usd_fx0,40,80/20,VPW,0.04,0.0,6.58,0.463,1.313,3.486,0.0355,0.0648,0.0293,0.0607
global_usd_fx0,40,100/0,FIX,0.03,2.82,2.56,1.039,7.056,40.409,0.03,0.03,0.03,0.03
global_usd_fx0,40,100/0,FIX,0.035,6.17,5.71,0.583,5.818,35.957,0.035,0.035,0.035,0.035
global_usd_fx0,40,100/0,FIX,0.04,10.43,9.75,0.0,4.563,31.938,0.0381,0.04,0.04,0.04
global_usd_fx0,40,100/0,VPW,0.04,0.0,5.94,0.558,1.656,5.082,0.0373,0.0758,0.0308,0.0673
global_usd_fx0,45,80/20,FIX,0.03,2.62,2.34,0.815,4.073,18.34,0.03,0.03,0.03,0.03
global_usd_fx0,45,80/20,FIX,0.035,5.8,5.11,0.434,3.307,16.282,0.035,0.035,0.035,0.035
global_usd_fx0,45,80/20,FIX,0.04,10.68,9.7,0.0,2.564,14.33,0.0376,0.04,0.04,0.04
global_usd_fx0,45,80/20,VPW,0.04,0.0,5.72,0.434,1.2,3.007,0.0355,0.0625,0.0301,0.0625
global_usd_fx0,45,100/0,FIX,0.03,2.37,2.16,0.976,5.455,28.703,0.03,0.03,0.03,0.03
global_usd_fx0,45,100/0,FIX,0.035,5.0,4.52,0.606,4.504,25.759,0.035,0.035,0.035,0.035
global_usd_fx0,45,100/0,FIX,0.04,9.1,8.28,0.134,3.616,23.113,0.04,0.04,0.04,0.04
global_usd_fx0,45,100/0,VPW,0.04,0.0,5.06,0.515,1.469,4.286,0.0373,0.0719,0.0317,0.0697
global_usd_fx0,50,80/20,FIX,0.03,2.18,1.83,0.774,3.223,13.676,0.03,0.03,0.03,0.03
global_usd_fx0,50,80/20,FIX,0.035,4.88,4.22,0.512,2.698,12.245,0.035,0.035,0.035,0.035
global_usd_fx0,50,80/20,FIX,0.04,8.57,7.57,0.141,2.189,10.761,0.04,0.04,0.04,0.04
global_usd_fx0,50,80/20,VPW,0.04,0.0,4.73,0.423,1.09,2.55,0.0357,0.0603,0.0314,0.0649
global_usd_fx0,50,100/0,FIX,0.03,2.07,1.8,0.867,4.196,19.788,0.03,0.03,0.03,0.03
global_usd_fx0,50,100/0,FIX,0.035,4.31,3.74,0.613,3.553,18.023,0.035,0.035,0.035,0.035
global_usd_fx0,50,100/0,FIX,0.04,7.72,6.78,0.264,2.908,16.049,0.04,0.04,0.04,0.04
global_usd_fx0,50,100/0,VPW,0.04,0.0,4.3,0.482,1.301,3.498,0.037,0.0676,0.0328,0.0724
global_usd_fx0,55,80/20,FIX,0.03,1.32,1.01,0.778,2.659,10.255,0.03,0.03,0.03,0.03
global_usd_fx0,55,80/20,FIX,0.035,3.21,2.59,0.545,2.269,9.213,0.035,0.035,0.035,0.035
global_usd_fx0,55,80/20,FIX,0.04,6.81,5.47,0.251,1.882,8.162,0.04,0.04,0.04,0.04
global_usd_fx0,55,80/20,VPW,0.04,0.0,3.72,0.415,1.021,2.242,0.0367,0.0585,0.0332,0.0679
global_usd_fx0,55,100/0,FIX,0.03,1.22,1.0,0.858,3.284,14.708,0.03,0.03,0.03,0.03
global_usd_fx0,55,100/0,FIX,0.035,2.81,2.33,0.641,2.811,13.339,0.035,0.035,0.035,0.035
global_usd_fx0,55,100/0,FIX,0.04,5.82,4.83,0.351,2.367,12.019,0.04,0.04,0.04,0.04
global_usd_fx0,55,100/0,VPW,0.04,0.0,3.3,0.468,1.18,2.975,0.0379,0.0641,0.0347,0.0753
global_usd_fx0,60,80/20,FIX,0.03,0.92,0.74,0.768,2.218,7.582,0.03,0.03,0.03,0.03
global_usd_fx0,60,80/20,FIX,0.035,2.16,1.65,0.585,1.933,6.88,0.035,0.035,0.035,0.035
global_usd_fx0,60,80/20,FIX,0.04,4.6,3.63,0.388,1.65,6.207,0.04,0.04,0.04,0.04
global_usd_fx0,60,80/20,VPW,0.04,0.0,2.94,0.397,0.956,1.967,0.0378,0.0579,0.0349,0.0721
global_usd_fx0,60,100/0,FIX,0.03,0.94,0.67,0.821,2.619,10.331,0.03,0.03,0.03,0.03
global_usd_fx0,60,100/0,FIX,0.035,2.05,1.63,0.643,2.297,9.454,0.035,0.035,0.035,0.035
global_usd_fx0,60,100/0,FIX,0.04,4.22,3.3,0.437,1.988,8.567,0.04,0.04,0.04,0.04
global_usd_fx0,60,100/0,VPW,0.04,0.0,2.56,0.436,1.063,2.526,0.0388,0.0625,0.0366,0.0801
global_usd_fx0,65,80/20,FIX,0.03,0.44,0.35,0.76,1.869,5.691,0.03,0.03,0.03,0.03
global_usd_fx0,65,80/20,FIX,0.035,1.22,0.81,0.621,1.663,5.202,0.035,0.035,0.035,0.035
global_usd_fx0,65,80/20,FIX,0.04,2.81,1.97,0.465,1.464,4.709,0.04,0.04,0.04,0.04
global_usd_fx0,65,80/20,VPW,0.04,0.0,2.0,0.39,0.907,1.741,0.0399,0.0583,0.0377,0.0771
global_usd_fx0,65,100/0,FIX,0.03,0.52,0.42,0.792,2.133,7.431,0.03,0.03,0.03,0.03
global_usd_fx0,65,100/0,FIX,0.035,1.15,0.78,0.658,1.911,6.83,0.035,0.035,0.035,0.035
global_usd_fx0,65,100/0,FIX,0.04,2.79,1.94,0.512,1.692,6.313,0.04,0.04,0.04,0.04
global_usd_fx0,65,100/0,VPW,0.04,0.0,1.85,0.423,1.0,2.158,0.0404,0.062,0.0394,0.086
global_usd_nofx,40,80/20,FIX,0.03,1.64,1.47,1.157,5.852,24.405,0.03,0.03,0.03,0.03
global_usd_nofx,40,80/20,FIX,0.035,4.28,3.9,0.769,4.709,21.602,0.035,0.035,0.035,0.035
global_usd_nofx,40,80/20,FIX,0.04,8.71,7.99,0.162,3.658,18.571,0.04,0.04,0.04,0.04
global_usd_nofx,40,80/20,VPW,0.04,0.0,3.24,0.555,1.405,3.315,0.0378,0.0675,0.0323,0.0628
global_usd_nofx,40,100/0,FIX,0.03,1.57,1.45,1.334,7.9,39.396,0.03,0.03,0.03,0.03
global_usd_nofx,40,100/0,FIX,0.035,3.7,3.44,0.948,6.563,35.182,0.035,0.035,0.035,0.035
global_usd_nofx,40,100/0,FIX,0.04,7.8,7.2,0.349,5.22,31.236,0.04,0.04,0.04,0.04
global_usd_nofx,40,100/0,VPW,0.04,0.0,3.28,0.65,1.758,4.973,0.04,0.0785,0.0338,0.07
global_usd_nofx,45,80/20,FIX,0.03,1.5,1.26,1.04,4.54,18.151,0.03,0.03,0.03,0.03
global_usd_nofx,45,80/20,FIX,0.035,3.5,3.15,0.737,3.744,16.044,0.035,0.035,0.035,0.035
global_usd_nofx,45,80/20,FIX,0.04,7.71,6.83,0.258,2.934,14.035,0.04,0.04,0.04,0.04
global_usd_nofx,45,80/20,VPW,0.04,0.0,3.14,0.521,1.283,2.879,0.0376,0.0646,0.0329,0.0652
global_usd_nofx,45,100/0,FIX,0.03,1.39,1.21,1.141,5.965,28.502,0.03,0.03,0.03,0.03
global_usd_nofx,45,100/0,FIX,0.035,3.2,2.86,0.861,5.006,25.825,0.035,0.035,0.035,0.035
global_usd_nofx,45,100/0,FIX,0.04,6.77,5.97,0.417,4.098,23.072,0.04,0.04,0.04,0.04
global_usd_nofx,45,100/0,VPW,0.04,0.0,2.99,0.606,1.571,4.15,0.0392,0.0738,0.0349,0.073
global_usd_nofx,50,80/20,FIX,0.03,1.21,1.03,0.957,3.562,13.333,0.03,0.03,0.03,0.03
global_usd_nofx,50,80/20,FIX,0.035,2.86,2.53,0.706,2.966,11.861,0.035,0.035,0.035,0.035
global_usd_nofx,50,80/20,FIX,0.04,6.21,5.47,0.354,2.451,10.408,0.04,0.04,0.04,0.04
global_usd_nofx,50,80/20,VPW,0.04,0.0,2.59,0.489,1.146,2.441,0.0379,0.062,0.0342,0.0673
global_usd_nofx,50,100/0,FIX,0.03,1.17,1.05,1.021,4.548,19.731,0.03,0.03,0.03,0.03
global_usd_nofx,50,100/0,FIX,0.035,2.86,2.59,0.798,3.866,17.772,0.035,0.035,0.035,0.035
global_usd_nofx,50,100/0,FIX,0.04,5.71,5.01,0.482,3.204,15.856,0.04,0.04,0.04,0.04
global_usd_nofx,50,100/0,VPW,0.04,0.0,2.84,0.556,1.369,3.318,0.0389,0.0693,0.036,0.0752
global_usd_nofx,55,80/20,FIX,0.03,0.58,0.4,0.94,2.875,10.169,0.03,0.03,0.03,0.03
global_usd_nofx,55,80/20,FIX,0.035,1.71,1.43,0.722,2.447,9.026,0.035,0.035,0.035,0.035
global_usd_nofx,55,80/20,FIX,0.04,4.12,3.28,0.454,2.059,8.01,0.04,0.04,0.04,0.04
global_usd_nofx,55,80/20,VPW,0.04,0.0,1.7,0.473,1.062,2.16,0.0389,0.0602,0.0359,0.0702
global_usd_nofx,55,100/0,FIX,0.03,0.6,0.47,1.0,3.526,14.889,0.03,0.03,0.03,0.03
global_usd_nofx,55,100/0,FIX,0.035,1.62,1.32,0.802,3.048,13.52,0.035,0.035,0.035,0.035
global_usd_nofx,55,100/0,FIX,0.04,3.69,2.99,0.548,2.592,12.151,0.04,0.04,0.04,0.04
global_usd_nofx,55,100/0,VPW,0.04,0.0,1.7,0.527,1.228,2.91,0.0402,0.0658,0.038,0.079
global_usd_nofx,60,80/20,FIX,0.03,0.48,0.37,0.886,2.372,7.357,0.03,0.03,0.03,0.03
global_usd_nofx,60,80/20,FIX,0.035,1.29,1.0,0.732,2.08,6.618,0.035,0.035,0.035,0.035
global_usd_nofx,60,80/20,FIX,0.04,2.81,2.18,0.527,1.786,5.902,0.04,0.04,0.04,0.04
global_usd_nofx,60,80/20,VPW,0.04,0.0,1.55,0.448,0.992,1.91,0.04,0.0591,0.038,0.0751
global_usd_nofx,60,100/0,FIX,0.03,0.51,0.39,0.934,2.765,10.095,0.03,0.03,0.03,0.03
global_usd_nofx,60,100/0,FIX,0.035,1.24,0.93,0.768,2.436,9.189,0.035,0.035,0.035,0.035
global_usd_nofx,60,100/0,FIX,0.04,2.78,2.14,0.583,2.122,8.28,0.04,0.04,0.04,0.04
global_usd_nofx,60,100/0,VPW,0.04,0.0,1.47,0.493,1.106,2.446,0.0407,0.0638,0.0405,0.0836
global_usd_nofx,65,80/20,FIX,0.03,0.24,0.15,0.862,1.978,5.47,0.03,0.03,0.03,0.03
global_usd_nofx,65,80/20,FIX,0.035,0.69,0.44,0.734,1.765,4.997,0.035,0.035,0.035,0.035
global_usd_nofx,65,80/20,FIX,0.04,1.57,1.09,0.59,1.563,4.512,0.04,0.04,0.04,0.04
global_usd_nofx,65,80/20,VPW,0.04,0.0,1.27,0.437,0.934,1.672,0.0419,0.0594,0.0411,0.0797
global_usd_nofx,65,100/0,FIX,0.03,0.33,0.19,0.9,2.26,7.22,0.03,0.03,0.03,0.03
global_usd_nofx,65,100/0,FIX,0.035,0.77,0.5,0.769,2.038,6.649,0.035,0.035,0.035,0.035
global_usd_nofx,65,100/0,FIX,0.04,1.72,1.11,0.62,1.802,6.084,0.04,0.04,0.04,0.04
global_usd_nofx,65,100/0,VPW,0.04,0.0,1.3,0.471,1.031,2.102,0.0425,0.0633,0.0433,0.0897
us_usd_fx,40,80/20,FIX,0.03,1.87,1.73,1.259,8.513,43.701,0.03,0.03,0.03,0.03
us_usd_fx,40,80/20,FIX,0.035,4.38,4.06,0.831,7.116,39.328,0.035,0.035,0.035,0.035
us_usd_fx,40,80/20,FIX,0.04,8.26,7.65,0.268,5.801,34.845,0.04,0.04,0.04,0.04
us_usd_fx,40,80/20,VPW,0.04,0.0,4.25,0.657,1.865,5.454,0.0394,0.0826,0.033,0.0734
us_usd_fx,40,100/0,FIX,0.03,2.14,1.99,1.329,11.312,68.056,0.03,0.03,0.03,0.03
us_usd_fx,40,100/0,FIX,0.035,4.79,4.48,0.889,9.504,61.489,0.035,0.035,0.035,0.035
us_usd_fx,40,100/0,FIX,0.04,8.57,7.99,0.28,7.864,55.601,0.04,0.04,0.04,0.04
us_usd_fx,40,100/0,VPW,0.04,0.0,4.99,0.738,2.323,8.01,0.0412,0.0966,0.0333,0.0806
us_usd_fx,45,80/20,FIX,0.03,1.64,1.48,1.102,6.272,31.096,0.03,0.03,0.03,0.03
us_usd_fx,45,80/20,FIX,0.035,3.68,3.25,0.803,5.271,28.276,0.035,0.035,0.035,0.035
us_usd_fx,45,80/20,FIX,0.04,7.32,6.58,0.344,4.314,25.194,0.04,0.04,0.04,0.04
us_usd_fx,45,80/20,VPW,0.04,0.0,3.47,0.589,1.642,4.396,0.0385,0.0761,0.0335,0.075
us_usd_fx,45,100/0,FIX,0.03,1.85,1.68,1.154,7.894,46.714,0.03,0.03,0.03,0.03
us_usd_fx,45,100/0,FIX,0.035,4.01,3.68,0.823,6.737,42.365,0.035,0.035,0.035,0.035
us_usd_fx,45,100/0,FIX,0.04,7.81,7.13,0.331,5.619,38.711,0.04,0.04,0.04,0.04
us_usd_fx,45,100/0,VPW,0.04,0.0,4.09,0.642,1.992,6.314,0.0395,0.087,0.0339,0.0837
us_usd_fx,50,80/20,FIX,0.03,1.31,1.15,0.978,4.864,21.497,0.03,0.03,0.03,0.03
us_usd_fx,50,80/20,FIX,0.035,3.34,2.91,0.708,4.197,19.401,0.035,0.035,0.035,0.035
us_usd_fx,50,80/20,FIX,0.04,6.46,5.62,0.387,3.514,17.421,0.04,0.04,0.04,0.04
us_usd_fx,50,80/20,VPW,0.04,0.0,3.07,0.539,1.446,3.666,0.0382,0.0721,0.0348,0.0782
us_usd_fx,50,100/0,FIX,0.03,1.78,1.52,0.971,6.042,30.881,0.03,0.03,0.03,0.03
us_usd_fx,50,100/0,FIX,0.035,3.85,3.33,0.718,5.232,28.264,0.035,0.035,0.035,0.035
us_usd_fx,50,100/0,FIX,0.04,6.67,5.95,0.387,4.426,25.802,0.04,0.04,0.04,0.04
us_usd_fx,50,100/0,VPW,0.04,0.0,3.64,0.579,1.713,5.037,0.0387,0.0812,0.035,0.0864
us_usd_fx,55,80/20,FIX,0.03,0.93,0.73,0.959,3.757,15.526,0.03,0.03,0.03,0.03
us_usd_fx,55,80/20,FIX,0.035,2.2,1.77,0.749,3.252,14.109,0.035,0.035,0.035,0.035
us_usd_fx,55,80/20,FIX,0.04,4.6,3.88,0.482,2.77,12.773,0.04,0.04,0.04,0.04
us_usd_fx,55,80/20,VPW,0.04,0.0,2.1,0.528,1.286,3.057,0.039,0.069,0.0368,0.081
us_usd_fx,55,100/0,FIX,0.03,1.14,0.98,0.975,4.455,21.984,0.03,0.03,0.03,0.03
us_usd_fx,55,100/0,FIX,0.035,2.71,2.26,0.762,3.892,20.076,0.035,0.035,0.035,0.035
us_usd_fx,55,100/0,FIX,0.04,5.03,4.44,0.494,3.353,18.427,0.04,0.04,0.04,0.04
us_usd_fx,55,100/0,VPW,0.04,0.0,2.65,0.572,1.478,4.061,0.0395,0.0757,0.0371,0.0896
us_usd_fx,60,80/20,FIX,0.03,0.63,0.49,0.88,2.947,10.967,0.03,0.03,0.03,0.03
us_usd_fx,60,80/20,FIX,0.035,1.64,1.29,0.717,2.607,10.039,0.035,0.035,0.035,0.035
us_usd_fx,60,80/20,FIX,0.04,3.51,2.74,0.527,2.263,9.108,0.04,0.04,0.04,0.04
us_usd_fx,60,80/20,VPW,0.04,0.0,1.86,0.486,1.164,2.549,0.0394,0.0667,0.0381,0.0872
us_usd_fx,60,100/0,FIX,0.03,0.83,0.69,0.863,3.416,14.866,0.03,0.03,0.03,0.03
us_usd_fx,60,100/0,FIX,0.035,2.03,1.69,0.702,3.028,13.767,0.035,0.035,0.035,0.035
us_usd_fx,60,100/0,FIX,0.04,3.96,3.14,0.516,2.669,12.634,0.04,0.04,0.04,0.04
us_usd_fx,60,100/0,VPW,0.04,0.0,2.34,0.507,1.314,3.304,0.0393,0.0722,0.0386,0.0968
us_usd_fx,65,80/20,FIX,0.03,0.34,0.26,0.864,2.331,7.816,0.03,0.03,0.03,0.03
us_usd_fx,65,80/20,FIX,0.035,0.97,0.64,0.734,2.1,7.226,0.035,0.035,0.035,0.035
us_usd_fx,65,80/20,FIX,0.04,2.2,1.49,0.596,1.885,6.608,0.04,0.04,0.04,0.04
us_usd_fx,65,80/20,VPW,0.04,0.0,1.31,0.464,1.068,2.144,0.0414,0.065,0.0423,0.0935
us_usd_fx,65,100/0,FIX,0.03,0.54,0.43,0.858,2.645,10.437,0.03,0.03,0.03,0.03
us_usd_fx,65,100/0,FIX,0.035,1.31,0.98,0.723,2.385,9.673,0.035,0.035,0.035,0.035
us_usd_fx,65,100/0,FIX,0.04,2.51,1.85,0.573,2.146,8.892,0.04,0.04,0.04,0.04
us_usd_fx,65,100/0,VPW,0.04,0.0,1.62,0.486,1.179,2.699,0.0412,0.0692,0.0426,0.1036
